2026-07-27 16:40:51,370 INFO: 
                ____                _       _____  ____
               / __ ) ____ _ _____ (_)_____/ ___/ / __ \
              / __  |/ __ `// ___// // ___/\__ \ / /_/ /
             / /_/ // /_/ /(__  )/ // /__ ___/ // _, _/
            /_____/ \__,_//____//_/ \___//____//_/ |_|
     ______                   __   __                 __      __
    / ____/____   ____   ____/ /  / /   __  __ _____ / /__   / /
   / / __ / __ \ / __ \ / __  /  / /   / / / // ___// //_/  / /
  / /_/ // /_/ // /_/ // /_/ /  / /___/ /_/ // /__ / /<    /_/
  \____/ \____/ \____/ \____/  /_____/\____/ \___//_/|_|  (_)
    
Version Information: 
	BasicSR: 1.4.2
	PyTorch: 2.4.1+cu121
	TorchVision: 0.19.1+cu121
2026-07-27 16:40:51,370 INFO: 
  name: 000_UPSR_RealSR_x4
  model_target: basicsr.models.my_model.UPSRRealModel
  scale: 4
  num_gpu: 1
  manual_seed: 0
  queue_size: 160
  datasets:[
    train:[
      name: DIV2K
      type: RealESRGANDataset
      dataroot_gt: datasets/train
      filename_tmpl: {}
      io_backend:[
        type: disk
      ]
      mean: 0.5
      std: 0.5
      blur_kernel_size: 21
      kernel_list: ['iso', 'aniso', 'generalized_iso', 'generalized_aniso', 'plateau_iso', 'plateau_aniso']
      kernel_prob: [0.45, 0.25, 0.12, 0.03, 0.12, 0.03]
      sinc_prob: 0.1
      blur_sigma: [0.2, 3]
      betag_range: [0.5, 4]
      betap_range: [1, 2]
      blur_kernel_size2: 15
      kernel_list2: ['iso', 'aniso', 'generalized_iso', 'generalized_aniso', 'plateau_iso', 'plateau_aniso']
      kernel_prob2: [0.45, 0.25, 0.12, 0.03, 0.12, 0.03]
      sinc_prob2: 0.1
      blur_sigma2: [0.2, 1.5]
      betag_range2: [0.5, 4]
      betap_range2: [1, 2]
      final_sinc_prob: 0.8
      gt_size: 256
      rescale_gt: False
      crop_pad_size: 256
      use_hflip: True
      use_rot: True
      num_worker_per_gpu: 1
      batch_size_per_gpu: 1
      micro_batchsize: 1
      dataset_enlarge_ratio: 1
      phase: train
      scale: 4
    ]
    val_2:[
      name: RealSRV3
      type: PairedImageDataset
      dataroot_gt: datasets/test/RealSR_test/HR
      dataroot_lq: datasets/test/RealSR_test/LR/4
      io_backend:[
        type: disk
      ]
      phase: val
      scale: 4
    ]
  ]
  degradation:[
    scale: 4
    resize_prob: [0.2, 0.7, 0.1]
    resize_range: [0.15, 1.5]
    gaussian_noise_prob: 0.5
    noise_range: [1, 30]
    poisson_scale_range: [0.05, 3.0]
    gray_noise_prob: 0.4
    jpeg_range: [30, 95]
    second_order_prob: 0.5
    second_blur_prob: 0.8
    resize_prob2: [0.3, 0.4, 0.3]
    resize_range2: [0.3, 1.2]
    gaussian_noise_prob2: 0.5
    noise_range2: [1, 25]
    poisson_scale_range2: [0.05, 2.5]
    gray_noise_prob2: 0.4
    jpeg_range2: [30, 95]
    gt_size: 256
    resize_back: False
    use_sharp: False
  ]
  network_g:[
    target: models.my_swin_unet_arch.UNetModelSwin
    params:[
      image_size: 64
      in_channels: 51
      model_channels: 160
      out_channels: 3
      attention_resolutions: [64, 32, 16, 8]
      dropout: 0
      channel_mult: [1, 2, 2, 4]
      num_res_blocks: [2, 2, 2, 2]
      conv_resample: True
      dims: 2
      use_fp16: False
      num_head_channels: 32
      use_scale_shift_norm: True
      resblock_updown: False
      swin_depth: 2
      swin_embed_dim: 192
      window_size: 8
      mlp_ratio: 4
      cond_lq: True
      lq_size: 64
      num_feat: 128
    ]
  ]
  diffusion:[
    min_noise: 0.4
    target: models.script_util.create_gaussian_diffusion
    params:[
      sf: 4
      schedule_name: exponential
      schedule_kwargs:[
        power: 0.2
      ]
      etas_end: 0.99
      steps: 5
      min_noise_level: 0.2
      kappa: 2.5
      weighted_mse: False
      predict_type: xstart
      timestep_respacing: None
      scale_factor: 1.0
      normalize_input: True
      latent_flag: False
    ]
  ]
  path:[
    pretrain_network_g: None
    strict_load_g: True
    resume_state: None
    experiments_root: /mnt/data/tianjiaxing/UPSR-main/experiments/000_UPSR_RealSR_x4
    models: /mnt/data/tianjiaxing/UPSR-main/experiments/000_UPSR_RealSR_x4/models
    training_states: /mnt/data/tianjiaxing/UPSR-main/experiments/000_UPSR_RealSR_x4/training_states
    log: /mnt/data/tianjiaxing/UPSR-main/experiments/000_UPSR_RealSR_x4
    visualization: /mnt/data/tianjiaxing/UPSR-main/experiments/000_UPSR_RealSR_x4/visualization
  ]
  train:[
    use_fp16: True
    ema_decay: 0.999
    optim_g:[
      type: AdamW
      lr: 0.0001
      weight_decay: 0
    ]
    scheduler:[
      type: MultiStepLR
      milestones: [100000, 160000]
      gamma: 0.5
    ]
    total_iter: 300000
    warmup_iter: 5000
    pixel_opt:[
      type: L1Loss
      loss_weight: 1.0
      reduction: mean
    ]
    perceptual_opt:[
      lpips_weight: 0.5
    ]
  ]
  val:[
    val_freq: 5000
    suffix: None
    save_img: True
    pbar: True
    desired_min_size: 64
    chop_size: 512
    chop_stride: 448
    chop_bs: 1
    noise_repeat: False
    metrics:[
      psnr:[
        fr: True
      ]
      ssim:[
        fr: True
      ]
      lpips:[
        fr: True
        better: lower
      ]
    ]
  ]
  logger:[
    print_freq: 100
    save_checkpoint_freq: 10000.0
    use_tb_logger: True
    wandb:[
      project: None
      resume_id: None
    ]
  ]
  dist_params:[
    backend: nccl
    port: 29500
  ]
  dist: False
  rank: 0
  world_size: 1
  auto_resume: False
  is_train: True
  root_path: /mnt/data/tianjiaxing/UPSR-main

2026-07-27 16:40:51,467 INFO: Dataset [RealESRGANDataset] - DIV2K is built.
2026-07-27 16:40:51,467 INFO: Training statistics:
	Number of train images: 800
	Dataset enlarge ratio: 1
	Batch size per gpu: 1
	World size (gpu number): 1
	Require iter number per epoch: 800
	Total epochs: 375; iters: 300000.
2026-07-27 16:40:51,469 INFO: Dataset [PairedImageDataset] - RealSRV3 is built.
2026-07-27 16:40:51,469 INFO: Number of val images/folders in RealSRV3: 100
2026-07-27 16:40:51,476 INFO: Network [SpacedDiffusion] is created.
2026-07-27 16:40:52,158 INFO: Network [UNetModelSwin] is created.
2026-07-27 16:40:52,367 INFO: Network: UNetModelSwin, with parameters: 119,391,628
2026-07-27 16:40:52,368 INFO: UNetModelSwin(
  (time_embed): Sequential(
    (0): Linear(in_features=160, out_features=640, bias=True)
    (1): SiLU()
    (2): Linear(in_features=640, out_features=640, bias=True)
  )
  (feature_extractor): Identity()
  (input_blocks): ModuleList(
    (0): TimestepEmbedSequential(
      (0): Conv2d(51, 160, kernel_size=(3, 3), stride=(1, 1), padding=(1, 1))
    )
    (1): TimestepEmbedSequential(
      (0): ResBlock(
        (in_layers): Sequential(
          (0): GroupNorm32(32, 160, eps=1e-05, affine=True)
          (1): SiLU()
          (2): Conv2d(160, 160, kernel_size=(3, 3), stride=(1, 1), padding=(1, 1))
        )
        (h_upd): Identity()
        (x_upd): Identity()
        (emb_layers): Sequential(
          (0): SiLU()
          (1): Linear(in_features=640, out_features=320, bias=True)
        )
        (out_layers): Sequential(
          (0): GroupNorm32(32, 160, eps=1e-05, affine=True)
          (1): SiLU()
          (2): Dropout(p=0, inplace=False)
          (3): Conv2d(160, 160, kernel_size=(3, 3), stride=(1, 1), padding=(1, 1))
        )
        (skip_connection): Identity()
      )
      (1): BasicLayer(
        (patch_embed): PatchEmbed(
          (proj): Conv2d(160, 192, kernel_size=(1, 1), stride=(1, 1))
          (norm): Identity()
        )
        (patch_unembed): PatchUnEmbed(
          (proj): Conv2d(192, 160, kernel_size=(1, 1), stride=(1, 1))
          (norm): Identity()
        )
        (blocks): ModuleList(
          (0): SwinTransformerBlock(
            dim=192, input_resolution=[64, 64], num_heads=6, window_size=8, shift_size=0, mlp_ratio=4
            (norm1): GroupNorm32(32, 192, eps=1e-05, affine=True)
            (attn): WindowAttention(
              dim=192, window_size=(8, 8), num_heads=6
              (qkv): Linear(in_features=192, out_features=576, bias=True)
              (attn_drop): Dropout(p=0.0, inplace=False)
              (proj): Linear(in_features=192, out_features=192, bias=True)
              (proj_drop): Dropout(p=0, inplace=False)
              (softmax): Softmax(dim=-1)
            )
            (drop_path): Identity()
            (norm2): GroupNorm32(32, 192, eps=1e-05, affine=True)
            (mlp): Mlp(
              (fc1): Conv2d(192, 768, kernel_size=(1, 1), stride=(1, 1))
              (act): GELU(approximate='none')
              (fc2): Conv2d(768, 192, kernel_size=(1, 1), stride=(1, 1))
              (drop): Dropout(p=0, inplace=False)
            )
          )
          (1): SwinTransformerBlock(
            dim=192, input_resolution=[64, 64], num_heads=6, window_size=8, shift_size=4, mlp_ratio=4
            (norm1): GroupNorm32(32, 192, eps=1e-05, affine=True)
            (attn): WindowAttention(
              dim=192, window_size=(8, 8), num_heads=6
              (qkv): Linear(in_features=192, out_features=576, bias=True)
              (attn_drop): Dropout(p=0.0, inplace=False)
              (proj): Linear(in_features=192, out_features=192, bias=True)
              (proj_drop): Dropout(p=0, inplace=False)
              (softmax): Softmax(dim=-1)
            )
            (drop_path): Identity()
            (norm2): GroupNorm32(32, 192, eps=1e-05, affine=True)
            (mlp): Mlp(
              (fc1): Conv2d(192, 768, kernel_size=(1, 1), stride=(1, 1))
              (act): GELU(approximate='none')
              (fc2): Conv2d(768, 192, kernel_size=(1, 1), stride=(1, 1))
              (drop): Dropout(p=0, inplace=False)
            )
          )
        )
      )
    )
    (2): TimestepEmbedSequential(
      (0): ResBlock(
        (in_layers): Sequential(
          (0): GroupNorm32(32, 160, eps=1e-05, affine=True)
          (1): SiLU()
          (2): Conv2d(160, 160, kernel_size=(3, 3), stride=(1, 1), padding=(1, 1))
        )
        (h_upd): Identity()
        (x_upd): Identity()
        (emb_layers): Sequential(
          (0): SiLU()
          (1): Linear(in_features=640, out_features=320, bias=True)
        )
        (out_layers): Sequential(
          (0): GroupNorm32(32, 160, eps=1e-05, affine=True)
          (1): SiLU()
          (2): Dropout(p=0, inplace=False)
          (3): Conv2d(160, 160, kernel_size=(3, 3), stride=(1, 1), padding=(1, 1))
        )
        (skip_connection): Identity()
      )
    )
    (3): TimestepEmbedSequential(
      (0): Downsample(
        (op): Conv2d(160, 160, kernel_size=(3, 3), stride=(2, 2), padding=(1, 1))
      )
    )
    (4): TimestepEmbedSequential(
      (0): ResBlock(
        (in_layers): Sequential(
          (0): GroupNorm32(32, 160, eps=1e-05, affine=True)
          (1): SiLU()
          (2): Conv2d(160, 320, kernel_size=(3, 3), stride=(1, 1), padding=(1, 1))
        )
        (h_upd): Identity()
        (x_upd): Identity()
        (emb_layers): Sequential(
          (0): SiLU()
          (1): Linear(in_features=640, out_features=640, bias=True)
        )
        (out_layers): Sequential(
          (0): GroupNorm32(32, 320, eps=1e-05, affine=True)
          (1): SiLU()
          (2): Dropout(p=0, inplace=False)
          (3): Conv2d(320, 320, kernel_size=(3, 3), stride=(1, 1), padding=(1, 1))
        )
        (skip_connection): Conv2d(160, 320, kernel_size=(1, 1), stride=(1, 1))
      )
      (1): BasicLayer(
        (patch_embed): PatchEmbed(
          (proj): Conv2d(320, 192, kernel_size=(1, 1), stride=(1, 1))
          (norm): Identity()
        )
        (patch_unembed): PatchUnEmbed(
          (proj): Conv2d(192, 320, kernel_size=(1, 1), stride=(1, 1))
          (norm): Identity()
        )
        (blocks): ModuleList(
          (0): SwinTransformerBlock(
            dim=192, input_resolution=[32, 32], num_heads=6, window_size=8, shift_size=0, mlp_ratio=4
            (norm1): GroupNorm32(32, 192, eps=1e-05, affine=True)
            (attn): WindowAttention(
              dim=192, window_size=(8, 8), num_heads=6
              (qkv): Linear(in_features=192, out_features=576, bias=True)
              (attn_drop): Dropout(p=0.0, inplace=False)
              (proj): Linear(in_features=192, out_features=192, bias=True)
              (proj_drop): Dropout(p=0, inplace=False)
              (softmax): Softmax(dim=-1)
            )
            (drop_path): Identity()
            (norm2): GroupNorm32(32, 192, eps=1e-05, affine=True)
            (mlp): Mlp(
              (fc1): Conv2d(192, 768, kernel_size=(1, 1), stride=(1, 1))
              (act): GELU(approximate='none')
              (fc2): Conv2d(768, 192, kernel_size=(1, 1), stride=(1, 1))
              (drop): Dropout(p=0, inplace=False)
            )
          )
          (1): SwinTransformerBlock(
            dim=192, input_resolution=[32, 32], num_heads=6, window_size=8, shift_size=4, mlp_ratio=4
            (norm1): GroupNorm32(32, 192, eps=1e-05, affine=True)
            (attn): WindowAttention(
              dim=192, window_size=(8, 8), num_heads=6
              (qkv): Linear(in_features=192, out_features=576, bias=True)
              (attn_drop): Dropout(p=0.0, inplace=False)
              (proj): Linear(in_features=192, out_features=192, bias=True)
              (proj_drop): Dropout(p=0, inplace=False)
              (softmax): Softmax(dim=-1)
            )
            (drop_path): Identity()
            (norm2): GroupNorm32(32, 192, eps=1e-05, affine=True)
            (mlp): Mlp(
              (fc1): Conv2d(192, 768, kernel_size=(1, 1), stride=(1, 1))
              (act): GELU(approximate='none')
              (fc2): Conv2d(768, 192, kernel_size=(1, 1), stride=(1, 1))
              (drop): Dropout(p=0, inplace=False)
            )
          )
        )
      )
    )
    (5): TimestepEmbedSequential(
      (0): ResBlock(
        (in_layers): Sequential(
          (0): GroupNorm32(32, 320, eps=1e-05, affine=True)
          (1): SiLU()
          (2): Conv2d(320, 320, kernel_size=(3, 3), stride=(1, 1), padding=(1, 1))
        )
        (h_upd): Identity()
        (x_upd): Identity()
        (emb_layers): Sequential(
          (0): SiLU()
          (1): Linear(in_features=640, out_features=640, bias=True)
        )
        (out_layers): Sequential(
          (0): GroupNorm32(32, 320, eps=1e-05, affine=True)
          (1): SiLU()
          (2): Dropout(p=0, inplace=False)
          (3): Conv2d(320, 320, kernel_size=(3, 3), stride=(1, 1), padding=(1, 1))
        )
        (skip_connection): Identity()
      )
    )
    (6): TimestepEmbedSequential(
      (0): Downsample(
        (op): Conv2d(320, 320, kernel_size=(3, 3), stride=(2, 2), padding=(1, 1))
      )
    )
    (7): TimestepEmbedSequential(
      (0): ResBlock(
        (in_layers): Sequential(
          (0): GroupNorm32(32, 320, eps=1e-05, affine=True)
          (1): SiLU()
          (2): Conv2d(320, 320, kernel_size=(3, 3), stride=(1, 1), padding=(1, 1))
        )
        (h_upd): Identity()
        (x_upd): Identity()
        (emb_layers): Sequential(
          (0): SiLU()
          (1): Linear(in_features=640, out_features=640, bias=True)
        )
        (out_layers): Sequential(
          (0): GroupNorm32(32, 320, eps=1e-05, affine=True)
          (1): SiLU()
          (2): Dropout(p=0, inplace=False)
          (3): Conv2d(320, 320, kernel_size=(3, 3), stride=(1, 1), padding=(1, 1))
        )
        (skip_connection): Identity()
      )
      (1): BasicLayer(
        (patch_embed): PatchEmbed(
          (proj): Conv2d(320, 192, kernel_size=(1, 1), stride=(1, 1))
          (norm): Identity()
        )
        (patch_unembed): PatchUnEmbed(
          (proj): Conv2d(192, 320, kernel_size=(1, 1), stride=(1, 1))
          (norm): Identity()
        )
        (blocks): ModuleList(
          (0): SwinTransformerBlock(
            dim=192, input_resolution=[16, 16], num_heads=6, window_size=8, shift_size=0, mlp_ratio=4
            (norm1): GroupNorm32(32, 192, eps=1e-05, affine=True)
            (attn): WindowAttention(
              dim=192, window_size=(8, 8), num_heads=6
              (qkv): Linear(in_features=192, out_features=576, bias=True)
              (attn_drop): Dropout(p=0.0, inplace=False)
              (proj): Linear(in_features=192, out_features=192, bias=True)
              (proj_drop): Dropout(p=0, inplace=False)
              (softmax): Softmax(dim=-1)
            )
            (drop_path): Identity()
            (norm2): GroupNorm32(32, 192, eps=1e-05, affine=True)
            (mlp): Mlp(
              (fc1): Conv2d(192, 768, kernel_size=(1, 1), stride=(1, 1))
              (act): GELU(approximate='none')
              (fc2): Conv2d(768, 192, kernel_size=(1, 1), stride=(1, 1))
              (drop): Dropout(p=0, inplace=False)
            )
          )
          (1): SwinTransformerBlock(
            dim=192, input_resolution=[16, 16], num_heads=6, window_size=8, shift_size=4, mlp_ratio=4
            (norm1): GroupNorm32(32, 192, eps=1e-05, affine=True)
            (attn): WindowAttention(
              dim=192, window_size=(8, 8), num_heads=6
              (qkv): Linear(in_features=192, out_features=576, bias=True)
              (attn_drop): Dropout(p=0.0, inplace=False)
              (proj): Linear(in_features=192, out_features=192, bias=True)
              (proj_drop): Dropout(p=0, inplace=False)
              (softmax): Softmax(dim=-1)
            )
            (drop_path): Identity()
            (norm2): GroupNorm32(32, 192, eps=1e-05, affine=True)
            (mlp): Mlp(
              (fc1): Conv2d(192, 768, kernel_size=(1, 1), stride=(1, 1))
              (act): GELU(approximate='none')
              (fc2): Conv2d(768, 192, kernel_size=(1, 1), stride=(1, 1))
              (drop): Dropout(p=0, inplace=False)
            )
          )
        )
      )
    )
    (8): TimestepEmbedSequential(
      (0): ResBlock(
        (in_layers): Sequential(
          (0): GroupNorm32(32, 320, eps=1e-05, affine=True)
          (1): SiLU()
          (2): Conv2d(320, 320, kernel_size=(3, 3), stride=(1, 1), padding=(1, 1))
        )
        (h_upd): Identity()
        (x_upd): Identity()
        (emb_layers): Sequential(
          (0): SiLU()
          (1): Linear(in_features=640, out_features=640, bias=True)
        )
        (out_layers): Sequential(
          (0): GroupNorm32(32, 320, eps=1e-05, affine=True)
          (1): SiLU()
          (2): Dropout(p=0, inplace=False)
          (3): Conv2d(320, 320, kernel_size=(3, 3), stride=(1, 1), padding=(1, 1))
        )
        (skip_connection): Identity()
      )
    )
    (9): TimestepEmbedSequential(
      (0): Downsample(
        (op): Conv2d(320, 320, kernel_size=(3, 3), stride=(2, 2), padding=(1, 1))
      )
    )
    (10): TimestepEmbedSequential(
      (0): ResBlock(
        (in_layers): Sequential(
          (0): GroupNorm32(32, 320, eps=1e-05, affine=True)
          (1): SiLU()
          (2): Conv2d(320, 640, kernel_size=(3, 3), stride=(1, 1), padding=(1, 1))
        )
        (h_upd): Identity()
        (x_upd): Identity()
        (emb_layers): Sequential(
          (0): SiLU()
          (1): Linear(in_features=640, out_features=1280, bias=True)
        )
        (out_layers): Sequential(
          (0): GroupNorm32(32, 640, eps=1e-05, affine=True)
          (1): SiLU()
          (2): Dropout(p=0, inplace=False)
          (3): Conv2d(640, 640, kernel_size=(3, 3), stride=(1, 1), padding=(1, 1))
        )
        (skip_connection): Conv2d(320, 640, kernel_size=(1, 1), stride=(1, 1))
      )
      (1): BasicLayer(
        (patch_embed): PatchEmbed(
          (proj): Conv2d(640, 192, kernel_size=(1, 1), stride=(1, 1))
          (norm): Identity()
        )
        (patch_unembed): PatchUnEmbed(
          (proj): Conv2d(192, 640, kernel_size=(1, 1), stride=(1, 1))
          (norm): Identity()
        )
        (blocks): ModuleList(
          (0-1): 2 x SwinTransformerBlock(
            dim=192, input_resolution=[8, 8], num_heads=6, window_size=8, shift_size=0, mlp_ratio=4
            (norm1): GroupNorm32(32, 192, eps=1e-05, affine=True)
            (attn): WindowAttention(
              dim=192, window_size=(8, 8), num_heads=6
              (qkv): Linear(in_features=192, out_features=576, bias=True)
              (attn_drop): Dropout(p=0.0, inplace=False)
              (proj): Linear(in_features=192, out_features=192, bias=True)
              (proj_drop): Dropout(p=0, inplace=False)
              (softmax): Softmax(dim=-1)
            )
            (drop_path): Identity()
            (norm2): GroupNorm32(32, 192, eps=1e-05, affine=True)
            (mlp): Mlp(
              (fc1): Conv2d(192, 768, kernel_size=(1, 1), stride=(1, 1))
              (act): GELU(approximate='none')
              (fc2): Conv2d(768, 192, kernel_size=(1, 1), stride=(1, 1))
              (drop): Dropout(p=0, inplace=False)
            )
          )
        )
      )
    )
    (11): TimestepEmbedSequential(
      (0): ResBlock(
        (in_layers): Sequential(
          (0): GroupNorm32(32, 640, eps=1e-05, affine=True)
          (1): SiLU()
          (2): Conv2d(640, 640, kernel_size=(3, 3), stride=(1, 1), padding=(1, 1))
        )
        (h_upd): Identity()
        (x_upd): Identity()
        (emb_layers): Sequential(
          (0): SiLU()
          (1): Linear(in_features=640, out_features=1280, bias=True)
        )
        (out_layers): Sequential(
          (0): GroupNorm32(32, 640, eps=1e-05, affine=True)
          (1): SiLU()
          (2): Dropout(p=0, inplace=False)
          (3): Conv2d(640, 640, kernel_size=(3, 3), stride=(1, 1), padding=(1, 1))
        )
        (skip_connection): Identity()
      )
    )
  )
  (middle_block): TimestepEmbedSequential(
    (0): ResBlock(
      (in_layers): Sequential(
        (0): GroupNorm32(32, 640, eps=1e-05, affine=True)
        (1): SiLU()
        (2): Conv2d(640, 640, kernel_size=(3, 3), stride=(1, 1), padding=(1, 1))
      )
      (h_upd): Identity()
      (x_upd): Identity()
      (emb_layers): Sequential(
        (0): SiLU()
        (1): Linear(in_features=640, out_features=1280, bias=True)
      )
      (out_layers): Sequential(
        (0): GroupNorm32(32, 640, eps=1e-05, affine=True)
        (1): SiLU()
        (2): Dropout(p=0, inplace=False)
        (3): Conv2d(640, 640, kernel_size=(3, 3), stride=(1, 1), padding=(1, 1))
      )
      (skip_connection): Identity()
    )
    (1): BasicLayer(
      (patch_embed): PatchEmbed(
        (proj): Conv2d(640, 192, kernel_size=(1, 1), stride=(1, 1))
        (norm): Identity()
      )
      (patch_unembed): PatchUnEmbed(
        (proj): Conv2d(192, 640, kernel_size=(1, 1), stride=(1, 1))
        (norm): Identity()
      )
      (blocks): ModuleList(
        (0-1): 2 x SwinTransformerBlock(
          dim=192, input_resolution=[8, 8], num_heads=6, window_size=8, shift_size=0, mlp_ratio=4
          (norm1): GroupNorm32(32, 192, eps=1e-05, affine=True)
          (attn): WindowAttention(
            dim=192, window_size=(8, 8), num_heads=6
            (qkv): Linear(in_features=192, out_features=576, bias=True)
            (attn_drop): Dropout(p=0.0, inplace=False)
            (proj): Linear(in_features=192, out_features=192, bias=True)
            (proj_drop): Dropout(p=0, inplace=False)
            (softmax): Softmax(dim=-1)
          )
          (drop_path): Identity()
          (norm2): GroupNorm32(32, 192, eps=1e-05, affine=True)
          (mlp): Mlp(
            (fc1): Conv2d(192, 768, kernel_size=(1, 1), stride=(1, 1))
            (act): GELU(approximate='none')
            (fc2): Conv2d(768, 192, kernel_size=(1, 1), stride=(1, 1))
            (drop): Dropout(p=0, inplace=False)
          )
        )
      )
    )
    (2): ResBlock(
      (in_layers): Sequential(
        (0): GroupNorm32(32, 640, eps=1e-05, affine=True)
        (1): SiLU()
        (2): Conv2d(640, 640, kernel_size=(3, 3), stride=(1, 1), padding=(1, 1))
      )
      (h_upd): Identity()
      (x_upd): Identity()
      (emb_layers): Sequential(
        (0): SiLU()
        (1): Linear(in_features=640, out_features=1280, bias=True)
      )
      (out_layers): Sequential(
        (0): GroupNorm32(32, 640, eps=1e-05, affine=True)
        (1): SiLU()
        (2): Dropout(p=0, inplace=False)
        (3): Conv2d(640, 640, kernel_size=(3, 3), stride=(1, 1), padding=(1, 1))
      )
      (skip_connection): Identity()
    )
  )
  (output_blocks): ModuleList(
    (0): TimestepEmbedSequential(
      (0): ResBlock(
        (in_layers): Sequential(
          (0): GroupNorm32(32, 1280, eps=1e-05, affine=True)
          (1): SiLU()
          (2): Conv2d(1280, 640, kernel_size=(3, 3), stride=(1, 1), padding=(1, 1))
        )
        (h_upd): Identity()
        (x_upd): Identity()
        (emb_layers): Sequential(
          (0): SiLU()
          (1): Linear(in_features=640, out_features=1280, bias=True)
        )
        (out_layers): Sequential(
          (0): GroupNorm32(32, 640, eps=1e-05, affine=True)
          (1): SiLU()
          (2): Dropout(p=0, inplace=False)
          (3): Conv2d(640, 640, kernel_size=(3, 3), stride=(1, 1), padding=(1, 1))
        )
        (skip_connection): Conv2d(1280, 640, kernel_size=(1, 1), stride=(1, 1))
      )
      (1): BasicLayer(
        (patch_embed): PatchEmbed(
          (proj): Conv2d(640, 192, kernel_size=(1, 1), stride=(1, 1))
          (norm): Identity()
        )
        (patch_unembed): PatchUnEmbed(
          (proj): Conv2d(192, 640, kernel_size=(1, 1), stride=(1, 1))
          (norm): Identity()
        )
        (blocks): ModuleList(
          (0-1): 2 x SwinTransformerBlock(
            dim=192, input_resolution=[8, 8], num_heads=6, window_size=8, shift_size=0, mlp_ratio=4
            (norm1): GroupNorm32(32, 192, eps=1e-05, affine=True)
            (attn): WindowAttention(
              dim=192, window_size=(8, 8), num_heads=6
              (qkv): Linear(in_features=192, out_features=576, bias=True)
              (attn_drop): Dropout(p=0.0, inplace=False)
              (proj): Linear(in_features=192, out_features=192, bias=True)
              (proj_drop): Dropout(p=0, inplace=False)
              (softmax): Softmax(dim=-1)
            )
            (drop_path): Identity()
            (norm2): GroupNorm32(32, 192, eps=1e-05, affine=True)
            (mlp): Mlp(
              (fc1): Conv2d(192, 768, kernel_size=(1, 1), stride=(1, 1))
              (act): GELU(approximate='none')
              (fc2): Conv2d(768, 192, kernel_size=(1, 1), stride=(1, 1))
              (drop): Dropout(p=0, inplace=False)
            )
          )
        )
      )
    )
    (1): TimestepEmbedSequential(
      (0): ResBlock(
        (in_layers): Sequential(
          (0): GroupNorm32(32, 1280, eps=1e-05, affine=True)
          (1): SiLU()
          (2): Conv2d(1280, 640, kernel_size=(3, 3), stride=(1, 1), padding=(1, 1))
        )
        (h_upd): Identity()
        (x_upd): Identity()
        (emb_layers): Sequential(
          (0): SiLU()
          (1): Linear(in_features=640, out_features=1280, bias=True)
        )
        (out_layers): Sequential(
          (0): GroupNorm32(32, 640, eps=1e-05, affine=True)
          (1): SiLU()
          (2): Dropout(p=0, inplace=False)
          (3): Conv2d(640, 640, kernel_size=(3, 3), stride=(1, 1), padding=(1, 1))
        )
        (skip_connection): Conv2d(1280, 640, kernel_size=(1, 1), stride=(1, 1))
      )
    )
    (2): TimestepEmbedSequential(
      (0): ResBlock(
        (in_layers): Sequential(
          (0): GroupNorm32(32, 960, eps=1e-05, affine=True)
          (1): SiLU()
          (2): Conv2d(960, 640, kernel_size=(3, 3), stride=(1, 1), padding=(1, 1))
        )
        (h_upd): Identity()
        (x_upd): Identity()
        (emb_layers): Sequential(
          (0): SiLU()
          (1): Linear(in_features=640, out_features=1280, bias=True)
        )
        (out_layers): Sequential(
          (0): GroupNorm32(32, 640, eps=1e-05, affine=True)
          (1): SiLU()
          (2): Dropout(p=0, inplace=False)
          (3): Conv2d(640, 640, kernel_size=(3, 3), stride=(1, 1), padding=(1, 1))
        )
        (skip_connection): Conv2d(960, 640, kernel_size=(1, 1), stride=(1, 1))
      )
      (1): Upsample(
        (conv): Conv2d(640, 640, kernel_size=(3, 3), stride=(1, 1), padding=(1, 1))
      )
    )
    (3): TimestepEmbedSequential(
      (0): ResBlock(
        (in_layers): Sequential(
          (0): GroupNorm32(32, 960, eps=1e-05, affine=True)
          (1): SiLU()
          (2): Conv2d(960, 320, kernel_size=(3, 3), stride=(1, 1), padding=(1, 1))
        )
        (h_upd): Identity()
        (x_upd): Identity()
        (emb_layers): Sequential(
          (0): SiLU()
          (1): Linear(in_features=640, out_features=640, bias=True)
        )
        (out_layers): Sequential(
          (0): GroupNorm32(32, 320, eps=1e-05, affine=True)
          (1): SiLU()
          (2): Dropout(p=0, inplace=False)
          (3): Conv2d(320, 320, kernel_size=(3, 3), stride=(1, 1), padding=(1, 1))
        )
        (skip_connection): Conv2d(960, 320, kernel_size=(1, 1), stride=(1, 1))
      )
      (1): BasicLayer(
        (patch_embed): PatchEmbed(
          (proj): Conv2d(320, 192, kernel_size=(1, 1), stride=(1, 1))
          (norm): Identity()
        )
        (patch_unembed): PatchUnEmbed(
          (proj): Conv2d(192, 320, kernel_size=(1, 1), stride=(1, 1))
          (norm): Identity()
        )
        (blocks): ModuleList(
          (0): SwinTransformerBlock(
            dim=192, input_resolution=[16, 16], num_heads=6, window_size=8, shift_size=0, mlp_ratio=4
            (norm1): GroupNorm32(32, 192, eps=1e-05, affine=True)
            (attn): WindowAttention(
              dim=192, window_size=(8, 8), num_heads=6
              (qkv): Linear(in_features=192, out_features=576, bias=True)
              (attn_drop): Dropout(p=0.0, inplace=False)
              (proj): Linear(in_features=192, out_features=192, bias=True)
              (proj_drop): Dropout(p=0, inplace=False)
              (softmax): Softmax(dim=-1)
            )
            (drop_path): Identity()
            (norm2): GroupNorm32(32, 192, eps=1e-05, affine=True)
            (mlp): Mlp(
              (fc1): Conv2d(192, 768, kernel_size=(1, 1), stride=(1, 1))
              (act): GELU(approximate='none')
              (fc2): Conv2d(768, 192, kernel_size=(1, 1), stride=(1, 1))
              (drop): Dropout(p=0, inplace=False)
            )
          )
          (1): SwinTransformerBlock(
            dim=192, input_resolution=[16, 16], num_heads=6, window_size=8, shift_size=4, mlp_ratio=4
            (norm1): GroupNorm32(32, 192, eps=1e-05, affine=True)
            (attn): WindowAttention(
              dim=192, window_size=(8, 8), num_heads=6
              (qkv): Linear(in_features=192, out_features=576, bias=True)
              (attn_drop): Dropout(p=0.0, inplace=False)
              (proj): Linear(in_features=192, out_features=192, bias=True)
              (proj_drop): Dropout(p=0, inplace=False)
              (softmax): Softmax(dim=-1)
            )
            (drop_path): Identity()
            (norm2): GroupNorm32(32, 192, eps=1e-05, affine=True)
            (mlp): Mlp(
              (fc1): Conv2d(192, 768, kernel_size=(1, 1), stride=(1, 1))
              (act): GELU(approximate='none')
              (fc2): Conv2d(768, 192, kernel_size=(1, 1), stride=(1, 1))
              (drop): Dropout(p=0, inplace=False)
            )
          )
        )
      )
    )
    (4): TimestepEmbedSequential(
      (0): ResBlock(
        (in_layers): Sequential(
          (0): GroupNorm32(32, 640, eps=1e-05, affine=True)
          (1): SiLU()
          (2): Conv2d(640, 320, kernel_size=(3, 3), stride=(1, 1), padding=(1, 1))
        )
        (h_upd): Identity()
        (x_upd): Identity()
        (emb_layers): Sequential(
          (0): SiLU()
          (1): Linear(in_features=640, out_features=640, bias=True)
        )
        (out_layers): Sequential(
          (0): GroupNorm32(32, 320, eps=1e-05, affine=True)
          (1): SiLU()
          (2): Dropout(p=0, inplace=False)
          (3): Conv2d(320, 320, kernel_size=(3, 3), stride=(1, 1), padding=(1, 1))
        )
        (skip_connection): Conv2d(640, 320, kernel_size=(1, 1), stride=(1, 1))
      )
    )
    (5): TimestepEmbedSequential(
      (0): ResBlock(
        (in_layers): Sequential(
          (0): GroupNorm32(32, 640, eps=1e-05, affine=True)
          (1): SiLU()
          (2): Conv2d(640, 320, kernel_size=(3, 3), stride=(1, 1), padding=(1, 1))
        )
        (h_upd): Identity()
        (x_upd): Identity()
        (emb_layers): Sequential(
          (0): SiLU()
          (1): Linear(in_features=640, out_features=640, bias=True)
        )
        (out_layers): Sequential(
          (0): GroupNorm32(32, 320, eps=1e-05, affine=True)
          (1): SiLU()
          (2): Dropout(p=0, inplace=False)
          (3): Conv2d(320, 320, kernel_size=(3, 3), stride=(1, 1), padding=(1, 1))
        )
        (skip_connection): Conv2d(640, 320, kernel_size=(1, 1), stride=(1, 1))
      )
      (1): Upsample(
        (conv): Conv2d(320, 320, kernel_size=(3, 3), stride=(1, 1), padding=(1, 1))
      )
    )
    (6): TimestepEmbedSequential(
      (0): ResBlock(
        (in_layers): Sequential(
          (0): GroupNorm32(32, 640, eps=1e-05, affine=True)
          (1): SiLU()
          (2): Conv2d(640, 320, kernel_size=(3, 3), stride=(1, 1), padding=(1, 1))
        )
        (h_upd): Identity()
        (x_upd): Identity()
        (emb_layers): Sequential(
          (0): SiLU()
          (1): Linear(in_features=640, out_features=640, bias=True)
        )
        (out_layers): Sequential(
          (0): GroupNorm32(32, 320, eps=1e-05, affine=True)
          (1): SiLU()
          (2): Dropout(p=0, inplace=False)
          (3): Conv2d(320, 320, kernel_size=(3, 3), stride=(1, 1), padding=(1, 1))
        )
        (skip_connection): Conv2d(640, 320, kernel_size=(1, 1), stride=(1, 1))
      )
      (1): BasicLayer(
        (patch_embed): PatchEmbed(
          (proj): Conv2d(320, 192, kernel_size=(1, 1), stride=(1, 1))
          (norm): Identity()
        )
        (patch_unembed): PatchUnEmbed(
          (proj): Conv2d(192, 320, kernel_size=(1, 1), stride=(1, 1))
          (norm): Identity()
        )
        (blocks): ModuleList(
          (0): SwinTransformerBlock(
            dim=192, input_resolution=[32, 32], num_heads=6, window_size=8, shift_size=0, mlp_ratio=4
            (norm1): GroupNorm32(32, 192, eps=1e-05, affine=True)
            (attn): WindowAttention(
              dim=192, window_size=(8, 8), num_heads=6
              (qkv): Linear(in_features=192, out_features=576, bias=True)
              (attn_drop): Dropout(p=0.0, inplace=False)
              (proj): Linear(in_features=192, out_features=192, bias=True)
              (proj_drop): Dropout(p=0, inplace=False)
              (softmax): Softmax(dim=-1)
            )
            (drop_path): Identity()
            (norm2): GroupNorm32(32, 192, eps=1e-05, affine=True)
            (mlp): Mlp(
              (fc1): Conv2d(192, 768, kernel_size=(1, 1), stride=(1, 1))
              (act): GELU(approximate='none')
              (fc2): Conv2d(768, 192, kernel_size=(1, 1), stride=(1, 1))
              (drop): Dropout(p=0, inplace=False)
            )
          )
          (1): SwinTransformerBlock(
            dim=192, input_resolution=[32, 32], num_heads=6, window_size=8, shift_size=4, mlp_ratio=4
            (norm1): GroupNorm32(32, 192, eps=1e-05, affine=True)
            (attn): WindowAttention(
              dim=192, window_size=(8, 8), num_heads=6
              (qkv): Linear(in_features=192, out_features=576, bias=True)
              (attn_drop): Dropout(p=0.0, inplace=False)
              (proj): Linear(in_features=192, out_features=192, bias=True)
              (proj_drop): Dropout(p=0, inplace=False)
              (softmax): Softmax(dim=-1)
            )
            (drop_path): Identity()
            (norm2): GroupNorm32(32, 192, eps=1e-05, affine=True)
            (mlp): Mlp(
              (fc1): Conv2d(192, 768, kernel_size=(1, 1), stride=(1, 1))
              (act): GELU(approximate='none')
              (fc2): Conv2d(768, 192, kernel_size=(1, 1), stride=(1, 1))
              (drop): Dropout(p=0, inplace=False)
            )
          )
        )
      )
    )
    (7): TimestepEmbedSequential(
      (0): ResBlock(
        (in_layers): Sequential(
          (0): GroupNorm32(32, 640, eps=1e-05, affine=True)
          (1): SiLU()
          (2): Conv2d(640, 320, kernel_size=(3, 3), stride=(1, 1), padding=(1, 1))
        )
        (h_upd): Identity()
        (x_upd): Identity()
        (emb_layers): Sequential(
          (0): SiLU()
          (1): Linear(in_features=640, out_features=640, bias=True)
        )
        (out_layers): Sequential(
          (0): GroupNorm32(32, 320, eps=1e-05, affine=True)
          (1): SiLU()
          (2): Dropout(p=0, inplace=False)
          (3): Conv2d(320, 320, kernel_size=(3, 3), stride=(1, 1), padding=(1, 1))
        )
        (skip_connection): Conv2d(640, 320, kernel_size=(1, 1), stride=(1, 1))
      )
    )
    (8): TimestepEmbedSequential(
      (0): ResBlock(
        (in_layers): Sequential(
          (0): GroupNorm32(32, 480, eps=1e-05, affine=True)
          (1): SiLU()
          (2): Conv2d(480, 320, kernel_size=(3, 3), stride=(1, 1), padding=(1, 1))
        )
        (h_upd): Identity()
        (x_upd): Identity()
        (emb_layers): Sequential(
          (0): SiLU()
          (1): Linear(in_features=640, out_features=640, bias=True)
        )
        (out_layers): Sequential(
          (0): GroupNorm32(32, 320, eps=1e-05, affine=True)
          (1): SiLU()
          (2): Dropout(p=0, inplace=False)
          (3): Conv2d(320, 320, kernel_size=(3, 3), stride=(1, 1), padding=(1, 1))
        )
        (skip_connection): Conv2d(480, 320, kernel_size=(1, 1), stride=(1, 1))
      )
      (1): Upsample(
        (conv): Conv2d(320, 320, kernel_size=(3, 3), stride=(1, 1), padding=(1, 1))
      )
    )
    (9): TimestepEmbedSequential(
      (0): ResBlock(
        (in_layers): Sequential(
          (0): GroupNorm32(32, 480, eps=1e-05, affine=True)
          (1): SiLU()
          (2): Conv2d(480, 160, kernel_size=(3, 3), stride=(1, 1), padding=(1, 1))
        )
        (h_upd): Identity()
        (x_upd): Identity()
        (emb_layers): Sequential(
          (0): SiLU()
          (1): Linear(in_features=640, out_features=320, bias=True)
        )
        (out_layers): Sequential(
          (0): GroupNorm32(32, 160, eps=1e-05, affine=True)
          (1): SiLU()
          (2): Dropout(p=0, inplace=False)
          (3): Conv2d(160, 160, kernel_size=(3, 3), stride=(1, 1), padding=(1, 1))
        )
        (skip_connection): Conv2d(480, 160, kernel_size=(1, 1), stride=(1, 1))
      )
      (1): BasicLayer(
        (patch_embed): PatchEmbed(
          (proj): Conv2d(160, 192, kernel_size=(1, 1), stride=(1, 1))
          (norm): Identity()
        )
        (patch_unembed): PatchUnEmbed(
          (proj): Conv2d(192, 160, kernel_size=(1, 1), stride=(1, 1))
          (norm): Identity()
        )
        (blocks): ModuleList(
          (0): SwinTransformerBlock(
            dim=192, input_resolution=[64, 64], num_heads=6, window_size=8, shift_size=0, mlp_ratio=4
            (norm1): GroupNorm32(32, 192, eps=1e-05, affine=True)
            (attn): WindowAttention(
              dim=192, window_size=(8, 8), num_heads=6
              (qkv): Linear(in_features=192, out_features=576, bias=True)
              (attn_drop): Dropout(p=0.0, inplace=False)
              (proj): Linear(in_features=192, out_features=192, bias=True)
              (proj_drop): Dropout(p=0, inplace=False)
              (softmax): Softmax(dim=-1)
            )
            (drop_path): Identity()
            (norm2): GroupNorm32(32, 192, eps=1e-05, affine=True)
            (mlp): Mlp(
              (fc1): Conv2d(192, 768, kernel_size=(1, 1), stride=(1, 1))
              (act): GELU(approximate='none')
              (fc2): Conv2d(768, 192, kernel_size=(1, 1), stride=(1, 1))
              (drop): Dropout(p=0, inplace=False)
            )
          )
          (1): SwinTransformerBlock(
            dim=192, input_resolution=[64, 64], num_heads=6, window_size=8, shift_size=4, mlp_ratio=4
            (norm1): GroupNorm32(32, 192, eps=1e-05, affine=True)
            (attn): WindowAttention(
              dim=192, window_size=(8, 8), num_heads=6
              (qkv): Linear(in_features=192, out_features=576, bias=True)
              (attn_drop): Dropout(p=0.0, inplace=False)
              (proj): Linear(in_features=192, out_features=192, bias=True)
              (proj_drop): Dropout(p=0, inplace=False)
              (softmax): Softmax(dim=-1)
            )
            (drop_path): Identity()
            (norm2): GroupNorm32(32, 192, eps=1e-05, affine=True)
            (mlp): Mlp(
              (fc1): Conv2d(192, 768, kernel_size=(1, 1), stride=(1, 1))
              (act): GELU(approximate='none')
              (fc2): Conv2d(768, 192, kernel_size=(1, 1), stride=(1, 1))
              (drop): Dropout(p=0, inplace=False)
            )
          )
        )
      )
    )
    (10-11): 2 x TimestepEmbedSequential(
      (0): ResBlock(
        (in_layers): Sequential(
          (0): GroupNorm32(32, 320, eps=1e-05, affine=True)
          (1): SiLU()
          (2): Conv2d(320, 160, kernel_size=(3, 3), stride=(1, 1), padding=(1, 1))
        )
        (h_upd): Identity()
        (x_upd): Identity()
        (emb_layers): Sequential(
          (0): SiLU()
          (1): Linear(in_features=640, out_features=320, bias=True)
        )
        (out_layers): Sequential(
          (0): GroupNorm32(32, 160, eps=1e-05, affine=True)
          (1): SiLU()
          (2): Dropout(p=0, inplace=False)
          (3): Conv2d(160, 160, kernel_size=(3, 3), stride=(1, 1), padding=(1, 1))
        )
        (skip_connection): Conv2d(320, 160, kernel_size=(1, 1), stride=(1, 1))
      )
    )
  )
  (conv_before_upsample): Sequential(
    (0): Conv2d(160, 128, kernel_size=(3, 3), stride=(1, 1), padding=(1, 1))
    (1): LeakyReLU(negative_slope=0.01, inplace=True)
  )
  (conv_up1): Conv2d(128, 128, kernel_size=(3, 3), stride=(1, 1), padding=(1, 1))
  (conv_up2): Conv2d(128, 128, kernel_size=(3, 3), stride=(1, 1), padding=(1, 1))
  (conv_hr): Conv2d(128, 128, kernel_size=(3, 3), stride=(1, 1), padding=(1, 1))
  (head_base): Conv2d(128, 48, kernel_size=(3, 3), stride=(1, 1), padding=(1, 1))
  (head_detail): Conv2d(128, 48, kernel_size=(3, 3), stride=(1, 1), padding=(1, 1))
  (lrelu): LeakyReLU(negative_slope=0.2, inplace=True)
)
2026-07-27 16:40:52,370 INFO: Use Exponential Moving Average with decay: 0.999
2026-07-27 16:40:53,034 INFO: Network [UNetModelSwin] is created.
2026-07-27 16:40:54,539 INFO: Model [UPSRRealModel] is created.
2026-07-27 16:40:54,556 INFO: Start training from epoch: 0, iter: 0
2026-07-27 16:41:11,780 INFO: [000_U..][epoch:  0, iter:     100, lr:(2.000e-06,1.400e-06,)] [eta: 12:54:12, time (data): 0.172 (0.003)] l_pix: 4.1928e-01 l_lpips: 3.1299e-01 
2026-07-27 16:41:27,615 INFO: [000_U..][epoch:  0, iter:     200, lr:(4.000e-06,2.800e-06,)] [eta: 13:02:33, time (data): 0.165 (0.002)] l_pix: 5.1247e-01 l_lpips: 2.5659e-01 
2026-07-27 16:41:43,542 INFO: [000_U..][epoch:  0, iter:     300, lr:(6.000e-06,4.200e-06,)] [eta: 13:06:41, time (data): 0.159 (0.002)] l_pix: 3.6297e-01 l_lpips: 2.7979e-01 
2026-07-27 16:41:59,526 INFO: [000_U..][epoch:  0, iter:     400, lr:(8.000e-06,5.600e-06,)] [eta: 13:09:20, time (data): 0.160 (0.002)] l_pix: 4.5498e-01 l_lpips: 3.4863e-01 
2026-07-27 16:42:15,763 INFO: [000_U..][epoch:  0, iter:     500, lr:(1.000e-05,7.000e-06,)] [eta: 13:13:21, time (data): 0.162 (0.002)] l_pix: 4.4297e-01 l_lpips: 3.1958e-01 
2026-07-27 16:42:31,455 INFO: [000_U..][epoch:  0, iter:     600, lr:(1.200e-05,8.400e-06,)] [eta: 13:11:25, time (data): 0.160 (0.002)] l_pix: 3.9684e-01 l_lpips: 3.0664e-01 
2026-07-27 16:42:47,192 INFO: [000_U..][epoch:  0, iter:     700, lr:(1.400e-05,9.800e-06,)] [eta: 13:10:16, time (data): 0.157 (0.002)] l_pix: 4.3622e-01 l_lpips: 3.3447e-01 
2026-07-27 16:43:02,908 INFO: [000_U..][epoch:  0, iter:     800, lr:(1.600e-05,1.120e-05,)] [eta: 13:09:13, time (data): 0.157 (0.002)] l_pix: 3.4249e-01 l_lpips: 2.9761e-01 
2026-07-27 16:43:19,325 INFO: [000_U..][epoch:  1, iter:     900, lr:(1.800e-05,1.260e-05,)] [eta: 13:12:13, time (data): 0.163 (0.002)] l_pix: 3.8585e-01 l_lpips: 2.9517e-01 
2026-07-27 16:43:35,573 INFO: [000_U..][epoch:  1, iter:   1,000, lr:(2.000e-05,1.400e-05,)] [eta: 13:13:44, time (data): 0.163 (0.002)] l_pix: 3.1751e-01 l_lpips: 2.5732e-01 
2026-07-27 16:43:51,410 INFO: [000_U..][epoch:  1, iter:   1,100, lr:(2.200e-05,1.540e-05,)] [eta: 13:13:03, time (data): 0.158 (0.002)] l_pix: 3.0485e-01 l_lpips: 2.8638e-01 
2026-07-27 16:44:07,538 INFO: [000_U..][epoch:  1, iter:   1,200, lr:(2.400e-05,1.680e-05,)] [eta: 13:13:39, time (data): 0.160 (0.002)] l_pix: 1.8843e-01 l_lpips: 1.6956e-01 
2026-07-27 16:44:23,370 INFO: [000_U..][epoch:  1, iter:   1,300, lr:(2.600e-05,1.820e-05,)] [eta: 13:12:59, time (data): 0.158 (0.002)] l_pix: 3.1519e-01 l_lpips: 2.7539e-01 
2026-07-27 16:44:39,157 INFO: [000_U..][epoch:  1, iter:   1,400, lr:(2.800e-05,1.960e-05,)] [eta: 13:12:13, time (data): 0.158 (0.002)] l_pix: 3.5441e-01 l_lpips: 3.3057e-01 
2026-07-27 16:44:55,293 INFO: [000_U..][epoch:  1, iter:   1,500, lr:(3.000e-05,2.100e-05,)] [eta: 13:12:40, time (data): 0.162 (0.002)] l_pix: 2.7754e-01 l_lpips: 2.4756e-01 
2026-07-27 16:45:11,345 INFO: [000_U..][epoch:  1, iter:   1,600, lr:(3.200e-05,2.240e-05,)] [eta: 13:12:46, time (data): 0.161 (0.002)] l_pix: 2.5391e-01 l_lpips: 2.3657e-01 
2026-07-27 16:45:26,942 INFO: [000_U..][epoch:  2, iter:   1,700, lr:(3.400e-05,2.380e-05,)] [eta: 13:11:30, time (data): 0.154 (0.002)] l_pix: 2.9631e-01 l_lpips: 2.7197e-01 
2026-07-27 16:45:42,667 INFO: [000_U..][epoch:  2, iter:   1,800, lr:(3.600e-05,2.520e-05,)] [eta: 13:10:42, time (data): 0.156 (0.002)] l_pix: 4.1723e-01 l_lpips: 3.5791e-01 
2026-07-27 16:45:58,117 INFO: [000_U..][epoch:  2, iter:   1,900, lr:(3.800e-05,2.660e-05,)] [eta: 13:09:14, time (data): 0.154 (0.002)] l_pix: 2.7910e-01 l_lpips: 2.5635e-01 
2026-07-27 16:46:13,523 INFO: [000_U..][epoch:  2, iter:   2,000, lr:(4.000e-05,2.800e-05,)] [eta: 13:07:46, time (data): 0.154 (0.002)] l_pix: 3.5327e-01 l_lpips: 3.2080e-01 
2026-07-27 16:46:29,528 INFO: [000_U..][epoch:  2, iter:   2,100, lr:(4.200e-05,2.940e-05,)] [eta: 13:07:51, time (data): 0.160 (0.002)] l_pix: 1.7882e-01 l_lpips: 1.6260e-01 
2026-07-27 16:46:45,932 INFO: [000_U..][epoch:  2, iter:   2,200, lr:(4.400e-05,3.080e-05,)] [eta: 13:08:48, time (data): 0.162 (0.002)] l_pix: 3.9051e-01 l_lpips: 3.3252e-01 
2026-07-27 16:47:02,438 INFO: [000_U..][epoch:  2, iter:   2,300, lr:(4.600e-05,3.220e-05,)] [eta: 13:09:51, time (data): 0.164 (0.002)] l_pix: 3.5541e-01 l_lpips: 3.2861e-01 
2026-07-27 16:47:18,963 INFO: [000_U..][epoch:  2, iter:   2,400, lr:(4.800e-05,3.360e-05,)] [eta: 13:10:50, time (data): 0.165 (0.002)] l_pix: 3.0810e-01 l_lpips: 2.8223e-01 
2026-07-27 16:47:35,719 INFO: [000_U..][epoch:  3, iter:   2,500, lr:(5.000e-05,3.500e-05,)] [eta: 13:12:11, time (data): 0.166 (0.002)] l_pix: 2.3811e-01 l_lpips: 2.2778e-01 
2026-07-27 16:47:51,925 INFO: [000_U..][epoch:  3, iter:   2,600, lr:(5.200e-05,3.640e-05,)] [eta: 13:12:21, time (data): 0.164 (0.002)] l_pix: 3.8696e-01 l_lpips: 3.3936e-01 
2026-07-27 16:48:08,120 INFO: [000_U..][epoch:  3, iter:   2,700, lr:(5.400e-05,3.780e-05,)] [eta: 13:12:28, time (data): 0.162 (0.002)] l_pix: 2.9236e-01 l_lpips: 2.8394e-01 
2026-07-27 16:48:24,289 INFO: [000_U..][epoch:  3, iter:   2,800, lr:(5.600e-05,3.920e-05,)] [eta: 13:12:31, time (data): 0.162 (0.002)] l_pix: 3.5002e-01 l_lpips: 3.3984e-01 
2026-07-27 16:48:40,517 INFO: [000_U..][epoch:  3, iter:   2,900, lr:(5.800e-05,4.060e-05,)] [eta: 13:12:38, time (data): 0.162 (0.002)] l_pix: 2.3978e-01 l_lpips: 2.2778e-01 
2026-07-27 16:48:56,603 INFO: [000_U..][epoch:  3, iter:   3,000, lr:(6.000e-05,4.200e-05,)] [eta: 13:12:30, time (data): 0.161 (0.002)] l_pix: 3.7498e-01 l_lpips: 3.3252e-01 
2026-07-27 16:49:11,972 INFO: [000_U..][epoch:  3, iter:   3,100, lr:(6.200e-05,4.340e-05,)] [eta: 13:11:12, time (data): 0.152 (0.002)] l_pix: 3.1182e-01 l_lpips: 2.7319e-01 
2026-07-27 16:49:27,515 INFO: [000_U..][epoch:  3, iter:   3,200, lr:(6.400e-05,4.480e-05,)] [eta: 13:10:15, time (data): 0.154 (0.002)] l_pix: 3.9986e-01 l_lpips: 3.5181e-01 
2026-07-27 16:49:42,967 INFO: [000_U..][epoch:  4, iter:   3,300, lr:(6.600e-05,4.620e-05,)] [eta: 13:09:12, time (data): 0.153 (0.002)] l_pix: 2.8957e-01 l_lpips: 2.6831e-01 
2026-07-27 16:49:58,116 INFO: [000_U..][epoch:  4, iter:   3,400, lr:(6.800e-05,4.760e-05,)] [eta: 13:07:45, time (data): 0.152 (0.002)] l_pix: 2.8424e-01 l_lpips: 2.7148e-01 
2026-07-27 16:50:13,258 INFO: [000_U..][epoch:  4, iter:   3,500, lr:(7.000e-05,4.900e-05,)] [eta: 13:06:22, time (data): 0.151 (0.002)] l_pix: 3.4208e-01 l_lpips: 3.2739e-01 
2026-07-27 16:50:28,541 INFO: [000_U..][epoch:  4, iter:   3,600, lr:(7.200e-05,5.040e-05,)] [eta: 13:05:14, time (data): 0.152 (0.002)] l_pix: 2.0656e-01 l_lpips: 1.9958e-01 
2026-07-27 16:50:44,379 INFO: [000_U..][epoch:  4, iter:   3,700, lr:(7.400e-05,5.180e-05,)] [eta: 13:04:54, time (data): 0.160 (0.002)] l_pix: 2.0397e-01 l_lpips: 1.9556e-01 
2026-07-27 16:51:00,844 INFO: [000_U..][epoch:  4, iter:   3,800, lr:(7.600e-05,5.320e-05,)] [eta: 13:05:22, time (data): 0.162 (0.002)] l_pix: 2.7820e-01 l_lpips: 2.5293e-01 
2026-07-27 16:51:16,902 INFO: [000_U..][epoch:  4, iter:   3,900, lr:(7.800e-05,5.460e-05,)] [eta: 13:05:18, time (data): 0.159 (0.002)] l_pix: 3.4102e-01 l_lpips: 3.0762e-01 
2026-07-27 16:51:32,484 INFO: [000_U..][epoch:  4, iter:   4,000, lr:(8.000e-05,5.600e-05,)] [eta: 13:04:37, time (data): 0.157 (0.002)] l_pix: 3.1338e-01 l_lpips: 3.0518e-01 
2026-07-27 16:51:48,593 INFO: [000_U..][epoch:  5, iter:   4,100, lr:(8.200e-05,5.740e-05,)] [eta: 13:04:36, time (data): 0.159 (0.002)] l_pix: 2.5789e-01 l_lpips: 2.4341e-01 
2026-07-27 16:52:04,227 INFO: [000_U..][epoch:  5, iter:   4,200, lr:(8.400e-05,5.880e-05,)] [eta: 13:04:01, time (data): 0.157 (0.002)] l_pix: 2.6019e-01 l_lpips: 2.3169e-01 
2026-07-27 16:52:19,884 INFO: [000_U..][epoch:  5, iter:   4,300, lr:(8.600e-05,6.020e-05,)] [eta: 13:03:28, time (data): 0.157 (0.002)] l_pix: 3.1369e-01 l_lpips: 2.9150e-01 
2026-07-27 16:52:35,513 INFO: [000_U..][epoch:  5, iter:   4,400, lr:(8.800e-05,6.160e-05,)] [eta: 13:02:54, time (data): 0.157 (0.002)] l_pix: 2.5116e-01 l_lpips: 2.1582e-01 
2026-07-27 16:52:51,103 INFO: [000_U..][epoch:  5, iter:   4,500, lr:(9.000e-05,6.300e-05,)] [eta: 13:02:18, time (data): 0.156 (0.002)] l_pix: 3.7535e-01 l_lpips: 3.2007e-01 
2026-07-27 16:53:06,903 INFO: [000_U..][epoch:  5, iter:   4,600, lr:(9.200e-05,6.440e-05,)] [eta: 13:01:57, time (data): 0.157 (0.002)] l_pix: 2.5974e-01 l_lpips: 2.5269e-01 
2026-07-27 16:53:22,162 INFO: [000_U..][epoch:  5, iter:   4,700, lr:(9.400e-05,6.580e-05,)] [eta: 13:01:02, time (data): 0.153 (0.002)] l_pix: 2.5869e-01 l_lpips: 2.4316e-01 
2026-07-27 16:53:37,401 INFO: [000_U..][epoch:  5, iter:   4,800, lr:(9.600e-05,6.720e-05,)] [eta: 13:00:07, time (data): 0.152 (0.002)] l_pix: 2.8866e-01 l_lpips: 2.5220e-01 
2026-07-27 16:53:53,373 INFO: [000_U..][epoch:  6, iter:   4,900, lr:(9.800e-05,6.860e-05,)] [eta: 12:59:59, time (data): 0.158 (0.002)] l_pix: 2.0237e-01 l_lpips: 1.9263e-01 
2026-07-27 16:54:08,653 INFO: [000_U..][epoch:  6, iter:   5,000, lr:(9.998e-05,6.999e-05,)] [eta: 12:59:09, time (data): 0.155 (0.002)] l_pix: 3.0465e-01 l_lpips: 2.8125e-01 
2026-07-27 16:58:38,201 INFO: Validation RealSRV3
	 # psnr: 22.3572	Best: 22.3572 @ 5000 iter
	 # ssim: 0.5495	Best: 0.5495 @ 5000 iter
	 # lpips: 0.6558	Best: 0.6558 @ 5000 iter

2026-07-27 16:58:54,064 INFO: [000_U..][epoch:  6, iter:   5,100, lr:(9.998e-05,6.999e-05,)] [eta: 17:18:37, time (data): 0.158 (0.002)] l_pix: 3.7590e-01 l_lpips: 2.5903e-01 
2026-07-27 16:59:09,641 INFO: [000_U..][epoch:  6, iter:   5,200, lr:(9.998e-05,6.999e-05,)] [eta: 17:13:01, time (data): 0.157 (0.002)] l_pix: 6.2661e-02 l_lpips: 5.5542e-02 
2026-07-27 16:59:24,902 INFO: [000_U..][epoch:  6, iter:   5,300, lr:(9.998e-05,6.999e-05,)] [eta: 17:07:19, time (data): 0.153 (0.002)] l_pix: 2.9519e-01 l_lpips: 2.8516e-01 
2026-07-27 16:59:40,153 INFO: [000_U..][epoch:  6, iter:   5,400, lr:(9.998e-05,6.999e-05,)] [eta: 17:01:49, time (data): 0.153 (0.002)] l_pix: 2.9129e-01 l_lpips: 2.7319e-01 
2026-07-27 16:59:55,615 INFO: [000_U..][epoch:  6, iter:   5,500, lr:(9.998e-05,6.999e-05,)] [eta: 16:56:42, time (data): 0.155 (0.002)] l_pix: 3.3577e-01 l_lpips: 3.2324e-01 
2026-07-27 17:00:11,488 INFO: [000_U..][epoch:  6, iter:   5,600, lr:(9.998e-05,6.999e-05,)] [eta: 16:52:07, time (data): 0.157 (0.002)] l_pix: 2.6407e-01 l_lpips: 2.4756e-01 
2026-07-27 17:00:27,368 INFO: [000_U..][epoch:  7, iter:   5,700, lr:(9.998e-05,6.999e-05,)] [eta: 16:47:41, time (data): 0.156 (0.002)] l_pix: 2.9872e-01 l_lpips: 2.8516e-01 
2026-07-27 17:00:42,707 INFO: [000_U..][epoch:  7, iter:   5,800, lr:(9.998e-05,6.999e-05,)] [eta: 16:42:57, time (data): 0.154 (0.002)] l_pix: 2.0863e-01 l_lpips: 1.9409e-01 
2026-07-27 17:00:58,103 INFO: [000_U..][epoch:  7, iter:   5,900, lr:(9.998e-05,6.999e-05,)] [eta: 16:38:24, time (data): 0.153 (0.002)] l_pix: 2.0533e-01 l_lpips: 1.9617e-01 
2026-07-27 17:01:13,739 INFO: [000_U..][epoch:  7, iter:   6,000, lr:(9.998e-05,6.999e-05,)] [eta: 16:34:12, time (data): 0.155 (0.002)] l_pix: 3.3766e-01 l_lpips: 3.1714e-01 
2026-07-27 17:01:29,444 INFO: [000_U..][epoch:  7, iter:   6,100, lr:(9.998e-05,6.999e-05,)] [eta: 16:30:11, time (data): 0.157 (0.002)] l_pix: 2.9308e-01 l_lpips: 2.7515e-01 
2026-07-27 17:01:45,187 INFO: [000_U..][epoch:  7, iter:   6,200, lr:(9.998e-05,6.999e-05,)] [eta: 16:26:19, time (data): 0.157 (0.002)] l_pix: 2.7242e-01 l_lpips: 2.5854e-01 
2026-07-27 17:02:00,876 INFO: [000_U..][epoch:  7, iter:   6,300, lr:(9.998e-05,6.999e-05,)] [eta: 16:22:31, time (data): 0.157 (0.002)] l_pix: 3.1981e-01 l_lpips: 3.1104e-01 
2026-07-27 17:02:16,948 INFO: [000_U..][epoch:  7, iter:   6,400, lr:(9.998e-05,6.999e-05,)] [eta: 16:19:07, time (data): 0.159 (0.002)] l_pix: 1.9178e-01 l_lpips: 1.8311e-01 
2026-07-27 17:02:33,783 INFO: [000_U..][epoch:  8, iter:   6,500, lr:(9.998e-05,6.999e-05,)] [eta: 16:16:24, time (data): 0.170 (0.002)] l_pix: 2.6173e-01 l_lpips: 2.5098e-01 
2026-07-27 17:02:50,060 INFO: [000_U..][epoch:  8, iter:   6,600, lr:(9.998e-05,6.999e-05,)] [eta: 16:13:20, time (data): 0.166 (0.002)] l_pix: 3.7697e-01 l_lpips: 3.2422e-01 
2026-07-27 17:03:05,792 INFO: [000_U..][epoch:  8, iter:   6,700, lr:(9.998e-05,6.999e-05,)] [eta: 16:09:58, time (data): 0.157 (0.002)] l_pix: 2.6310e-01 l_lpips: 2.3633e-01 
2026-07-27 17:03:21,510 INFO: [000_U..][epoch:  8, iter:   6,800, lr:(9.998e-05,6.999e-05,)] [eta: 16:06:40, time (data): 0.157 (0.002)] l_pix: 2.0559e-01 l_lpips: 1.9629e-01 
2026-07-27 17:03:37,025 INFO: [000_U..][epoch:  8, iter:   6,900, lr:(9.998e-05,6.999e-05,)] [eta: 16:03:19, time (data): 0.155 (0.002)] l_pix: 2.1365e-01 l_lpips: 1.9397e-01 
2026-07-27 17:03:52,568 INFO: [000_U..][epoch:  8, iter:   7,000, lr:(9.998e-05,6.999e-05,)] [eta: 16:00:05, time (data): 0.155 (0.002)] l_pix: 2.1182e-01 l_lpips: 1.9751e-01 
2026-07-27 17:04:08,157 INFO: [000_U..][epoch:  8, iter:   7,100, lr:(9.998e-05,6.999e-05,)] [eta: 15:56:57, time (data): 0.154 (0.002)] l_pix: 2.1284e-01 l_lpips: 2.0203e-01 
2026-07-27 17:04:23,590 INFO: [000_U..][epoch:  8, iter:   7,200, lr:(9.998e-05,6.999e-05,)] [eta: 15:53:48, time (data): 0.154 (0.002)] l_pix: 2.6714e-01 l_lpips: 2.5977e-01 
2026-07-27 17:04:39,388 INFO: [000_U..][epoch:  9, iter:   7,300, lr:(9.998e-05,6.999e-05,)] [eta: 15:50:58, time (data): 0.156 (0.002)] l_pix: 2.8404e-01 l_lpips: 2.6904e-01 
2026-07-27 17:04:55,092 INFO: [000_U..][epoch:  9, iter:   7,400, lr:(9.998e-05,6.999e-05,)] [eta: 15:48:09, time (data): 0.157 (0.002)] l_pix: 3.2660e-01 l_lpips: 2.8589e-01 
2026-07-27 17:05:10,747 INFO: [000_U..][epoch:  9, iter:   7,500, lr:(9.998e-05,6.999e-05,)] [eta: 15:45:22, time (data): 0.157 (0.002)] l_pix: 2.2397e-01 l_lpips: 2.1069e-01 
2026-07-27 17:05:26,540 INFO: [000_U..][epoch:  9, iter:   7,600, lr:(9.998e-05,6.999e-05,)] [eta: 15:42:44, time (data): 0.158 (0.002)] l_pix: 3.4392e-01 l_lpips: 3.3618e-01 
2026-07-27 17:05:42,346 INFO: [000_U..][epoch:  9, iter:   7,700, lr:(9.998e-05,6.999e-05,)] [eta: 15:40:10, time (data): 0.159 (0.002)] l_pix: 2.1685e-01 l_lpips: 2.0520e-01 
2026-07-27 17:05:58,310 INFO: [000_U..][epoch:  9, iter:   7,800, lr:(9.998e-05,6.999e-05,)] [eta: 15:37:46, time (data): 0.159 (0.002)] l_pix: 2.0760e-01 l_lpips: 1.8933e-01 
2026-07-27 17:06:13,753 INFO: [000_U..][epoch:  9, iter:   7,900, lr:(9.998e-05,6.999e-05,)] [eta: 15:35:06, time (data): 0.154 (0.002)] l_pix: 2.7773e-01 l_lpips: 2.6270e-01 
2026-07-27 17:06:29,091 INFO: [000_U..][epoch:  9, iter:   8,000, lr:(9.998e-05,6.999e-05,)] [eta: 15:32:25, time (data): 0.153 (0.002)] l_pix: 2.9243e-01 l_lpips: 2.7856e-01 
2026-07-27 17:06:44,878 INFO: [000_U..][epoch: 10, iter:   8,100, lr:(9.998e-05,6.999e-05,)] [eta: 15:30:05, time (data): 0.156 (0.002)] l_pix: 2.2177e-01 l_lpips: 2.1545e-01 
2026-07-27 17:07:00,540 INFO: [000_U..][epoch: 10, iter:   8,200, lr:(9.998e-05,6.999e-05,)] [eta: 15:27:42, time (data): 0.156 (0.002)] l_pix: 2.1493e-01 l_lpips: 2.0874e-01 
2026-07-27 17:07:16,044 INFO: [000_U..][epoch: 10, iter:   8,300, lr:(9.998e-05,6.999e-05,)] [eta: 15:25:18, time (data): 0.155 (0.002)] l_pix: 1.8656e-01 l_lpips: 1.7810e-01 
2026-07-27 17:07:31,538 INFO: [000_U..][epoch: 10, iter:   8,400, lr:(9.998e-05,6.999e-05,)] [eta: 15:22:56, time (data): 0.155 (0.002)] l_pix: 1.3708e-01 l_lpips: 1.3354e-01 
2026-07-27 17:07:47,243 INFO: [000_U..][epoch: 10, iter:   8,500, lr:(9.998e-05,6.999e-05,)] [eta: 15:20:44, time (data): 0.157 (0.002)] l_pix: 2.6340e-01 l_lpips: 2.4658e-01 
2026-07-27 17:08:03,055 INFO: [000_U..][epoch: 10, iter:   8,600, lr:(9.998e-05,6.999e-05,)] [eta: 15:18:39, time (data): 0.158 (0.002)] l_pix: 2.2686e-01 l_lpips: 2.1313e-01 
2026-07-27 17:08:18,495 INFO: [000_U..][epoch: 10, iter:   8,700, lr:(9.998e-05,6.999e-05,)] [eta: 15:16:24, time (data): 0.153 (0.002)] l_pix: 2.8200e-01 l_lpips: 2.6562e-01 
2026-07-27 17:08:33,809 INFO: [000_U..][epoch: 10, iter:   8,800, lr:(9.998e-05,6.999e-05,)] [eta: 15:14:07, time (data): 0.153 (0.002)] l_pix: 2.5448e-01 l_lpips: 2.4048e-01 
2026-07-27 17:08:49,938 INFO: [000_U..][epoch: 11, iter:   8,900, lr:(9.998e-05,6.999e-05,)] [eta: 15:12:20, time (data): 0.158 (0.002)] l_pix: 2.0026e-01 l_lpips: 1.8945e-01 
2026-07-27 17:09:05,195 INFO: [000_U..][epoch: 11, iter:   9,000, lr:(9.998e-05,6.999e-05,)] [eta: 15:10:06, time (data): 0.155 (0.002)] l_pix: 3.6029e-01 l_lpips: 3.5229e-01 
2026-07-27 17:09:20,549 INFO: [000_U..][epoch: 11, iter:   9,100, lr:(9.998e-05,6.999e-05,)] [eta: 15:07:58, time (data): 0.154 (0.002)] l_pix: 2.9186e-01 l_lpips: 2.6465e-01 
2026-07-27 17:09:36,313 INFO: [000_U..][epoch: 11, iter:   9,200, lr:(9.998e-05,6.999e-05,)] [eta: 15:06:06, time (data): 0.156 (0.002)] l_pix: 2.8351e-01 l_lpips: 2.3975e-01 
2026-07-27 17:09:52,196 INFO: [000_U..][epoch: 11, iter:   9,300, lr:(9.998e-05,6.999e-05,)] [eta: 15:04:19, time (data): 0.160 (0.002)] l_pix: 2.4703e-01 l_lpips: 2.3071e-01 
2026-07-27 17:10:08,065 INFO: [000_U..][epoch: 11, iter:   9,400, lr:(9.998e-05,6.999e-05,)] [eta: 15:02:34, time (data): 0.159 (0.002)] l_pix: 2.2301e-01 l_lpips: 2.1533e-01 
2026-07-27 17:10:23,807 INFO: [000_U..][epoch: 11, iter:   9,500, lr:(9.998e-05,6.999e-05,)] [eta: 15:00:47, time (data): 0.155 (0.002)] l_pix: 3.5510e-01 l_lpips: 3.3203e-01 
2026-07-27 17:10:39,400 INFO: [000_U..][epoch: 11, iter:   9,600, lr:(9.998e-05,6.999e-05,)] [eta: 14:58:57, time (data): 0.156 (0.002)] l_pix: 2.0599e-01 l_lpips: 2.0056e-01 
2026-07-27 17:10:55,330 INFO: [000_U..][epoch: 12, iter:   9,700, lr:(9.998e-05,6.999e-05,)] [eta: 14:57:20, time (data): 0.157 (0.002)] l_pix: 3.3803e-01 l_lpips: 3.0396e-01 
2026-07-27 17:11:11,025 INFO: [000_U..][epoch: 12, iter:   9,800, lr:(9.998e-05,6.999e-05,)] [eta: 14:55:37, time (data): 0.157 (0.002)] l_pix: 2.3391e-01 l_lpips: 2.2583e-01 
2026-07-27 17:11:26,698 INFO: [000_U..][epoch: 12, iter:   9,900, lr:(9.998e-05,6.999e-05,)] [eta: 14:53:55, time (data): 0.155 (0.002)] l_pix: 2.6583e-01 l_lpips: 2.5610e-01 
2026-07-27 17:11:42,429 INFO: [000_U..][epoch: 12, iter:  10,000, lr:(9.998e-05,6.999e-05,)] [eta: 14:52:16, time (data): 0.157 (0.002)] l_pix: 1.9735e-01 l_lpips: 1.7883e-01 
2026-07-27 17:11:42,430 INFO: Saving models and training states.
2026-07-27 17:16:40,013 INFO: Validation RealSRV3
	 # psnr: 23.0997	Best: 23.0997 @ 10000 iter
	 # ssim: 0.5424	Best: 0.5495 @ 5000 iter
	 # lpips: 0.5269	Best: 0.5269 @ 10000 iter

2026-07-27 17:16:56,956 INFO: [000_U..][epoch: 12, iter:  10,100, lr:(9.998e-05,6.999e-05,)] [eta: 17:13:35, time (data): 0.160 (0.002)] l_pix: 2.5328e-01 l_lpips: 2.2668e-01 
2026-07-27 17:17:12,455 INFO: [000_U..][epoch: 12, iter:  10,200, lr:(9.998e-05,6.999e-05,)] [eta: 17:10:26, time (data): 0.157 (0.002)] l_pix: 2.5891e-01 l_lpips: 2.4268e-01 
2026-07-27 17:17:28,029 INFO: [000_U..][epoch: 12, iter:  10,300, lr:(9.998e-05,6.999e-05,)] [eta: 17:07:23, time (data): 0.156 (0.002)] l_pix: 1.9517e-01 l_lpips: 1.8738e-01 
2026-07-27 17:17:43,549 INFO: [000_U..][epoch: 12, iter:  10,400, lr:(9.998e-05,6.999e-05,)] [eta: 17:04:21, time (data): 0.155 (0.002)] l_pix: 1.5966e-01 l_lpips: 1.4746e-01 
2026-07-27 17:18:00,086 INFO: [000_U..][epoch: 13, iter:  10,500, lr:(9.998e-05,6.999e-05,)] [eta: 17:01:51, time (data): 0.165 (0.002)] l_pix: 1.9881e-01 l_lpips: 1.8616e-01 
2026-07-27 17:18:15,768 INFO: [000_U..][epoch: 13, iter:  10,600, lr:(9.998e-05,6.999e-05,)] [eta: 16:59:00, time (data): 0.159 (0.002)] l_pix: 2.4732e-01 l_lpips: 2.3657e-01 
2026-07-27 17:18:31,155 INFO: [000_U..][epoch: 13, iter:  10,700, lr:(9.998e-05,6.999e-05,)] [eta: 16:56:03, time (data): 0.154 (0.002)] l_pix: 2.6607e-01 l_lpips: 2.5000e-01 
2026-07-27 17:18:46,510 INFO: [000_U..][epoch: 13, iter:  10,800, lr:(9.998e-05,6.999e-05,)] [eta: 16:53:09, time (data): 0.154 (0.002)] l_pix: 1.7326e-01 l_lpips: 1.6907e-01 
2026-07-27 17:19:01,937 INFO: [000_U..][epoch: 13, iter:  10,900, lr:(9.998e-05,6.999e-05,)] [eta: 16:50:20, time (data): 0.154 (0.002)] l_pix: 2.2787e-01 l_lpips: 2.1130e-01 
2026-07-27 17:19:17,343 INFO: [000_U..][epoch: 13, iter:  11,000, lr:(9.998e-05,6.999e-05,)] [eta: 16:47:33, time (data): 0.154 (0.002)] l_pix: 2.3342e-01 l_lpips: 2.1606e-01 
2026-07-27 17:19:32,885 INFO: [000_U..][epoch: 13, iter:  11,100, lr:(9.998e-05,6.999e-05,)] [eta: 16:44:52, time (data): 0.157 (0.002)] l_pix: 1.9495e-01 l_lpips: 1.8262e-01 
2026-07-27 17:19:48,285 INFO: [000_U..][epoch: 13, iter:  11,200, lr:(9.998e-05,6.999e-05,)] [eta: 16:42:10, time (data): 0.155 (0.002)] l_pix: 3.4856e-01 l_lpips: 3.3691e-01 
2026-07-27 17:20:04,345 INFO: [000_U..][epoch: 14, iter:  11,300, lr:(9.998e-05,6.999e-05,)] [eta: 16:39:48, time (data): 0.157 (0.002)] l_pix: 2.2950e-01 l_lpips: 2.2021e-01 
2026-07-27 17:20:19,715 INFO: [000_U..][epoch: 14, iter:  11,400, lr:(9.998e-05,6.999e-05,)] [eta: 16:37:10, time (data): 0.155 (0.002)] l_pix: 1.8264e-01 l_lpips: 1.7065e-01 
2026-07-27 17:20:35,356 INFO: [000_U..][epoch: 14, iter:  11,500, lr:(9.998e-05,6.999e-05,)] [eta: 16:34:42, time (data): 0.157 (0.002)] l_pix: 1.8683e-01 l_lpips: 1.7908e-01 
2026-07-27 17:20:51,205 INFO: [000_U..][epoch: 14, iter:  11,600, lr:(9.998e-05,6.999e-05,)] [eta: 16:32:21, time (data): 0.158 (0.002)] l_pix: 2.9752e-01 l_lpips: 2.8125e-01 
2026-07-27 17:21:07,152 INFO: [000_U..][epoch: 14, iter:  11,700, lr:(9.998e-05,6.999e-05,)] [eta: 16:30:04, time (data): 0.161 (0.002)] l_pix: 3.7585e-01 l_lpips: 3.2544e-01 
2026-07-27 17:21:22,717 INFO: [000_U..][epoch: 14, iter:  11,800, lr:(9.998e-05,6.999e-05,)] [eta: 16:27:40, time (data): 0.157 (0.002)] l_pix: 1.9267e-01 l_lpips: 1.7896e-01 
2026-07-27 17:21:38,166 INFO: [000_U..][epoch: 14, iter:  11,900, lr:(9.998e-05,6.999e-05,)] [eta: 16:25:16, time (data): 0.155 (0.002)] l_pix: 3.0503e-01 l_lpips: 2.9688e-01 
2026-07-27 17:21:53,581 INFO: [000_U..][epoch: 14, iter:  12,000, lr:(9.998e-05,6.999e-05,)] [eta: 16:22:53, time (data): 0.154 (0.002)] l_pix: 2.6258e-01 l_lpips: 2.4805e-01 
2026-07-27 17:22:09,565 INFO: [000_U..][epoch: 15, iter:  12,100, lr:(9.998e-05,6.999e-05,)] [eta: 16:20:46, time (data): 0.157 (0.002)] l_pix: 1.9295e-01 l_lpips: 1.8542e-01 
2026-07-27 17:22:25,251 INFO: [000_U..][epoch: 15, iter:  12,200, lr:(9.998e-05,6.999e-05,)] [eta: 16:18:33, time (data): 0.157 (0.002)] l_pix: 2.6947e-01 l_lpips: 2.4939e-01 
2026-07-27 17:22:41,007 INFO: [000_U..][epoch: 15, iter:  12,300, lr:(9.998e-05,6.999e-05,)] [eta: 16:16:24, time (data): 0.157 (0.002)] l_pix: 2.7029e-01 l_lpips: 2.5464e-01 
2026-07-27 17:22:56,526 INFO: [000_U..][epoch: 15, iter:  12,400, lr:(9.998e-05,6.999e-05,)] [eta: 16:14:11, time (data): 0.156 (0.002)] l_pix: 2.4079e-01 l_lpips: 2.2192e-01 
2026-07-27 17:23:12,058 INFO: [000_U..][epoch: 15, iter:  12,500, lr:(9.998e-05,6.999e-05,)] [eta: 16:12:01, time (data): 0.156 (0.002)] l_pix: 2.9038e-01 l_lpips: 2.6953e-01 
2026-07-27 17:23:27,865 INFO: [000_U..][epoch: 15, iter:  12,600, lr:(9.998e-05,6.999e-05,)] [eta: 16:09:58, time (data): 0.157 (0.002)] l_pix: 2.7753e-01 l_lpips: 2.6367e-01 
2026-07-27 17:23:43,329 INFO: [000_U..][epoch: 15, iter:  12,700, lr:(9.998e-05,6.999e-05,)] [eta: 16:07:50, time (data): 0.154 (0.002)] l_pix: 3.1498e-01 l_lpips: 2.7856e-01 
2026-07-27 17:23:58,626 INFO: [000_U..][epoch: 15, iter:  12,800, lr:(9.998e-05,6.999e-05,)] [eta: 16:05:39, time (data): 0.153 (0.002)] l_pix: 1.7166e-01 l_lpips: 1.6064e-01 
2026-07-27 17:24:14,638 INFO: [000_U..][epoch: 16, iter:  12,900, lr:(9.998e-05,6.999e-05,)] [eta: 16:03:47, time (data): 0.156 (0.002)] l_pix: 1.8790e-01 l_lpips: 1.7969e-01 
2026-07-27 17:24:30,416 INFO: [000_U..][epoch: 16, iter:  13,000, lr:(9.998e-05,6.999e-05,)] [eta: 16:01:50, time (data): 0.157 (0.002)] l_pix: 1.7062e-01 l_lpips: 1.5601e-01 
2026-07-27 17:24:46,079 INFO: [000_U..][epoch: 16, iter:  13,100, lr:(9.998e-05,6.999e-05,)] [eta: 15:59:53, time (data): 0.157 (0.002)] l_pix: 2.6350e-01 l_lpips: 2.4341e-01 
2026-07-27 17:25:01,933 INFO: [000_U..][epoch: 16, iter:  13,200, lr:(9.998e-05,6.999e-05,)] [eta: 15:58:01, time (data): 0.158 (0.002)] l_pix: 2.5226e-01 l_lpips: 2.4707e-01 
2026-07-27 17:25:17,651 INFO: [000_U..][epoch: 16, iter:  13,300, lr:(9.998e-05,6.999e-05,)] [eta: 15:56:08, time (data): 0.156 (0.002)] l_pix: 2.4231e-01 l_lpips: 2.2156e-01 
2026-07-27 17:25:33,020 INFO: [000_U..][epoch: 16, iter:  13,400, lr:(9.998e-05,6.999e-05,)] [eta: 15:54:08, time (data): 0.154 (0.002)] l_pix: 1.3245e-01 l_lpips: 1.2195e-01 
2026-07-27 17:25:48,410 INFO: [000_U..][epoch: 16, iter:  13,500, lr:(9.998e-05,6.999e-05,)] [eta: 15:52:11, time (data): 0.154 (0.002)] l_pix: 2.6718e-01 l_lpips: 2.6318e-01 
2026-07-27 17:26:03,940 INFO: [000_U..][epoch: 16, iter:  13,600, lr:(9.998e-05,6.999e-05,)] [eta: 15:50:18, time (data): 0.155 (0.002)] l_pix: 2.2036e-01 l_lpips: 2.0581e-01 
2026-07-27 17:26:19,887 INFO: [000_U..][epoch: 17, iter:  13,700, lr:(9.998e-05,6.999e-05,)] [eta: 15:48:36, time (data): 0.158 (0.002)] l_pix: 2.9470e-01 l_lpips: 2.7466e-01 
2026-07-27 17:26:35,482 INFO: [000_U..][epoch: 17, iter:  13,800, lr:(9.998e-05,6.999e-05,)] [eta: 15:46:47, time (data): 0.157 (0.002)] l_pix: 2.7788e-01 l_lpips: 2.6685e-01 
2026-07-27 17:26:50,886 INFO: [000_U..][epoch: 17, iter:  13,900, lr:(9.998e-05,6.999e-05,)] [eta: 15:44:56, time (data): 0.154 (0.002)] l_pix: 2.3410e-01 l_lpips: 2.2949e-01 
2026-07-27 17:27:06,297 INFO: [000_U..][epoch: 17, iter:  14,000, lr:(9.998e-05,6.999e-05,)] [eta: 15:43:06, time (data): 0.154 (0.002)] l_pix: 2.1588e-01 l_lpips: 2.0605e-01 
2026-07-27 17:27:21,841 INFO: [000_U..][epoch: 17, iter:  14,100, lr:(9.998e-05,6.999e-05,)] [eta: 15:41:20, time (data): 0.157 (0.002)] l_pix: 2.2357e-01 l_lpips: 2.1338e-01 
2026-07-27 17:27:37,258 INFO: [000_U..][epoch: 17, iter:  14,200, lr:(9.998e-05,6.999e-05,)] [eta: 15:39:33, time (data): 0.155 (0.002)] l_pix: 2.7208e-01 l_lpips: 2.5269e-01 
2026-07-27 17:27:52,796 INFO: [000_U..][epoch: 17, iter:  14,300, lr:(9.998e-05,6.999e-05,)] [eta: 15:37:49, time (data): 0.158 (0.002)] l_pix: 2.1475e-01 l_lpips: 2.0239e-01 
2026-07-27 17:28:08,626 INFO: [000_U..][epoch: 17, iter:  14,400, lr:(9.998e-05,6.999e-05,)] [eta: 15:36:13, time (data): 0.158 (0.002)] l_pix: 2.7549e-01 l_lpips: 2.6685e-01 
2026-07-27 17:28:24,824 INFO: [000_U..][epoch: 18, iter:  14,500, lr:(9.998e-05,6.999e-05,)] [eta: 15:34:45, time (data): 0.158 (0.002)] l_pix: 2.7788e-01 l_lpips: 2.6758e-01 
2026-07-27 17:28:40,589 INFO: [000_U..][epoch: 18, iter:  14,600, lr:(9.998e-05,6.999e-05,)] [eta: 15:33:10, time (data): 0.158 (0.002)] l_pix: 1.8193e-01 l_lpips: 1.7578e-01 
2026-07-27 17:28:56,371 INFO: [000_U..][epoch: 18, iter:  14,700, lr:(9.998e-05,6.999e-05,)] [eta: 15:31:36, time (data): 0.156 (0.002)] l_pix: 2.5614e-01 l_lpips: 2.3364e-01 
2026-07-27 17:29:12,012 INFO: [000_U..][epoch: 18, iter:  14,800, lr:(9.998e-05,6.999e-05,)] [eta: 15:30:00, time (data): 0.156 (0.002)] l_pix: 2.2369e-01 l_lpips: 2.1729e-01 
2026-07-27 17:29:27,558 INFO: [000_U..][epoch: 18, iter:  14,900, lr:(9.998e-05,6.999e-05,)] [eta: 15:28:23, time (data): 0.154 (0.002)] l_pix: 2.1030e-01 l_lpips: 1.9287e-01 
2026-07-27 17:29:42,884 INFO: [000_U..][epoch: 18, iter:  15,000, lr:(9.998e-05,6.999e-05,)] [eta: 15:26:44, time (data): 0.153 (0.002)] l_pix: 2.3633e-01 l_lpips: 2.2888e-01 
2026-07-27 17:34:13,000 INFO: Validation RealSRV3
	 # psnr: 22.9976	Best: 23.0997 @ 10000 iter
	 # ssim: 0.5635	Best: 0.5635 @ 15000 iter
	 # lpips: 0.5162	Best: 0.5162 @ 15000 iter

2026-07-27 17:34:28,421 INFO: [000_U..][epoch: 18, iter:  15,100, lr:(9.998e-05,6.999e-05,)] [eta: 16:50:03, time (data): 0.155 (0.002)] l_pix: 1.8568e-01 l_lpips: 1.7700e-01 
2026-07-27 17:34:44,002 INFO: [000_U..][epoch: 18, iter:  15,200, lr:(9.998e-05,6.999e-05,)] [eta: 16:47:55, time (data): 0.156 (0.002)] l_pix: 1.8266e-01 l_lpips: 1.7920e-01 
2026-07-27 17:34:59,956 INFO: [000_U..][epoch: 19, iter:  15,300, lr:(9.998e-05,6.999e-05,)] [eta: 16:45:56, time (data): 0.157 (0.002)] l_pix: 2.2105e-01 l_lpips: 2.0825e-01 
2026-07-27 17:35:16,115 INFO: [000_U..][epoch: 19, iter:  15,400, lr:(9.998e-05,6.999e-05,)] [eta: 16:44:01, time (data): 0.161 (0.002)] l_pix: 2.9196e-01 l_lpips: 2.4487e-01 
2026-07-27 17:35:31,943 INFO: [000_U..][epoch: 19, iter:  15,500, lr:(9.998e-05,6.999e-05,)] [eta: 16:42:02, time (data): 0.158 (0.002)] l_pix: 2.4987e-01 l_lpips: 2.3242e-01 
2026-07-27 17:35:47,732 INFO: [000_U..][epoch: 19, iter:  15,600, lr:(9.998e-05,6.999e-05,)] [eta: 16:40:04, time (data): 0.158 (0.002)] l_pix: 1.7836e-01 l_lpips: 1.7102e-01 
2026-07-27 17:36:03,558 INFO: [000_U..][epoch: 19, iter:  15,700, lr:(9.998e-05,6.999e-05,)] [eta: 16:38:07, time (data): 0.160 (0.002)] l_pix: 2.1702e-01 l_lpips: 2.0996e-01 
2026-07-27 17:36:19,888 INFO: [000_U..][epoch: 19, iter:  15,800, lr:(9.998e-05,6.999e-05,)] [eta: 16:36:21, time (data): 0.163 (0.002)] l_pix: 1.4009e-01 l_lpips: 1.2720e-01 
2026-07-27 17:36:35,892 INFO: [000_U..][epoch: 19, iter:  15,900, lr:(9.998e-05,6.999e-05,)] [eta: 16:34:30, time (data): 0.162 (0.002)] l_pix: 2.0577e-01 l_lpips: 1.9922e-01 
2026-07-27 17:36:51,855 INFO: [000_U..][epoch: 19, iter:  16,000, lr:(9.998e-05,6.999e-05,)] [eta: 16:32:40, time (data): 0.160 (0.002)] l_pix: 2.3890e-01 l_lpips: 2.2754e-01 
2026-07-27 17:37:07,779 INFO: [000_U..][epoch: 20, iter:  16,100, lr:(9.998e-05,6.999e-05,)] [eta: 16:30:50, time (data): 0.158 (0.002)] l_pix: 2.7132e-01 l_lpips: 2.5195e-01 
2026-07-27 17:37:23,492 INFO: [000_U..][epoch: 20, iter:  16,200, lr:(9.998e-05,6.999e-05,)] [eta: 16:28:57, time (data): 0.157 (0.002)] l_pix: 2.2398e-01 l_lpips: 2.1497e-01 
2026-07-27 17:37:39,127 INFO: [000_U..][epoch: 20, iter:  16,300, lr:(9.998e-05,6.999e-05,)] [eta: 16:27:04, time (data): 0.160 (0.002)] l_pix: 1.9468e-01 l_lpips: 1.8652e-01 
2026-07-27 17:37:54,879 INFO: [000_U..][epoch: 20, iter:  16,400, lr:(9.998e-05,6.999e-05,)] [eta: 16:25:15, time (data): 0.158 (0.002)] l_pix: 2.4317e-01 l_lpips: 2.2534e-01 
2026-07-27 17:38:10,437 INFO: [000_U..][epoch: 20, iter:  16,500, lr:(9.998e-05,6.999e-05,)] [eta: 16:23:23, time (data): 0.158 (0.002)] l_pix: 3.0145e-01 l_lpips: 2.9199e-01 
2026-07-27 17:38:26,452 INFO: [000_U..][epoch: 20, iter:  16,600, lr:(9.998e-05,6.999e-05,)] [eta: 16:21:41, time (data): 0.160 (0.002)] l_pix: 2.0662e-01 l_lpips: 1.9873e-01 
2026-07-27 17:38:42,472 INFO: [000_U..][epoch: 20, iter:  16,700, lr:(9.998e-05,6.999e-05,)] [eta: 16:19:59, time (data): 0.160 (0.002)] l_pix: 2.1687e-01 l_lpips: 2.1533e-01 
2026-07-27 17:38:58,102 INFO: [000_U..][epoch: 20, iter:  16,800, lr:(9.998e-05,6.999e-05,)] [eta: 16:18:12, time (data): 0.157 (0.002)] l_pix: 1.8461e-01 l_lpips: 1.7883e-01 
2026-07-27 17:39:14,095 INFO: [000_U..][epoch: 21, iter:  16,900, lr:(9.998e-05,6.999e-05,)] [eta: 16:16:32, time (data): 0.157 (0.002)] l_pix: 3.0138e-01 l_lpips: 2.7979e-01 
2026-07-27 17:39:29,581 INFO: [000_U..][epoch: 21, iter:  17,000, lr:(9.998e-05,6.999e-05,)] [eta: 16:14:44, time (data): 0.155 (0.002)] l_pix: 1.4193e-01 l_lpips: 1.3599e-01 
2026-07-27 17:39:45,396 INFO: [000_U..][epoch: 21, iter:  17,100, lr:(9.998e-05,6.999e-05,)] [eta: 16:13:03, time (data): 0.157 (0.002)] l_pix: 2.3547e-01 l_lpips: 2.2986e-01 
2026-07-27 17:40:01,384 INFO: [000_U..][epoch: 21, iter:  17,200, lr:(9.998e-05,6.999e-05,)] [eta: 16:11:26, time (data): 0.160 (0.002)] l_pix: 2.1454e-01 l_lpips: 2.0886e-01 
2026-07-27 17:40:17,520 INFO: [000_U..][epoch: 21, iter:  17,300, lr:(9.998e-05,6.999e-05,)] [eta: 16:09:53, time (data): 0.164 (0.002)] l_pix: 1.1476e-01 l_lpips: 1.0742e-01 
2026-07-27 17:40:33,314 INFO: [000_U..][epoch: 21, iter:  17,400, lr:(9.998e-05,6.999e-05,)] [eta: 16:08:14, time (data): 0.159 (0.002)] l_pix: 3.0007e-01 l_lpips: 2.8638e-01 
2026-07-27 17:40:49,274 INFO: [000_U..][epoch: 21, iter:  17,500, lr:(9.998e-05,6.999e-05,)] [eta: 16:06:40, time (data): 0.160 (0.002)] l_pix: 2.0697e-01 l_lpips: 1.9336e-01 
2026-07-27 17:41:05,336 INFO: [000_U..][epoch: 21, iter:  17,600, lr:(9.998e-05,6.999e-05,)] [eta: 16:05:07, time (data): 0.161 (0.002)] l_pix: 2.6999e-01 l_lpips: 2.6099e-01 
2026-07-27 17:41:21,683 INFO: [000_U..][epoch: 22, iter:  17,700, lr:(9.998e-05,6.999e-05,)] [eta: 16:03:40, time (data): 0.160 (0.002)] l_pix: 2.2322e-01 l_lpips: 2.1655e-01 
2026-07-27 17:41:37,519 INFO: [000_U..][epoch: 22, iter:  17,800, lr:(9.998e-05,6.999e-05,)] [eta: 16:02:06, time (data): 0.159 (0.002)] l_pix: 2.4540e-01 l_lpips: 2.3303e-01 
2026-07-27 17:41:52,892 INFO: [000_U..][epoch: 22, iter:  17,900, lr:(9.998e-05,6.999e-05,)] [eta: 16:00:26, time (data): 0.154 (0.002)] l_pix: 1.8771e-01 l_lpips: 1.7773e-01 
2026-07-27 17:42:08,357 INFO: [000_U..][epoch: 22, iter:  18,000, lr:(9.998e-05,6.999e-05,)] [eta: 15:58:48, time (data): 0.155 (0.002)] l_pix: 2.3341e-01 l_lpips: 2.2559e-01 
2026-07-27 17:42:23,738 INFO: [000_U..][epoch: 22, iter:  18,100, lr:(9.998e-05,6.999e-05,)] [eta: 15:57:09, time (data): 0.152 (0.002)] l_pix: 1.3603e-01 l_lpips: 1.3354e-01 
2026-07-27 17:42:39,106 INFO: [000_U..][epoch: 22, iter:  18,200, lr:(9.998e-05,6.999e-05,)] [eta: 15:55:31, time (data): 0.154 (0.002)] l_pix: 3.0792e-01 l_lpips: 2.5977e-01 
2026-07-27 17:42:54,428 INFO: [000_U..][epoch: 22, iter:  18,300, lr:(9.998e-05,6.999e-05,)] [eta: 15:53:54, time (data): 0.152 (0.002)] l_pix: 2.9849e-01 l_lpips: 2.8271e-01 
2026-07-27 17:43:09,731 INFO: [000_U..][epoch: 22, iter:  18,400, lr:(9.998e-05,6.999e-05,)] [eta: 15:52:16, time (data): 0.153 (0.002)] l_pix: 2.4152e-01 l_lpips: 2.3486e-01 
2026-07-27 17:43:25,963 INFO: [000_U..][epoch: 23, iter:  18,500, lr:(9.998e-05,6.999e-05,)] [eta: 15:50:54, time (data): 0.161 (0.002)] l_pix: 3.5041e-01 l_lpips: 3.0200e-01 
2026-07-27 17:43:41,798 INFO: [000_U..][epoch: 23, iter:  18,600, lr:(9.998e-05,6.999e-05,)] [eta: 15:49:27, time (data): 0.159 (0.002)] l_pix: 2.9637e-01 l_lpips: 2.8052e-01 
2026-07-27 17:43:57,587 INFO: [000_U..][epoch: 23, iter:  18,700, lr:(9.998e-05,6.999e-05,)] [eta: 15:48:00, time (data): 0.158 (0.002)] l_pix: 2.0276e-01 l_lpips: 1.8762e-01 
2026-07-27 17:44:12,963 INFO: [000_U..][epoch: 23, iter:  18,800, lr:(9.998e-05,6.999e-05,)] [eta: 15:46:27, time (data): 0.154 (0.002)] l_pix: 2.1765e-01 l_lpips: 2.1289e-01 
2026-07-27 17:44:28,367 INFO: [000_U..][epoch: 23, iter:  18,900, lr:(9.998e-05,6.999e-05,)] [eta: 15:44:56, time (data): 0.153 (0.002)] l_pix: 2.1654e-01 l_lpips: 2.0374e-01 
2026-07-27 17:44:43,805 INFO: [000_U..][epoch: 23, iter:  19,000, lr:(9.998e-05,6.999e-05,)] [eta: 15:43:26, time (data): 0.154 (0.002)] l_pix: 2.8452e-01 l_lpips: 2.6025e-01 
2026-07-27 17:44:59,226 INFO: [000_U..][epoch: 23, iter:  19,100, lr:(9.998e-05,6.999e-05,)] [eta: 15:41:56, time (data): 0.153 (0.002)] l_pix: 3.2857e-01 l_lpips: 2.9395e-01 
2026-07-27 17:45:14,634 INFO: [000_U..][epoch: 23, iter:  19,200, lr:(9.998e-05,6.999e-05,)] [eta: 15:40:27, time (data): 0.154 (0.002)] l_pix: 1.1832e-01 l_lpips: 1.1621e-01 
2026-07-27 17:45:30,345 INFO: [000_U..][epoch: 24, iter:  19,300, lr:(9.998e-05,6.999e-05,)] [eta: 15:39:03, time (data): 0.153 (0.002)] l_pix: 2.3107e-01 l_lpips: 2.0520e-01 
2026-07-27 17:45:45,743 INFO: [000_U..][epoch: 24, iter:  19,400, lr:(9.998e-05,6.999e-05,)] [eta: 15:37:35, time (data): 0.154 (0.002)] l_pix: 2.0730e-01 l_lpips: 1.9702e-01 
2026-07-27 17:46:01,125 INFO: [000_U..][epoch: 24, iter:  19,500, lr:(9.998e-05,6.999e-05,)] [eta: 15:36:08, time (data): 0.153 (0.002)] l_pix: 3.1309e-01 l_lpips: 2.7539e-01 
2026-07-27 17:46:16,502 INFO: [000_U..][epoch: 24, iter:  19,600, lr:(9.998e-05,6.999e-05,)] [eta: 15:34:42, time (data): 0.154 (0.002)] l_pix: 2.7335e-01 l_lpips: 2.5391e-01 
2026-07-27 17:46:32,082 INFO: [000_U..][epoch: 24, iter:  19,700, lr:(9.998e-05,6.999e-05,)] [eta: 15:33:19, time (data): 0.153 (0.002)] l_pix: 2.6505e-01 l_lpips: 2.5391e-01 
2026-07-27 17:46:47,451 INFO: [000_U..][epoch: 24, iter:  19,800, lr:(9.998e-05,6.999e-05,)] [eta: 15:31:54, time (data): 0.154 (0.002)] l_pix: 2.4190e-01 l_lpips: 2.3230e-01 
2026-07-27 17:47:02,874 INFO: [000_U..][epoch: 24, iter:  19,900, lr:(9.998e-05,6.999e-05,)] [eta: 15:30:30, time (data): 0.153 (0.002)] l_pix: 1.9933e-01 l_lpips: 1.7993e-01 
2026-07-27 17:47:19,093 INFO: [000_U..][epoch: 24, iter:  20,000, lr:(9.998e-05,6.999e-05,)] [eta: 15:29:18, time (data): 0.162 (0.002)] l_pix: 2.0489e-01 l_lpips: 1.9727e-01 
2026-07-27 17:47:19,093 INFO: Saving models and training states.
2026-07-27 17:51:56,252 INFO: Validation RealSRV3
	 # psnr: 23.2417	Best: 23.2417 @ 20000 iter
	 # ssim: 0.5935	Best: 0.5935 @ 20000 iter
	 # lpips: 0.4752	Best: 0.4752 @ 20000 iter

2026-07-27 17:52:13,678 INFO: [000_U..][epoch: 25, iter:  20,100, lr:(9.998e-05,6.999e-05,)] [eta: 16:32:43, time (data): 0.168 (0.003)] l_pix: 2.5994e-01 l_lpips: 2.3706e-01 
2026-07-27 17:52:30,393 INFO: [000_U..][epoch: 25, iter:  20,200, lr:(9.998e-05,6.999e-05,)] [eta: 16:31:18, time (data): 0.167 (0.002)] l_pix: 2.3791e-01 l_lpips: 2.2144e-01 
2026-07-27 17:52:47,148 INFO: [000_U..][epoch: 25, iter:  20,300, lr:(9.998e-05,6.999e-05,)] [eta: 16:29:55, time (data): 0.167 (0.002)] l_pix: 3.2645e-01 l_lpips: 3.1787e-01 
2026-07-27 17:53:03,880 INFO: [000_U..][epoch: 25, iter:  20,400, lr:(9.998e-05,6.999e-05,)] [eta: 16:28:32, time (data): 0.167 (0.002)] l_pix: 1.1036e-01 l_lpips: 1.0504e-01 
2026-07-27 17:53:20,563 INFO: [000_U..][epoch: 25, iter:  20,500, lr:(9.998e-05,6.999e-05,)] [eta: 16:27:09, time (data): 0.167 (0.002)] l_pix: 1.5430e-01 l_lpips: 1.4795e-01 
2026-07-27 17:53:37,392 INFO: [000_U..][epoch: 25, iter:  20,600, lr:(9.998e-05,6.999e-05,)] [eta: 16:25:49, time (data): 0.168 (0.002)] l_pix: 2.6084e-01 l_lpips: 2.4744e-01 
2026-07-27 17:53:54,034 INFO: [000_U..][epoch: 25, iter:  20,700, lr:(9.998e-05,6.999e-05,)] [eta: 16:24:26, time (data): 0.167 (0.002)] l_pix: 2.3975e-01 l_lpips: 2.3535e-01 
2026-07-27 17:54:10,488 INFO: [000_U..][epoch: 25, iter:  20,800, lr:(9.998e-05,6.999e-05,)] [eta: 16:23:02, time (data): 0.165 (0.002)] l_pix: 2.0220e-01 l_lpips: 1.9531e-01 
2026-07-27 17:54:26,988 INFO: [000_U..][epoch: 26, iter:  20,900, lr:(9.998e-05,6.999e-05,)] [eta: 16:21:39, time (data): 0.165 (0.003)] l_pix: 2.1607e-01 l_lpips: 2.1338e-01 
2026-07-27 17:54:42,958 INFO: [000_U..][epoch: 26, iter:  21,000, lr:(9.998e-05,6.999e-05,)] [eta: 16:20:10, time (data): 0.160 (0.002)] l_pix: 3.7158e-01 l_lpips: 3.2471e-01 
2026-07-27 17:54:58,874 INFO: [000_U..][epoch: 26, iter:  21,100, lr:(9.998e-05,6.999e-05,)] [eta: 16:18:41, time (data): 0.159 (0.002)] l_pix: 1.5387e-01 l_lpips: 1.1621e-01 
2026-07-27 17:55:14,779 INFO: [000_U..][epoch: 26, iter:  21,200, lr:(9.998e-05,6.999e-05,)] [eta: 16:17:12, time (data): 0.159 (0.002)] l_pix: 2.0753e-01 l_lpips: 2.0569e-01 
2026-07-27 17:55:30,987 INFO: [000_U..][epoch: 26, iter:  21,300, lr:(9.998e-05,6.999e-05,)] [eta: 16:15:48, time (data): 0.161 (0.002)] l_pix: 2.8018e-01 l_lpips: 2.5684e-01 
2026-07-27 17:55:46,955 INFO: [000_U..][epoch: 26, iter:  21,400, lr:(9.998e-05,6.999e-05,)] [eta: 16:14:21, time (data): 0.160 (0.002)] l_pix: 1.9436e-01 l_lpips: 1.8799e-01 
2026-07-27 17:56:03,027 INFO: [000_U..][epoch: 26, iter:  21,500, lr:(9.998e-05,6.999e-05,)] [eta: 16:12:57, time (data): 0.160 (0.002)] l_pix: 2.3860e-01 l_lpips: 2.2656e-01 
2026-07-27 17:56:19,404 INFO: [000_U..][epoch: 26, iter:  21,600, lr:(9.998e-05,6.999e-05,)] [eta: 16:11:37, time (data): 0.164 (0.002)] l_pix: 2.8050e-01 l_lpips: 2.7002e-01 
2026-07-27 17:56:36,982 INFO: [000_U..][epoch: 27, iter:  21,700, lr:(9.998e-05,6.999e-05,)] [eta: 16:10:32, time (data): 0.170 (0.003)] l_pix: 2.4410e-01 l_lpips: 2.3267e-01 
2026-07-27 17:56:54,287 INFO: [000_U..][epoch: 27, iter:  21,800, lr:(9.998e-05,6.999e-05,)] [eta: 16:09:25, time (data): 0.173 (0.002)] l_pix: 2.8109e-01 l_lpips: 2.5513e-01 
2026-07-27 17:57:11,483 INFO: [000_U..][epoch: 27, iter:  21,900, lr:(9.998e-05,6.999e-05,)] [eta: 16:08:17, time (data): 0.172 (0.002)] l_pix: 1.8652e-01 l_lpips: 1.7908e-01 
2026-07-27 17:57:28,429 INFO: [000_U..][epoch: 27, iter:  22,000, lr:(9.998e-05,6.999e-05,)] [eta: 16:07:07, time (data): 0.169 (0.002)] l_pix: 2.4367e-01 l_lpips: 2.2888e-01 
2026-07-27 17:57:45,814 INFO: [000_U..][epoch: 27, iter:  22,100, lr:(9.998e-05,6.999e-05,)] [eta: 16:06:02, time (data): 0.172 (0.002)] l_pix: 1.6409e-01 l_lpips: 1.5576e-01 
2026-07-27 17:58:02,646 INFO: [000_U..][epoch: 27, iter:  22,200, lr:(9.998e-05,6.999e-05,)] [eta: 16:04:51, time (data): 0.168 (0.002)] l_pix: 2.6688e-01 l_lpips: 2.6050e-01 
2026-07-27 17:58:19,629 INFO: [000_U..][epoch: 27, iter:  22,300, lr:(9.998e-05,6.999e-05,)] [eta: 16:03:42, time (data): 0.169 (0.002)] l_pix: 2.9424e-01 l_lpips: 2.5293e-01 
2026-07-27 17:58:36,278 INFO: [000_U..][epoch: 27, iter:  22,400, lr:(9.998e-05,6.999e-05,)] [eta: 16:02:29, time (data): 0.167 (0.002)] l_pix: 2.0836e-01 l_lpips: 1.9702e-01 
2026-07-27 17:58:53,413 INFO: [000_U..][epoch: 28, iter:  22,500, lr:(9.998e-05,6.999e-05,)] [eta: 16:01:23, time (data): 0.169 (0.004)] l_pix: 1.8051e-01 l_lpips: 1.6858e-01 
2026-07-27 17:59:10,527 INFO: [000_U..][epoch: 28, iter:  22,600, lr:(9.998e-05,6.999e-05,)] [eta: 16:00:17, time (data): 0.170 (0.002)] l_pix: 2.2618e-01 l_lpips: 2.1680e-01 
2026-07-27 17:59:26,866 INFO: [000_U..][epoch: 28, iter:  22,700, lr:(9.998e-05,6.999e-05,)] [eta: 15:59:02, time (data): 0.167 (0.002)] l_pix: 2.6041e-01 l_lpips: 2.4646e-01 
2026-07-27 17:59:43,496 INFO: [000_U..][epoch: 28, iter:  22,800, lr:(9.998e-05,6.999e-05,)] [eta: 15:57:52, time (data): 0.167 (0.002)] l_pix: 2.6533e-01 l_lpips: 2.4573e-01 
2026-07-27 17:59:59,405 INFO: [000_U..][epoch: 28, iter:  22,900, lr:(9.998e-05,6.999e-05,)] [eta: 15:56:32, time (data): 0.163 (0.002)] l_pix: 2.0486e-01 l_lpips: 1.9629e-01 
2026-07-27 18:00:15,099 INFO: [000_U..][epoch: 28, iter:  23,000, lr:(9.998e-05,6.999e-05,)] [eta: 15:55:11, time (data): 0.157 (0.002)] l_pix: 2.7051e-01 l_lpips: 2.5488e-01 
2026-07-27 18:00:31,128 INFO: [000_U..][epoch: 28, iter:  23,100, lr:(9.998e-05,6.999e-05,)] [eta: 15:53:55, time (data): 0.159 (0.002)] l_pix: 1.7220e-01 l_lpips: 1.6064e-01 
2026-07-27 18:00:47,215 INFO: [000_U..][epoch: 28, iter:  23,200, lr:(9.998e-05,6.999e-05,)] [eta: 15:52:39, time (data): 0.161 (0.002)] l_pix: 1.4876e-01 l_lpips: 1.3562e-01 
2026-07-27 18:01:04,481 INFO: [000_U..][epoch: 29, iter:  23,300, lr:(9.998e-05,6.999e-05,)] [eta: 15:51:39, time (data): 0.167 (0.004)] l_pix: 1.1652e-01 l_lpips: 1.1194e-01 
2026-07-27 18:01:21,583 INFO: [000_U..][epoch: 29, iter:  23,400, lr:(9.998e-05,6.999e-05,)] [eta: 15:50:36, time (data): 0.171 (0.002)] l_pix: 2.4371e-01 l_lpips: 2.3291e-01 
2026-07-27 18:01:38,753 INFO: [000_U..][epoch: 29, iter:  23,500, lr:(9.998e-05,6.999e-05,)] [eta: 15:49:35, time (data): 0.171 (0.002)] l_pix: 2.8542e-01 l_lpips: 2.6953e-01 
2026-07-27 18:01:55,981 INFO: [000_U..][epoch: 29, iter:  23,600, lr:(9.998e-05,6.999e-05,)] [eta: 15:48:35, time (data): 0.172 (0.002)] l_pix: 1.4460e-01 l_lpips: 1.3452e-01 
2026-07-27 18:02:13,264 INFO: [000_U..][epoch: 29, iter:  23,700, lr:(9.998e-05,6.999e-05,)] [eta: 15:47:36, time (data): 0.173 (0.002)] l_pix: 3.0330e-01 l_lpips: 2.9883e-01 
2026-07-27 18:02:30,103 INFO: [000_U..][epoch: 29, iter:  23,800, lr:(9.998e-05,6.999e-05,)] [eta: 15:46:32, time (data): 0.168 (0.002)] l_pix: 2.6757e-01 l_lpips: 2.3218e-01 
2026-07-27 18:02:47,135 INFO: [000_U..][epoch: 29, iter:  23,900, lr:(9.998e-05,6.999e-05,)] [eta: 15:45:30, time (data): 0.169 (0.002)] l_pix: 2.5992e-01 l_lpips: 2.4268e-01 
2026-07-27 18:03:04,146 INFO: [000_U..][epoch: 29, iter:  24,000, lr:(9.998e-05,6.999e-05,)] [eta: 15:44:29, time (data): 0.171 (0.003)] l_pix: 2.8347e-01 l_lpips: 2.6074e-01 
2026-07-27 18:03:20,691 INFO: [000_U..][epoch: 30, iter:  24,100, lr:(9.998e-05,6.999e-05,)] [eta: 15:43:23, time (data): 0.168 (0.004)] l_pix: 2.5064e-01 l_lpips: 2.2241e-01 
2026-07-27 18:03:36,841 INFO: [000_U..][epoch: 30, iter:  24,200, lr:(9.998e-05,6.999e-05,)] [eta: 15:42:13, time (data): 0.162 (0.002)] l_pix: 2.0909e-01 l_lpips: 1.9104e-01 
2026-07-27 18:03:53,072 INFO: [000_U..][epoch: 30, iter:  24,300, lr:(9.998e-05,6.999e-05,)] [eta: 15:41:04, time (data): 0.162 (0.002)] l_pix: 2.3509e-01 l_lpips: 2.2998e-01 
2026-07-27 18:04:09,565 INFO: [000_U..][epoch: 30, iter:  24,400, lr:(9.998e-05,6.999e-05,)] [eta: 15:39:58, time (data): 0.165 (0.002)] l_pix: 1.4906e-01 l_lpips: 1.4221e-01 
2026-07-27 18:04:25,862 INFO: [000_U..][epoch: 30, iter:  24,500, lr:(9.998e-05,6.999e-05,)] [eta: 15:38:51, time (data): 0.164 (0.002)] l_pix: 2.4520e-01 l_lpips: 2.2351e-01 
2026-07-27 18:04:42,257 INFO: [000_U..][epoch: 30, iter:  24,600, lr:(9.998e-05,6.999e-05,)] [eta: 15:37:45, time (data): 0.164 (0.002)] l_pix: 2.3600e-01 l_lpips: 2.2095e-01 
2026-07-27 18:04:58,639 INFO: [000_U..][epoch: 30, iter:  24,700, lr:(9.998e-05,6.999e-05,)] [eta: 15:36:39, time (data): 0.164 (0.002)] l_pix: 1.1151e-01 l_lpips: 1.0571e-01 
2026-07-27 18:05:14,692 INFO: [000_U..][epoch: 30, iter:  24,800, lr:(9.998e-05,6.999e-05,)] [eta: 15:35:31, time (data): 0.160 (0.002)] l_pix: 2.6102e-01 l_lpips: 2.5244e-01 
2026-07-27 18:05:30,659 INFO: [000_U..][epoch: 31, iter:  24,900, lr:(9.998e-05,6.999e-05,)] [eta: 15:34:21, time (data): 0.160 (0.003)] l_pix: 1.3251e-01 l_lpips: 1.2476e-01 
2026-07-27 18:05:46,986 INFO: [000_U..][epoch: 31, iter:  25,000, lr:(9.998e-05,6.999e-05,)] [eta: 15:33:16, time (data): 0.164 (0.002)] l_pix: 1.2422e-01 l_lpips: 1.1572e-01 
2026-07-27 18:10:19,556 INFO: Validation RealSRV3
	 # psnr: 23.6604	Best: 23.6604 @ 25000 iter
	 # ssim: 0.6192	Best: 0.6192 @ 25000 iter
	 # lpips: 0.4617	Best: 0.4617 @ 25000 iter

2026-07-27 18:10:35,074 INFO: [000_U..][epoch: 31, iter:  25,100, lr:(9.998e-05,6.999e-05,)] [eta: 16:21:48, time (data): 0.159 (0.002)] l_pix: 3.0550e-01 l_lpips: 2.7344e-01 
2026-07-27 18:10:50,759 INFO: [000_U..][epoch: 31, iter:  25,200, lr:(9.998e-05,6.999e-05,)] [eta: 16:20:24, time (data): 0.157 (0.002)] l_pix: 2.8661e-01 l_lpips: 2.6538e-01 
2026-07-27 18:11:07,328 INFO: [000_U..][epoch: 31, iter:  25,300, lr:(9.998e-05,6.999e-05,)] [eta: 16:19:10, time (data): 0.162 (0.002)] l_pix: 2.2448e-01 l_lpips: 2.0862e-01 
2026-07-27 18:11:23,255 INFO: [000_U..][epoch: 31, iter:  25,400, lr:(9.998e-05,6.999e-05,)] [eta: 16:17:50, time (data): 0.158 (0.002)] l_pix: 2.3848e-01 l_lpips: 2.1558e-01 
2026-07-27 18:11:38,669 INFO: [000_U..][epoch: 31, iter:  25,500, lr:(9.998e-05,6.999e-05,)] [eta: 16:16:24, time (data): 0.156 (0.002)] l_pix: 1.8126e-01 l_lpips: 1.7236e-01 
2026-07-27 18:11:53,953 INFO: [000_U..][epoch: 31, iter:  25,600, lr:(9.998e-05,6.999e-05,)] [eta: 16:14:58, time (data): 0.153 (0.002)] l_pix: 2.3023e-01 l_lpips: 2.2559e-01 
2026-07-27 18:12:09,827 INFO: [000_U..][epoch: 32, iter:  25,700, lr:(9.998e-05,6.999e-05,)] [eta: 16:13:39, time (data): 0.156 (0.003)] l_pix: 2.3891e-01 l_lpips: 2.3193e-01 
2026-07-27 18:12:25,241 INFO: [000_U..][epoch: 32, iter:  25,800, lr:(9.998e-05,6.999e-05,)] [eta: 16:12:15, time (data): 0.154 (0.002)] l_pix: 2.3949e-01 l_lpips: 2.2021e-01 
2026-07-27 18:12:40,773 INFO: [000_U..][epoch: 32, iter:  25,900, lr:(9.998e-05,6.999e-05,)] [eta: 16:10:53, time (data): 0.155 (0.002)] l_pix: 3.1962e-01 l_lpips: 2.9785e-01 
2026-07-27 18:12:56,291 INFO: [000_U..][epoch: 32, iter:  26,000, lr:(9.998e-05,6.999e-05,)] [eta: 16:09:31, time (data): 0.155 (0.002)] l_pix: 2.1979e-01 l_lpips: 2.1411e-01 
2026-07-27 18:13:11,764 INFO: [000_U..][epoch: 32, iter:  26,100, lr:(9.998e-05,6.999e-05,)] [eta: 16:08:09, time (data): 0.155 (0.002)] l_pix: 1.9454e-01 l_lpips: 1.8237e-01 
2026-07-27 18:13:27,233 INFO: [000_U..][epoch: 32, iter:  26,200, lr:(9.998e-05,6.999e-05,)] [eta: 16:06:48, time (data): 0.154 (0.002)] l_pix: 2.1731e-01 l_lpips: 1.9751e-01 
2026-07-27 18:13:42,718 INFO: [000_U..][epoch: 32, iter:  26,300, lr:(9.998e-05,6.999e-05,)] [eta: 16:05:28, time (data): 0.155 (0.002)] l_pix: 1.8225e-01 l_lpips: 1.7590e-01 
2026-07-27 18:13:58,164 INFO: [000_U..][epoch: 32, iter:  26,400, lr:(9.998e-05,6.999e-05,)] [eta: 16:04:07, time (data): 0.155 (0.002)] l_pix: 2.4357e-01 l_lpips: 2.2461e-01 
2026-07-27 18:14:14,219 INFO: [000_U..][epoch: 33, iter:  26,500, lr:(9.998e-05,6.999e-05,)] [eta: 16:02:54, time (data): 0.158 (0.003)] l_pix: 2.8597e-01 l_lpips: 2.5293e-01 
2026-07-27 18:14:29,650 INFO: [000_U..][epoch: 33, iter:  26,600, lr:(9.998e-05,6.999e-05,)] [eta: 16:01:34, time (data): 0.154 (0.002)] l_pix: 1.9588e-01 l_lpips: 1.7993e-01 
2026-07-27 18:14:45,229 INFO: [000_U..][epoch: 33, iter:  26,700, lr:(9.998e-05,6.999e-05,)] [eta: 16:00:16, time (data): 0.155 (0.002)] l_pix: 2.9101e-01 l_lpips: 2.6025e-01 
2026-07-27 18:15:00,607 INFO: [000_U..][epoch: 33, iter:  26,800, lr:(9.998e-05,6.999e-05,)] [eta: 15:58:57, time (data): 0.154 (0.002)] l_pix: 2.7722e-01 l_lpips: 2.6270e-01 
2026-07-27 18:15:15,938 INFO: [000_U..][epoch: 33, iter:  26,900, lr:(9.998e-05,6.999e-05,)] [eta: 15:57:38, time (data): 0.153 (0.002)] l_pix: 1.7574e-01 l_lpips: 1.4258e-01 
2026-07-27 18:15:31,472 INFO: [000_U..][epoch: 33, iter:  27,000, lr:(9.998e-05,6.999e-05,)] [eta: 15:56:21, time (data): 0.156 (0.002)] l_pix: 1.5583e-01 l_lpips: 1.5161e-01 
2026-07-27 18:15:47,169 INFO: [000_U..][epoch: 33, iter:  27,100, lr:(9.998e-05,6.999e-05,)] [eta: 15:55:07, time (data): 0.156 (0.002)] l_pix: 1.5856e-01 l_lpips: 1.5186e-01 
2026-07-27 18:16:02,861 INFO: [000_U..][epoch: 33, iter:  27,200, lr:(9.998e-05,6.999e-05,)] [eta: 15:53:52, time (data): 0.158 (0.002)] l_pix: 1.3196e-01 l_lpips: 1.2720e-01 
2026-07-27 18:16:18,916 INFO: [000_U..][epoch: 34, iter:  27,300, lr:(9.998e-05,6.999e-05,)] [eta: 15:52:42, time (data): 0.160 (0.003)] l_pix: 2.8487e-01 l_lpips: 2.5903e-01 
2026-07-27 18:16:34,383 INFO: [000_U..][epoch: 34, iter:  27,400, lr:(9.998e-05,6.999e-05,)] [eta: 15:51:26, time (data): 0.155 (0.002)] l_pix: 2.3222e-01 l_lpips: 2.2522e-01 
2026-07-27 18:16:49,921 INFO: [000_U..][epoch: 34, iter:  27,500, lr:(9.998e-05,6.999e-05,)] [eta: 15:50:12, time (data): 0.155 (0.002)] l_pix: 1.1608e-01 l_lpips: 1.1108e-01 
2026-07-27 18:17:05,325 INFO: [000_U..][epoch: 34, iter:  27,600, lr:(9.998e-05,6.999e-05,)] [eta: 15:48:57, time (data): 0.154 (0.002)] l_pix: 2.6624e-01 l_lpips: 2.4097e-01 
2026-07-27 18:17:20,720 INFO: [000_U..][epoch: 34, iter:  27,700, lr:(9.998e-05,6.999e-05,)] [eta: 15:47:42, time (data): 0.154 (0.002)] l_pix: 2.5044e-01 l_lpips: 2.2534e-01 
2026-07-27 18:17:36,219 INFO: [000_U..][epoch: 34, iter:  27,800, lr:(9.998e-05,6.999e-05,)] [eta: 15:46:28, time (data): 0.153 (0.002)] l_pix: 2.5082e-01 l_lpips: 2.2510e-01 
2026-07-27 18:17:51,533 INFO: [000_U..][epoch: 34, iter:  27,900, lr:(9.998e-05,6.999e-05,)] [eta: 15:45:13, time (data): 0.153 (0.002)] l_pix: 2.6554e-01 l_lpips: 2.6025e-01 
2026-07-27 18:18:06,837 INFO: [000_U..][epoch: 34, iter:  28,000, lr:(9.998e-05,6.999e-05,)] [eta: 15:43:58, time (data): 0.153 (0.002)] l_pix: 1.9821e-01 l_lpips: 1.9031e-01 
2026-07-27 18:18:23,149 INFO: [000_U..][epoch: 35, iter:  28,100, lr:(9.998e-05,6.999e-05,)] [eta: 15:42:54, time (data): 0.159 (0.004)] l_pix: 2.4632e-01 l_lpips: 2.2900e-01 
2026-07-27 18:18:38,968 INFO: [000_U..][epoch: 35, iter:  28,200, lr:(9.998e-05,6.999e-05,)] [eta: 15:41:45, time (data): 0.157 (0.002)] l_pix: 2.9921e-01 l_lpips: 2.7783e-01 
2026-07-27 18:18:54,339 INFO: [000_U..][epoch: 35, iter:  28,300, lr:(9.998e-05,6.999e-05,)] [eta: 15:40:32, time (data): 0.155 (0.002)] l_pix: 2.7110e-01 l_lpips: 2.6440e-01 
2026-07-27 18:19:09,803 INFO: [000_U..][epoch: 35, iter:  28,400, lr:(9.998e-05,6.999e-05,)] [eta: 15:39:21, time (data): 0.155 (0.002)] l_pix: 2.5227e-01 l_lpips: 2.3914e-01 
2026-07-27 18:19:25,236 INFO: [000_U..][epoch: 35, iter:  28,500, lr:(9.998e-05,6.999e-05,)] [eta: 15:38:09, time (data): 0.155 (0.002)] l_pix: 1.3921e-01 l_lpips: 1.3538e-01 
2026-07-27 18:19:40,712 INFO: [000_U..][epoch: 35, iter:  28,600, lr:(9.998e-05,6.999e-05,)] [eta: 15:36:59, time (data): 0.155 (0.002)] l_pix: 2.1853e-01 l_lpips: 2.1570e-01 
2026-07-27 18:19:56,159 INFO: [000_U..][epoch: 35, iter:  28,700, lr:(9.998e-05,6.999e-05,)] [eta: 15:35:48, time (data): 0.155 (0.002)] l_pix: 1.6023e-01 l_lpips: 1.4832e-01 
2026-07-27 18:20:11,697 INFO: [000_U..][epoch: 35, iter:  28,800, lr:(9.998e-05,6.999e-05,)] [eta: 15:34:39, time (data): 0.154 (0.002)] l_pix: 2.1649e-01 l_lpips: 2.0630e-01 
2026-07-27 18:20:27,479 INFO: [000_U..][epoch: 36, iter:  28,900, lr:(9.998e-05,6.999e-05,)] [eta: 15:33:32, time (data): 0.156 (0.003)] l_pix: 2.8346e-01 l_lpips: 2.6562e-01 
2026-07-27 18:20:42,877 INFO: [000_U..][epoch: 36, iter:  29,000, lr:(9.998e-05,6.999e-05,)] [eta: 15:32:22, time (data): 0.154 (0.002)] l_pix: 2.9150e-01 l_lpips: 2.7539e-01 
2026-07-27 18:20:58,296 INFO: [000_U..][epoch: 36, iter:  29,100, lr:(9.998e-05,6.999e-05,)] [eta: 15:31:13, time (data): 0.154 (0.002)] l_pix: 2.6246e-01 l_lpips: 2.4524e-01 
2026-07-27 18:21:13,723 INFO: [000_U..][epoch: 36, iter:  29,200, lr:(9.998e-05,6.999e-05,)] [eta: 15:30:04, time (data): 0.154 (0.002)] l_pix: 4.8229e-02 l_lpips: 3.3905e-02 
2026-07-27 18:21:29,108 INFO: [000_U..][epoch: 36, iter:  29,300, lr:(9.998e-05,6.999e-05,)] [eta: 15:28:55, time (data): 0.154 (0.002)] l_pix: 7.2664e-02 l_lpips: 6.7505e-02 
2026-07-27 18:21:44,698 INFO: [000_U..][epoch: 36, iter:  29,400, lr:(9.998e-05,6.999e-05,)] [eta: 15:27:49, time (data): 0.156 (0.002)] l_pix: 2.1727e-01 l_lpips: 2.0422e-01 
2026-07-27 18:22:00,333 INFO: [000_U..][epoch: 36, iter:  29,500, lr:(9.998e-05,6.999e-05,)] [eta: 15:26:43, time (data): 0.156 (0.002)] l_pix: 1.4471e-01 l_lpips: 1.3721e-01 
2026-07-27 18:22:16,039 INFO: [000_U..][epoch: 36, iter:  29,600, lr:(9.998e-05,6.999e-05,)] [eta: 15:25:38, time (data): 0.157 (0.002)] l_pix: 2.7734e-01 l_lpips: 2.4304e-01 
2026-07-27 18:22:32,306 INFO: [000_U..][epoch: 37, iter:  29,700, lr:(9.998e-05,6.999e-05,)] [eta: 15:24:39, time (data): 0.161 (0.003)] l_pix: 2.6179e-01 l_lpips: 2.5562e-01 
2026-07-27 18:22:48,015 INFO: [000_U..][epoch: 37, iter:  29,800, lr:(9.998e-05,6.999e-05,)] [eta: 15:23:35, time (data): 0.154 (0.002)] l_pix: 1.6250e-01 l_lpips: 1.1969e-01 
2026-07-27 18:23:03,336 INFO: [000_U..][epoch: 37, iter:  29,900, lr:(9.998e-05,6.999e-05,)] [eta: 15:22:27, time (data): 0.154 (0.002)] l_pix: 2.0402e-01 l_lpips: 1.9983e-01 
2026-07-27 18:23:18,785 INFO: [000_U..][epoch: 37, iter:  30,000, lr:(9.998e-05,6.999e-05,)] [eta: 15:21:21, time (data): 0.153 (0.002)] l_pix: 1.9056e-01 l_lpips: 1.8335e-01 
2026-07-27 18:23:18,786 INFO: Saving models and training states.
2026-07-27 18:27:50,936 INFO: Validation RealSRV3
	 # psnr: 23.1828	Best: 23.6604 @ 25000 iter
	 # ssim: 0.6205	Best: 0.6205 @ 30000 iter
	 # lpips: 0.4443	Best: 0.4443 @ 30000 iter

2026-07-27 18:28:06,726 INFO: [000_U..][epoch: 37, iter:  30,100, lr:(9.998e-05,6.999e-05,)] [eta: 16:00:59, time (data): 0.156 (0.002)] l_pix: 1.8206e-01 l_lpips: 1.7163e-01 
2026-07-27 18:28:22,746 INFO: [000_U..][epoch: 37, iter:  30,200, lr:(9.998e-05,6.999e-05,)] [eta: 15:59:50, time (data): 0.160 (0.002)] l_pix: 2.3336e-01 l_lpips: 2.2681e-01 
2026-07-27 18:28:38,665 INFO: [000_U..][epoch: 37, iter:  30,300, lr:(9.998e-05,6.999e-05,)] [eta: 15:58:40, time (data): 0.160 (0.002)] l_pix: 3.2799e-01 l_lpips: 3.1812e-01 
2026-07-27 18:28:54,609 INFO: [000_U..][epoch: 37, iter:  30,400, lr:(9.998e-05,6.999e-05,)] [eta: 15:57:31, time (data): 0.159 (0.002)] l_pix: 6.4319e-02 l_lpips: 5.4565e-02 
2026-07-27 18:29:10,226 INFO: [000_U..][epoch: 38, iter:  30,500, lr:(9.998e-05,6.999e-05,)] [eta: 15:56:20, time (data): 0.157 (0.003)] l_pix: 2.2709e-01 l_lpips: 2.1851e-01 
2026-07-27 18:29:25,583 INFO: [000_U..][epoch: 38, iter:  30,600, lr:(9.998e-05,6.999e-05,)] [eta: 15:55:06, time (data): 0.153 (0.002)] l_pix: 2.3379e-01 l_lpips: 2.0483e-01 
2026-07-27 18:29:41,129 INFO: [000_U..][epoch: 38, iter:  30,700, lr:(9.998e-05,6.999e-05,)] [eta: 15:53:55, time (data): 0.155 (0.002)] l_pix: 2.4427e-01 l_lpips: 2.3669e-01 
2026-07-27 18:29:56,613 INFO: [000_U..][epoch: 38, iter:  30,800, lr:(9.998e-05,6.999e-05,)] [eta: 15:52:43, time (data): 0.154 (0.002)] l_pix: 2.7721e-01 l_lpips: 2.6172e-01 
2026-07-27 18:30:12,078 INFO: [000_U..][epoch: 38, iter:  30,900, lr:(9.998e-05,6.999e-05,)] [eta: 15:51:31, time (data): 0.155 (0.002)] l_pix: 2.3678e-01 l_lpips: 2.1191e-01 
2026-07-27 18:30:27,455 INFO: [000_U..][epoch: 38, iter:  31,000, lr:(9.998e-05,6.999e-05,)] [eta: 15:50:20, time (data): 0.154 (0.002)] l_pix: 1.7604e-01 l_lpips: 1.6492e-01 
2026-07-27 18:30:42,799 INFO: [000_U..][epoch: 38, iter:  31,100, lr:(9.998e-05,6.999e-05,)] [eta: 15:49:08, time (data): 0.154 (0.002)] l_pix: 1.8811e-01 l_lpips: 1.7896e-01 
2026-07-27 18:30:58,155 INFO: [000_U..][epoch: 38, iter:  31,200, lr:(9.998e-05,6.999e-05,)] [eta: 15:47:56, time (data): 0.154 (0.002)] l_pix: 2.4905e-01 l_lpips: 2.3120e-01 
2026-07-27 18:31:14,125 INFO: [000_U..][epoch: 39, iter:  31,300, lr:(9.998e-05,6.999e-05,)] [eta: 15:46:51, time (data): 0.158 (0.004)] l_pix: 2.7113e-01 l_lpips: 2.3315e-01 
2026-07-27 18:31:29,650 INFO: [000_U..][epoch: 39, iter:  31,400, lr:(9.998e-05,6.999e-05,)] [eta: 15:45:41, time (data): 0.154 (0.002)] l_pix: 2.3214e-01 l_lpips: 2.1680e-01 
2026-07-27 18:31:45,313 INFO: [000_U..][epoch: 39, iter:  31,500, lr:(9.998e-05,6.999e-05,)] [eta: 15:44:34, time (data): 0.156 (0.002)] l_pix: 3.0618e-01 l_lpips: 2.9004e-01 
2026-07-27 18:32:00,745 INFO: [000_U..][epoch: 39, iter:  31,600, lr:(9.998e-05,6.999e-05,)] [eta: 15:43:25, time (data): 0.154 (0.002)] l_pix: 2.7729e-01 l_lpips: 2.7002e-01 
2026-07-27 18:32:16,152 INFO: [000_U..][epoch: 39, iter:  31,700, lr:(9.998e-05,6.999e-05,)] [eta: 15:42:15, time (data): 0.154 (0.002)] l_pix: 2.4531e-01 l_lpips: 2.3682e-01 
2026-07-27 18:32:31,626 INFO: [000_U..][epoch: 39, iter:  31,800, lr:(9.998e-05,6.999e-05,)] [eta: 15:41:07, time (data): 0.153 (0.002)] l_pix: 2.9103e-01 l_lpips: 2.6758e-01 
2026-07-27 18:32:46,919 INFO: [000_U..][epoch: 39, iter:  31,900, lr:(9.998e-05,6.999e-05,)] [eta: 15:39:58, time (data): 0.153 (0.002)] l_pix: 2.4115e-01 l_lpips: 2.3621e-01 
2026-07-27 18:33:02,166 INFO: [000_U..][epoch: 39, iter:  32,000, lr:(9.998e-05,6.999e-05,)] [eta: 15:38:48, time (data): 0.152 (0.002)] l_pix: 2.1630e-01 l_lpips: 2.1167e-01 
2026-07-27 18:33:18,308 INFO: [000_U..][epoch: 40, iter:  32,100, lr:(9.998e-05,6.999e-05,)] [eta: 15:37:46, time (data): 0.159 (0.003)] l_pix: 1.8965e-01 l_lpips: 1.8359e-01 
2026-07-27 18:33:33,955 INFO: [000_U..][epoch: 40, iter:  32,200, lr:(9.998e-05,6.999e-05,)] [eta: 15:36:41, time (data): 0.158 (0.002)] l_pix: 1.3706e-01 l_lpips: 1.3281e-01 
2026-07-27 18:33:49,346 INFO: [000_U..][epoch: 40, iter:  32,300, lr:(9.998e-05,6.999e-05,)] [eta: 15:35:33, time (data): 0.155 (0.002)] l_pix: 1.3287e-01 l_lpips: 1.2073e-01 
2026-07-27 18:34:04,730 INFO: [000_U..][epoch: 40, iter:  32,400, lr:(9.998e-05,6.999e-05,)] [eta: 15:34:26, time (data): 0.153 (0.002)] l_pix: 2.7181e-01 l_lpips: 2.6392e-01 
2026-07-27 18:34:20,127 INFO: [000_U..][epoch: 40, iter:  32,500, lr:(9.998e-05,6.999e-05,)] [eta: 15:33:20, time (data): 0.154 (0.002)] l_pix: 1.4310e-01 l_lpips: 1.3367e-01 
2026-07-27 18:34:35,667 INFO: [000_U..][epoch: 40, iter:  32,600, lr:(9.998e-05,6.999e-05,)] [eta: 15:32:14, time (data): 0.155 (0.002)] l_pix: 1.6071e-01 l_lpips: 1.5454e-01 
2026-07-27 18:34:51,260 INFO: [000_U..][epoch: 40, iter:  32,700, lr:(9.998e-05,6.999e-05,)] [eta: 15:31:10, time (data): 0.156 (0.002)] l_pix: 2.6763e-01 l_lpips: 2.5684e-01 
2026-07-27 18:35:06,833 INFO: [000_U..][epoch: 40, iter:  32,800, lr:(9.998e-05,6.999e-05,)] [eta: 15:30:06, time (data): 0.154 (0.002)] l_pix: 2.2394e-01 l_lpips: 2.0435e-01 
2026-07-27 18:35:23,282 INFO: [000_U..][epoch: 41, iter:  32,900, lr:(9.998e-05,6.999e-05,)] [eta: 15:29:09, time (data): 0.162 (0.003)] l_pix: 2.8289e-01 l_lpips: 2.6514e-01 
2026-07-27 18:35:39,243 INFO: [000_U..][epoch: 41, iter:  33,000, lr:(9.998e-05,6.999e-05,)] [eta: 15:28:08, time (data): 0.159 (0.002)] l_pix: 1.7061e-01 l_lpips: 1.6296e-01 
2026-07-27 18:35:54,641 INFO: [000_U..][epoch: 41, iter:  33,100, lr:(9.998e-05,6.999e-05,)] [eta: 15:27:03, time (data): 0.155 (0.002)] l_pix: 2.0311e-01 l_lpips: 1.9165e-01 
2026-07-27 18:36:10,018 INFO: [000_U..][epoch: 41, iter:  33,200, lr:(9.998e-05,6.999e-05,)] [eta: 15:25:59, time (data): 0.154 (0.002)] l_pix: 2.6935e-01 l_lpips: 2.6367e-01 
2026-07-27 18:36:25,311 INFO: [000_U..][epoch: 41, iter:  33,300, lr:(9.998e-05,6.999e-05,)] [eta: 15:24:53, time (data): 0.153 (0.002)] l_pix: 1.3086e-01 l_lpips: 1.2354e-01 
2026-07-27 18:36:40,825 INFO: [000_U..][epoch: 41, iter:  33,400, lr:(9.998e-05,6.999e-05,)] [eta: 15:23:50, time (data): 0.156 (0.002)] l_pix: 2.5854e-01 l_lpips: 2.4475e-01 
2026-07-27 18:36:56,356 INFO: [000_U..][epoch: 41, iter:  33,500, lr:(9.998e-05,6.999e-05,)] [eta: 15:22:48, time (data): 0.155 (0.002)] l_pix: 2.5122e-01 l_lpips: 2.4292e-01 
2026-07-27 18:37:11,621 INFO: [000_U..][epoch: 41, iter:  33,600, lr:(9.998e-05,6.999e-05,)] [eta: 15:21:43, time (data): 0.152 (0.002)] l_pix: 1.7199e-01 l_lpips: 1.5820e-01 
2026-07-27 18:37:27,347 INFO: [000_U..][epoch: 42, iter:  33,700, lr:(9.998e-05,6.999e-05,)] [eta: 15:20:43, time (data): 0.156 (0.004)] l_pix: 2.1751e-01 l_lpips: 2.0898e-01 
2026-07-27 18:37:42,850 INFO: [000_U..][epoch: 42, iter:  33,800, lr:(9.998e-05,6.999e-05,)] [eta: 15:19:41, time (data): 0.153 (0.002)] l_pix: 2.1478e-01 l_lpips: 1.9507e-01 
2026-07-27 18:37:58,134 INFO: [000_U..][epoch: 42, iter:  33,900, lr:(9.998e-05,6.999e-05,)] [eta: 15:18:37, time (data): 0.153 (0.002)] l_pix: 1.9706e-01 l_lpips: 1.8335e-01 
2026-07-27 18:38:13,416 INFO: [000_U..][epoch: 42, iter:  34,000, lr:(9.998e-05,6.999e-05,)] [eta: 15:17:34, time (data): 0.153 (0.002)] l_pix: 2.7396e-01 l_lpips: 2.4658e-01 
2026-07-27 18:38:28,708 INFO: [000_U..][epoch: 42, iter:  34,100, lr:(9.998e-05,6.999e-05,)] [eta: 15:16:31, time (data): 0.153 (0.002)] l_pix: 2.3001e-01 l_lpips: 2.2375e-01 
2026-07-27 18:38:43,977 INFO: [000_U..][epoch: 42, iter:  34,200, lr:(9.998e-05,6.999e-05,)] [eta: 15:15:28, time (data): 0.153 (0.002)] l_pix: 2.8340e-01 l_lpips: 2.7979e-01 
2026-07-27 18:38:59,262 INFO: [000_U..][epoch: 42, iter:  34,300, lr:(9.998e-05,6.999e-05,)] [eta: 15:14:26, time (data): 0.153 (0.002)] l_pix: 1.3356e-01 l_lpips: 1.2158e-01 
2026-07-27 18:39:14,554 INFO: [000_U..][epoch: 42, iter:  34,400, lr:(9.998e-05,6.999e-05,)] [eta: 15:13:24, time (data): 0.152 (0.002)] l_pix: 3.3166e-01 l_lpips: 2.8857e-01 
2026-07-27 18:39:30,139 INFO: [000_U..][epoch: 43, iter:  34,500, lr:(9.998e-05,6.999e-05,)] [eta: 15:12:25, time (data): 0.155 (0.003)] l_pix: 2.1504e-01 l_lpips: 2.0752e-01 
2026-07-27 18:39:45,473 INFO: [000_U..][epoch: 43, iter:  34,600, lr:(9.998e-05,6.999e-05,)] [eta: 15:11:23, time (data): 0.154 (0.002)] l_pix: 2.3944e-01 l_lpips: 2.2949e-01 
2026-07-27 18:40:00,960 INFO: [000_U..][epoch: 43, iter:  34,700, lr:(9.998e-05,6.999e-05,)] [eta: 15:10:24, time (data): 0.155 (0.002)] l_pix: 2.0337e-01 l_lpips: 1.9141e-01 
2026-07-27 18:40:16,704 INFO: [000_U..][epoch: 43, iter:  34,800, lr:(9.998e-05,6.999e-05,)] [eta: 15:09:26, time (data): 0.156 (0.002)] l_pix: 2.8848e-01 l_lpips: 2.7368e-01 
2026-07-27 18:40:32,380 INFO: [000_U..][epoch: 43, iter:  34,900, lr:(9.998e-05,6.999e-05,)] [eta: 15:08:28, time (data): 0.156 (0.002)] l_pix: 2.4059e-01 l_lpips: 2.2424e-01 
2026-07-27 18:40:47,951 INFO: [000_U..][epoch: 43, iter:  35,000, lr:(9.998e-05,6.999e-05,)] [eta: 15:07:30, time (data): 0.156 (0.002)] l_pix: 2.1451e-01 l_lpips: 2.0374e-01 
2026-07-27 18:45:18,442 INFO: Validation RealSRV3
	 # psnr: 23.0462	Best: 23.6604 @ 25000 iter
	 # ssim: 0.6270	Best: 0.6270 @ 35000 iter
	 # lpips: 0.4264	Best: 0.4264 @ 35000 iter

2026-07-27 18:45:34,282 INFO: [000_U..][epoch: 43, iter:  35,100, lr:(9.998e-05,6.999e-05,)] [eta: 15:40:35, time (data): 0.158 (0.002)] l_pix: 2.6297e-01 l_lpips: 2.3877e-01 
2026-07-27 18:45:50,741 INFO: [000_U..][epoch: 43, iter:  35,200, lr:(9.998e-05,6.999e-05,)] [eta: 15:39:38, time (data): 0.161 (0.002)] l_pix: 2.3664e-01 l_lpips: 2.2742e-01 
2026-07-27 18:46:07,087 INFO: [000_U..][epoch: 44, iter:  35,300, lr:(9.998e-05,6.999e-05,)] [eta: 15:38:39, time (data): 0.163 (0.004)] l_pix: 2.0893e-01 l_lpips: 1.9849e-01 
2026-07-27 18:46:23,339 INFO: [000_U..][epoch: 44, iter:  35,400, lr:(9.998e-05,6.999e-05,)] [eta: 15:37:40, time (data): 0.162 (0.002)] l_pix: 6.2701e-02 l_lpips: 5.1270e-02 
2026-07-27 18:46:39,556 INFO: [000_U..][epoch: 44, iter:  35,500, lr:(9.998e-05,6.999e-05,)] [eta: 15:36:41, time (data): 0.162 (0.002)] l_pix: 2.0522e-01 l_lpips: 2.0081e-01 
2026-07-27 18:46:55,738 INFO: [000_U..][epoch: 44, iter:  35,600, lr:(9.998e-05,6.999e-05,)] [eta: 15:35:43, time (data): 0.161 (0.002)] l_pix: 2.9102e-01 l_lpips: 2.7515e-01 
2026-07-27 18:47:11,613 INFO: [000_U..][epoch: 44, iter:  35,700, lr:(9.998e-05,6.999e-05,)] [eta: 15:34:42, time (data): 0.159 (0.002)] l_pix: 2.4086e-01 l_lpips: 2.3193e-01 
2026-07-27 18:47:27,738 INFO: [000_U..][epoch: 44, iter:  35,800, lr:(9.998e-05,6.999e-05,)] [eta: 15:33:43, time (data): 0.167 (0.002)] l_pix: 2.7425e-01 l_lpips: 2.6807e-01 
2026-07-27 18:47:43,615 INFO: [000_U..][epoch: 44, iter:  35,900, lr:(9.998e-05,6.999e-05,)] [eta: 15:32:43, time (data): 0.160 (0.002)] l_pix: 2.1447e-01 l_lpips: 2.0361e-01 
2026-07-27 18:47:59,443 INFO: [000_U..][epoch: 44, iter:  36,000, lr:(9.998e-05,6.999e-05,)] [eta: 15:31:42, time (data): 0.158 (0.002)] l_pix: 3.8388e-01 l_lpips: 3.7622e-01 
2026-07-27 18:48:15,647 INFO: [000_U..][epoch: 45, iter:  36,100, lr:(9.998e-05,6.999e-05,)] [eta: 15:30:44, time (data): 0.161 (0.004)] l_pix: 2.2805e-01 l_lpips: 2.1460e-01 
2026-07-27 18:48:31,593 INFO: [000_U..][epoch: 45, iter:  36,200, lr:(9.998e-05,6.999e-05,)] [eta: 15:29:45, time (data): 0.159 (0.002)] l_pix: 1.5847e-01 l_lpips: 1.4685e-01 
2026-07-27 18:48:47,512 INFO: [000_U..][epoch: 45, iter:  36,300, lr:(9.998e-05,6.999e-05,)] [eta: 15:28:46, time (data): 0.159 (0.002)] l_pix: 1.1340e-01 l_lpips: 1.1011e-01 
2026-07-27 18:49:03,394 INFO: [000_U..][epoch: 45, iter:  36,400, lr:(9.998e-05,6.999e-05,)] [eta: 15:27:47, time (data): 0.160 (0.002)] l_pix: 3.2929e-01 l_lpips: 3.0151e-01 
2026-07-27 18:49:19,185 INFO: [000_U..][epoch: 45, iter:  36,500, lr:(9.998e-05,6.999e-05,)] [eta: 15:26:47, time (data): 0.158 (0.002)] l_pix: 1.9444e-01 l_lpips: 1.7041e-01 
2026-07-27 18:49:35,033 INFO: [000_U..][epoch: 45, iter:  36,600, lr:(9.998e-05,6.999e-05,)] [eta: 15:25:49, time (data): 0.162 (0.002)] l_pix: 1.2518e-01 l_lpips: 1.1597e-01 
2026-07-27 18:49:50,869 INFO: [000_U..][epoch: 45, iter:  36,700, lr:(9.998e-05,6.999e-05,)] [eta: 15:24:50, time (data): 0.159 (0.002)] l_pix: 1.6971e-01 l_lpips: 1.5820e-01 
2026-07-27 18:50:06,559 INFO: [000_U..][epoch: 45, iter:  36,800, lr:(9.998e-05,6.999e-05,)] [eta: 15:23:50, time (data): 0.158 (0.002)] l_pix: 1.4358e-01 l_lpips: 1.3220e-01 
2026-07-27 18:50:23,284 INFO: [000_U..][epoch: 46, iter:  36,900, lr:(9.998e-05,6.999e-05,)] [eta: 15:22:58, time (data): 0.166 (0.005)] l_pix: 6.7713e-02 l_lpips: 6.2927e-02 
2026-07-27 18:50:39,376 INFO: [000_U..][epoch: 46, iter:  37,000, lr:(9.998e-05,6.999e-05,)] [eta: 15:22:02, time (data): 0.161 (0.002)] l_pix: 1.4487e-01 l_lpips: 1.2842e-01 
2026-07-27 18:50:55,577 INFO: [000_U..][epoch: 46, iter:  37,100, lr:(9.998e-05,6.999e-05,)] [eta: 15:21:07, time (data): 0.162 (0.002)] l_pix: 1.8090e-01 l_lpips: 1.7102e-01 
2026-07-27 18:51:11,488 INFO: [000_U..][epoch: 46, iter:  37,200, lr:(9.998e-05,6.999e-05,)] [eta: 15:20:09, time (data): 0.157 (0.002)] l_pix: 1.2335e-01 l_lpips: 1.1926e-01 
2026-07-27 18:51:27,657 INFO: [000_U..][epoch: 46, iter:  37,300, lr:(9.998e-05,6.999e-05,)] [eta: 15:19:14, time (data): 0.161 (0.002)] l_pix: 1.5141e-01 l_lpips: 1.3940e-01 
2026-07-27 18:51:43,122 INFO: [000_U..][epoch: 46, iter:  37,400, lr:(9.998e-05,6.999e-05,)] [eta: 15:18:15, time (data): 0.154 (0.002)] l_pix: 1.9379e-01 l_lpips: 1.7883e-01 
2026-07-27 18:51:59,201 INFO: [000_U..][epoch: 46, iter:  37,500, lr:(9.998e-05,6.999e-05,)] [eta: 15:17:19, time (data): 0.160 (0.002)] l_pix: 2.0106e-01 l_lpips: 1.9202e-01 
2026-07-27 18:52:15,098 INFO: [000_U..][epoch: 46, iter:  37,600, lr:(9.998e-05,6.999e-05,)] [eta: 15:16:23, time (data): 0.159 (0.002)] l_pix: 1.6746e-01 l_lpips: 1.5820e-01 
2026-07-27 18:52:31,318 INFO: [000_U..][epoch: 47, iter:  37,700, lr:(9.998e-05,6.999e-05,)] [eta: 15:15:29, time (data): 0.162 (0.004)] l_pix: 2.8841e-01 l_lpips: 2.7686e-01 
2026-07-27 18:52:47,268 INFO: [000_U..][epoch: 47, iter:  37,800, lr:(9.998e-05,6.999e-05,)] [eta: 15:14:33, time (data): 0.161 (0.002)] l_pix: 2.3938e-01 l_lpips: 2.1191e-01 
2026-07-27 18:53:03,477 INFO: [000_U..][epoch: 47, iter:  37,900, lr:(9.998e-05,6.999e-05,)] [eta: 15:13:40, time (data): 0.162 (0.002)] l_pix: 2.2111e-01 l_lpips: 2.0996e-01 
2026-07-27 18:53:20,229 INFO: [000_U..][epoch: 47, iter:  38,000, lr:(9.998e-05,6.999e-05,)] [eta: 15:12:50, time (data): 0.166 (0.002)] l_pix: 2.3411e-01 l_lpips: 2.1997e-01 
2026-07-27 18:53:36,885 INFO: [000_U..][epoch: 47, iter:  38,100, lr:(9.998e-05,6.999e-05,)] [eta: 15:12:00, time (data): 0.167 (0.002)] l_pix: 9.4326e-02 l_lpips: 8.1177e-02 
2026-07-27 18:53:52,677 INFO: [000_U..][epoch: 47, iter:  38,200, lr:(9.998e-05,6.999e-05,)] [eta: 15:11:04, time (data): 0.160 (0.002)] l_pix: 1.6734e-01 l_lpips: 1.5967e-01 
2026-07-27 18:54:08,421 INFO: [000_U..][epoch: 47, iter:  38,300, lr:(9.998e-05,6.999e-05,)] [eta: 15:10:08, time (data): 0.158 (0.002)] l_pix: 1.2099e-01 l_lpips: 1.0193e-01 
2026-07-27 18:54:24,365 INFO: [000_U..][epoch: 47, iter:  38,400, lr:(9.998e-05,6.999e-05,)] [eta: 15:09:14, time (data): 0.162 (0.002)] l_pix: 2.4848e-01 l_lpips: 2.3901e-01 
2026-07-27 18:54:40,625 INFO: [000_U..][epoch: 48, iter:  38,500, lr:(9.998e-05,6.999e-05,)] [eta: 15:08:22, time (data): 0.163 (0.004)] l_pix: 2.7252e-01 l_lpips: 2.4902e-01 
2026-07-27 18:54:56,451 INFO: [000_U..][epoch: 48, iter:  38,600, lr:(9.998e-05,6.999e-05,)] [eta: 15:07:27, time (data): 0.159 (0.002)] l_pix: 3.5201e-01 l_lpips: 3.4131e-01 
2026-07-27 18:55:12,354 INFO: [000_U..][epoch: 48, iter:  38,700, lr:(9.998e-05,6.999e-05,)] [eta: 15:06:33, time (data): 0.159 (0.002)] l_pix: 1.6735e-01 l_lpips: 1.6040e-01 
2026-07-27 18:55:28,562 INFO: [000_U..][epoch: 48, iter:  38,800, lr:(9.998e-05,6.999e-05,)] [eta: 15:05:41, time (data): 0.163 (0.002)] l_pix: 2.6390e-01 l_lpips: 2.5195e-01 
2026-07-27 18:55:44,253 INFO: [000_U..][epoch: 48, iter:  38,900, lr:(9.998e-05,6.999e-05,)] [eta: 15:04:46, time (data): 0.157 (0.002)] l_pix: 1.9548e-01 l_lpips: 1.9116e-01 
2026-07-27 18:56:00,035 INFO: [000_U..][epoch: 48, iter:  39,000, lr:(9.998e-05,6.999e-05,)] [eta: 15:03:52, time (data): 0.157 (0.002)] l_pix: 1.5292e-01 l_lpips: 1.4648e-01 
2026-07-27 18:56:15,607 INFO: [000_U..][epoch: 48, iter:  39,100, lr:(9.998e-05,6.999e-05,)] [eta: 15:02:56, time (data): 0.156 (0.002)] l_pix: 2.9003e-01 l_lpips: 2.6221e-01 
2026-07-27 18:56:31,265 INFO: [000_U..][epoch: 48, iter:  39,200, lr:(9.998e-05,6.999e-05,)] [eta: 15:02:01, time (data): 0.157 (0.002)] l_pix: 1.1699e-01 l_lpips: 1.1340e-01 
2026-07-27 18:56:47,007 INFO: [000_U..][epoch: 49, iter:  39,300, lr:(9.998e-05,6.999e-05,)] [eta: 15:01:07, time (data): 0.157 (0.004)] l_pix: 1.2091e-01 l_lpips: 1.1292e-01 
2026-07-27 18:57:02,423 INFO: [000_U..][epoch: 49, iter:  39,400, lr:(9.998e-05,6.999e-05,)] [eta: 15:00:11, time (data): 0.155 (0.002)] l_pix: 2.1617e-01 l_lpips: 2.0654e-01 
2026-07-27 18:57:17,836 INFO: [000_U..][epoch: 49, iter:  39,500, lr:(9.998e-05,6.999e-05,)] [eta: 14:59:16, time (data): 0.154 (0.002)] l_pix: 2.9965e-01 l_lpips: 2.8345e-01 
2026-07-27 18:57:33,784 INFO: [000_U..][epoch: 49, iter:  39,600, lr:(9.998e-05,6.999e-05,)] [eta: 14:58:24, time (data): 0.161 (0.002)] l_pix: 2.6536e-01 l_lpips: 2.3792e-01 
2026-07-27 18:57:49,591 INFO: [000_U..][epoch: 49, iter:  39,700, lr:(9.998e-05,6.999e-05,)] [eta: 14:57:31, time (data): 0.158 (0.002)] l_pix: 2.3747e-01 l_lpips: 2.1509e-01 
2026-07-27 18:58:05,278 INFO: [000_U..][epoch: 49, iter:  39,800, lr:(9.998e-05,6.999e-05,)] [eta: 14:56:38, time (data): 0.152 (0.002)] l_pix: 2.3307e-01 l_lpips: 2.2290e-01 
2026-07-27 18:58:21,349 INFO: [000_U..][epoch: 49, iter:  39,900, lr:(9.998e-05,6.999e-05,)] [eta: 14:55:47, time (data): 0.161 (0.002)] l_pix: 2.2515e-01 l_lpips: 2.1228e-01 
2026-07-27 18:58:37,263 INFO: [000_U..][epoch: 49, iter:  40,000, lr:(9.998e-05,6.999e-05,)] [eta: 14:54:55, time (data): 0.154 (0.002)] l_pix: 1.7911e-01 l_lpips: 1.7529e-01 
2026-07-27 18:58:37,263 INFO: Saving models and training states.
2026-07-27 19:03:11,310 INFO: Validation RealSRV3
	 # psnr: 23.2188	Best: 23.6604 @ 25000 iter
	 # ssim: 0.6321	Best: 0.6321 @ 40000 iter
	 # lpips: 0.4189	Best: 0.4189 @ 40000 iter

2026-07-27 19:03:27,401 INFO: [000_U..][epoch: 50, iter:  40,100, lr:(9.998e-05,6.999e-05,)] [eta: 15:23:41, time (data): 0.161 (0.004)] l_pix: 1.2335e-01 l_lpips: 1.1951e-01 
2026-07-27 19:03:43,204 INFO: [000_U..][epoch: 50, iter:  40,200, lr:(9.998e-05,6.999e-05,)] [eta: 15:22:44, time (data): 0.159 (0.003)] l_pix: 2.0642e-01 l_lpips: 1.9775e-01 
2026-07-27 19:03:59,379 INFO: [000_U..][epoch: 50, iter:  40,300, lr:(9.998e-05,6.999e-05,)] [eta: 15:21:50, time (data): 0.162 (0.002)] l_pix: 2.6759e-01 l_lpips: 2.5537e-01 
2026-07-27 19:04:15,379 INFO: [000_U..][epoch: 50, iter:  40,400, lr:(9.998e-05,6.999e-05,)] [eta: 15:20:54, time (data): 0.161 (0.002)] l_pix: 2.7561e-01 l_lpips: 2.7197e-01 
2026-07-27 19:04:31,266 INFO: [000_U..][epoch: 50, iter:  40,500, lr:(9.998e-05,6.999e-05,)] [eta: 15:19:59, time (data): 0.159 (0.002)] l_pix: 2.6355e-01 l_lpips: 2.5391e-01 
2026-07-27 19:04:47,140 INFO: [000_U..][epoch: 50, iter:  40,600, lr:(9.998e-05,6.999e-05,)] [eta: 15:19:03, time (data): 0.159 (0.002)] l_pix: 2.8172e-01 l_lpips: 2.5293e-01 
2026-07-27 19:05:03,012 INFO: [000_U..][epoch: 50, iter:  40,700, lr:(9.998e-05,6.999e-05,)] [eta: 15:18:07, time (data): 0.159 (0.002)] l_pix: 1.2694e-01 l_lpips: 1.2378e-01 
2026-07-27 19:05:19,107 INFO: [000_U..][epoch: 50, iter:  40,800, lr:(9.998e-05,6.999e-05,)] [eta: 15:17:13, time (data): 0.160 (0.002)] l_pix: 1.9683e-01 l_lpips: 1.8970e-01 
2026-07-27 19:05:35,686 INFO: [000_U..][epoch: 51, iter:  40,900, lr:(9.998e-05,6.999e-05,)] [eta: 15:16:23, time (data): 0.163 (0.002)] l_pix: 1.3684e-01 l_lpips: 1.2646e-01 
2026-07-27 19:05:51,778 INFO: [000_U..][epoch: 51, iter:  41,000, lr:(9.998e-05,6.999e-05,)] [eta: 15:15:29, time (data): 0.162 (0.002)] l_pix: 2.3431e-01 l_lpips: 2.2217e-01 
2026-07-27 19:06:08,052 INFO: [000_U..][epoch: 51, iter:  41,100, lr:(9.998e-05,6.999e-05,)] [eta: 15:14:37, time (data): 0.163 (0.002)] l_pix: 2.9402e-01 l_lpips: 2.9126e-01 
2026-07-27 19:06:23,983 INFO: [000_U..][epoch: 51, iter:  41,200, lr:(9.998e-05,6.999e-05,)] [eta: 15:13:42, time (data): 0.161 (0.002)] l_pix: 1.9314e-01 l_lpips: 1.8335e-01 
2026-07-27 19:06:39,645 INFO: [000_U..][epoch: 51, iter:  41,300, lr:(9.998e-05,6.999e-05,)] [eta: 15:12:47, time (data): 0.157 (0.002)] l_pix: 1.4301e-01 l_lpips: 1.3086e-01 
2026-07-27 19:06:55,247 INFO: [000_U..][epoch: 51, iter:  41,400, lr:(9.998e-05,6.999e-05,)] [eta: 15:11:51, time (data): 0.156 (0.002)] l_pix: 2.6171e-01 l_lpips: 2.3999e-01 
2026-07-27 19:07:10,723 INFO: [000_U..][epoch: 51, iter:  41,500, lr:(9.998e-05,6.999e-05,)] [eta: 15:10:54, time (data): 0.155 (0.002)] l_pix: 1.9639e-01 l_lpips: 1.8982e-01 
2026-07-27 19:07:26,179 INFO: [000_U..][epoch: 51, iter:  41,600, lr:(9.998e-05,6.999e-05,)] [eta: 15:09:58, time (data): 0.155 (0.002)] l_pix: 2.4308e-01 l_lpips: 2.2900e-01 
2026-07-27 19:07:42,038 INFO: [000_U..][epoch: 52, iter:  41,700, lr:(9.998e-05,6.999e-05,)] [eta: 15:09:04, time (data): 0.156 (0.002)] l_pix: 1.1400e-01 l_lpips: 1.1072e-01 
2026-07-27 19:07:57,795 INFO: [000_U..][epoch: 52, iter:  41,800, lr:(9.998e-05,6.999e-05,)] [eta: 15:08:10, time (data): 0.157 (0.002)] l_pix: 3.3454e-01 l_lpips: 3.2910e-01 
2026-07-27 19:08:14,126 INFO: [000_U..][epoch: 52, iter:  41,900, lr:(9.998e-05,6.999e-05,)] [eta: 15:07:19, time (data): 0.164 (0.002)] l_pix: 2.5936e-01 l_lpips: 2.4487e-01 
2026-07-27 19:08:30,587 INFO: [000_U..][epoch: 52, iter:  42,000, lr:(9.998e-05,6.999e-05,)] [eta: 15:06:30, time (data): 0.164 (0.002)] l_pix: 1.3775e-01 l_lpips: 1.3452e-01 
2026-07-27 19:08:47,064 INFO: [000_U..][epoch: 52, iter:  42,100, lr:(9.998e-05,6.999e-05,)] [eta: 15:05:40, time (data): 0.165 (0.002)] l_pix: 2.3699e-01 l_lpips: 2.2095e-01 
2026-07-27 19:09:02,937 INFO: [000_U..][epoch: 52, iter:  42,200, lr:(9.998e-05,6.999e-05,)] [eta: 15:04:48, time (data): 0.162 (0.002)] l_pix: 2.0478e-01 l_lpips: 1.9055e-01 
2026-07-27 19:09:18,468 INFO: [000_U..][epoch: 52, iter:  42,300, lr:(9.998e-05,6.999e-05,)] [eta: 15:03:53, time (data): 0.155 (0.002)] l_pix: 4.5367e-02 l_lpips: 4.1779e-02 
2026-07-27 19:09:34,270 INFO: [000_U..][epoch: 52, iter:  42,400, lr:(9.998e-05,6.999e-05,)] [eta: 15:03:00, time (data): 0.157 (0.002)] l_pix: 2.3336e-01 l_lpips: 2.1838e-01 
2026-07-27 19:09:50,018 INFO: [000_U..][epoch: 53, iter:  42,500, lr:(9.998e-05,6.999e-05,)] [eta: 15:02:07, time (data): 0.154 (0.002)] l_pix: 9.5319e-02 l_lpips: 9.2346e-02 
2026-07-27 19:10:05,462 INFO: [000_U..][epoch: 53, iter:  42,600, lr:(9.998e-05,6.999e-05,)] [eta: 15:01:12, time (data): 0.154 (0.002)] l_pix: 2.3814e-01 l_lpips: 2.2803e-01 
2026-07-27 19:10:20,992 INFO: [000_U..][epoch: 53, iter:  42,700, lr:(9.998e-05,6.999e-05,)] [eta: 15:00:18, time (data): 0.155 (0.002)] l_pix: 2.7215e-01 l_lpips: 2.5903e-01 
2026-07-27 19:10:36,516 INFO: [000_U..][epoch: 53, iter:  42,800, lr:(9.998e-05,6.999e-05,)] [eta: 14:59:24, time (data): 0.155 (0.002)] l_pix: 1.5753e-01 l_lpips: 1.5417e-01 
2026-07-27 19:10:52,114 INFO: [000_U..][epoch: 53, iter:  42,900, lr:(9.998e-05,6.999e-05,)] [eta: 14:58:31, time (data): 0.156 (0.002)] l_pix: 2.3942e-01 l_lpips: 2.3169e-01 
2026-07-27 19:11:07,864 INFO: [000_U..][epoch: 53, iter:  43,000, lr:(9.998e-05,6.999e-05,)] [eta: 14:57:39, time (data): 0.157 (0.002)] l_pix: 1.7633e-01 l_lpips: 1.6821e-01 
2026-07-27 19:11:23,464 INFO: [000_U..][epoch: 53, iter:  43,100, lr:(9.998e-05,6.999e-05,)] [eta: 14:56:46, time (data): 0.156 (0.002)] l_pix: 1.1432e-01 l_lpips: 1.0913e-01 
2026-07-27 19:11:39,281 INFO: [000_U..][epoch: 53, iter:  43,200, lr:(9.998e-05,6.999e-05,)] [eta: 14:55:55, time (data): 0.157 (0.002)] l_pix: 3.2220e-01 l_lpips: 2.9492e-01 
2026-07-27 19:11:55,650 INFO: [000_U..][epoch: 54, iter:  43,300, lr:(9.998e-05,6.999e-05,)] [eta: 14:55:07, time (data): 0.160 (0.002)] l_pix: 3.3616e-01 l_lpips: 3.0225e-01 
2026-07-27 19:12:11,480 INFO: [000_U..][epoch: 54, iter:  43,400, lr:(9.998e-05,6.999e-05,)] [eta: 14:54:16, time (data): 0.159 (0.002)] l_pix: 2.9294e-01 l_lpips: 2.7930e-01 
2026-07-27 19:12:27,346 INFO: [000_U..][epoch: 54, iter:  43,500, lr:(9.998e-05,6.999e-05,)] [eta: 14:53:25, time (data): 0.159 (0.002)] l_pix: 2.4485e-01 l_lpips: 2.4146e-01 
2026-07-27 19:12:43,224 INFO: [000_U..][epoch: 54, iter:  43,600, lr:(9.998e-05,6.999e-05,)] [eta: 14:52:34, time (data): 0.159 (0.002)] l_pix: 1.8092e-01 l_lpips: 1.7297e-01 
2026-07-27 19:12:59,110 INFO: [000_U..][epoch: 54, iter:  43,700, lr:(9.998e-05,6.999e-05,)] [eta: 14:51:44, time (data): 0.159 (0.002)] l_pix: 2.8176e-01 l_lpips: 2.7441e-01 
2026-07-27 19:13:14,972 INFO: [000_U..][epoch: 54, iter:  43,800, lr:(9.998e-05,6.999e-05,)] [eta: 14:50:54, time (data): 0.159 (0.002)] l_pix: 2.2231e-01 l_lpips: 2.0679e-01 
2026-07-27 19:13:30,857 INFO: [000_U..][epoch: 54, iter:  43,900, lr:(9.998e-05,6.999e-05,)] [eta: 14:50:04, time (data): 0.159 (0.002)] l_pix: 3.0454e-01 l_lpips: 2.6270e-01 
2026-07-27 19:13:47,476 INFO: [000_U..][epoch: 54, iter:  44,000, lr:(9.998e-05,6.999e-05,)] [eta: 14:49:19, time (data): 0.163 (0.002)] l_pix: 8.5900e-02 l_lpips: 7.9224e-02 
2026-07-27 19:14:03,400 INFO: [000_U..][epoch: 55, iter:  44,100, lr:(9.998e-05,6.999e-05,)] [eta: 14:48:29, time (data): 0.156 (0.002)] l_pix: 2.5775e-01 l_lpips: 2.3584e-01 
2026-07-27 19:14:19,097 INFO: [000_U..][epoch: 55, iter:  44,200, lr:(9.998e-05,6.999e-05,)] [eta: 14:47:39, time (data): 0.157 (0.002)] l_pix: 2.8706e-01 l_lpips: 2.5854e-01 
2026-07-27 19:14:34,631 INFO: [000_U..][epoch: 55, iter:  44,300, lr:(9.998e-05,6.999e-05,)] [eta: 14:46:47, time (data): 0.155 (0.002)] l_pix: 2.1830e-01 l_lpips: 2.1411e-01 
2026-07-27 19:14:50,009 INFO: [000_U..][epoch: 55, iter:  44,400, lr:(9.998e-05,6.999e-05,)] [eta: 14:45:55, time (data): 0.154 (0.002)] l_pix: 1.6436e-01 l_lpips: 1.5991e-01 
2026-07-27 19:15:05,454 INFO: [000_U..][epoch: 55, iter:  44,500, lr:(9.998e-05,6.999e-05,)] [eta: 14:45:04, time (data): 0.154 (0.002)] l_pix: 2.6526e-01 l_lpips: 2.4365e-01 
2026-07-27 19:15:20,814 INFO: [000_U..][epoch: 55, iter:  44,600, lr:(9.998e-05,6.999e-05,)] [eta: 14:44:12, time (data): 0.154 (0.002)] l_pix: 1.1328e-01 l_lpips: 1.0809e-01 
2026-07-27 19:15:36,121 INFO: [000_U..][epoch: 55, iter:  44,700, lr:(9.998e-05,6.999e-05,)] [eta: 14:43:20, time (data): 0.153 (0.002)] l_pix: 9.5977e-02 l_lpips: 9.3262e-02 
2026-07-27 19:15:51,491 INFO: [000_U..][epoch: 55, iter:  44,800, lr:(9.998e-05,6.999e-05,)] [eta: 14:42:28, time (data): 0.153 (0.002)] l_pix: 2.8619e-01 l_lpips: 2.8052e-01 
2026-07-27 19:16:07,373 INFO: [000_U..][epoch: 56, iter:  44,900, lr:(9.998e-05,6.999e-05,)] [eta: 14:41:40, time (data): 0.155 (0.002)] l_pix: 1.3029e-01 l_lpips: 1.1438e-01 
2026-07-27 19:16:23,107 INFO: [000_U..][epoch: 56, iter:  45,000, lr:(9.998e-05,6.999e-05,)] [eta: 14:40:51, time (data): 0.156 (0.002)] l_pix: 3.5466e-01 l_lpips: 3.4766e-01 
2026-07-27 19:20:55,447 INFO: Validation RealSRV3
	 # psnr: 23.5985	Best: 23.6604 @ 25000 iter
	 # ssim: 0.6394	Best: 0.6394 @ 45000 iter
	 # lpips: 0.4099	Best: 0.4099 @ 45000 iter

2026-07-27 19:21:10,834 INFO: [000_U..][epoch: 56, iter:  45,100, lr:(9.998e-05,6.999e-05,)] [eta: 15:05:39, time (data): 0.154 (0.002)] l_pix: 2.1863e-01 l_lpips: 2.0850e-01 
2026-07-27 19:21:26,327 INFO: [000_U..][epoch: 56, iter:  45,200, lr:(9.998e-05,6.999e-05,)] [eta: 15:04:45, time (data): 0.155 (0.002)] l_pix: 2.5441e-01 l_lpips: 2.2559e-01 
2026-07-27 19:21:42,046 INFO: [000_U..][epoch: 56, iter:  45,300, lr:(9.998e-05,6.999e-05,)] [eta: 15:03:52, time (data): 0.157 (0.002)] l_pix: 1.3254e-01 l_lpips: 1.2695e-01 
2026-07-27 19:21:57,574 INFO: [000_U..][epoch: 56, iter:  45,400, lr:(9.998e-05,6.999e-05,)] [eta: 15:02:59, time (data): 0.156 (0.002)] l_pix: 3.0526e-01 l_lpips: 2.6318e-01 
2026-07-27 19:22:12,924 INFO: [000_U..][epoch: 56, iter:  45,500, lr:(9.998e-05,6.999e-05,)] [eta: 15:02:04, time (data): 0.154 (0.002)] l_pix: 3.3751e-01 l_lpips: 3.3398e-01 
2026-07-27 19:22:28,763 INFO: [000_U..][epoch: 56, iter:  45,600, lr:(9.998e-05,6.999e-05,)] [eta: 15:01:13, time (data): 0.156 (0.002)] l_pix: 1.3218e-01 l_lpips: 1.2939e-01 
2026-07-27 19:22:44,544 INFO: [000_U..][epoch: 57, iter:  45,700, lr:(9.998e-05,6.999e-05,)] [eta: 15:00:21, time (data): 0.154 (0.002)] l_pix: 1.8376e-01 l_lpips: 1.6968e-01 
2026-07-27 19:23:00,140 INFO: [000_U..][epoch: 57, iter:  45,800, lr:(9.998e-05,6.999e-05,)] [eta: 14:59:28, time (data): 0.155 (0.002)] l_pix: 3.1272e-01 l_lpips: 2.8760e-01 
2026-07-27 19:23:15,832 INFO: [000_U..][epoch: 57, iter:  45,900, lr:(9.998e-05,6.999e-05,)] [eta: 14:58:37, time (data): 0.157 (0.002)] l_pix: 7.7830e-02 l_lpips: 7.2815e-02 
2026-07-27 19:23:31,760 INFO: [000_U..][epoch: 57, iter:  46,000, lr:(9.998e-05,6.999e-05,)] [eta: 14:57:46, time (data): 0.158 (0.002)] l_pix: 2.4261e-01 l_lpips: 2.3657e-01 
2026-07-27 19:23:47,586 INFO: [000_U..][epoch: 57, iter:  46,100, lr:(9.998e-05,6.999e-05,)] [eta: 14:56:55, time (data): 0.157 (0.002)] l_pix: 2.1401e-01 l_lpips: 2.0129e-01 
2026-07-27 19:24:02,955 INFO: [000_U..][epoch: 57, iter:  46,200, lr:(9.998e-05,6.999e-05,)] [eta: 14:56:02, time (data): 0.155 (0.002)] l_pix: 1.9482e-01 l_lpips: 1.9360e-01 
2026-07-27 19:24:18,342 INFO: [000_U..][epoch: 57, iter:  46,300, lr:(9.998e-05,6.999e-05,)] [eta: 14:55:09, time (data): 0.154 (0.002)] l_pix: 2.4267e-01 l_lpips: 2.3181e-01 
2026-07-27 19:24:33,725 INFO: [000_U..][epoch: 57, iter:  46,400, lr:(9.998e-05,6.999e-05,)] [eta: 14:54:16, time (data): 0.154 (0.002)] l_pix: 2.4473e-01 l_lpips: 2.3584e-01 
2026-07-27 19:24:49,389 INFO: [000_U..][epoch: 58, iter:  46,500, lr:(9.998e-05,6.999e-05,)] [eta: 14:53:25, time (data): 0.153 (0.002)] l_pix: 1.9057e-01 l_lpips: 1.7896e-01 
2026-07-27 19:25:05,010 INFO: [000_U..][epoch: 58, iter:  46,600, lr:(9.998e-05,6.999e-05,)] [eta: 14:52:34, time (data): 0.155 (0.002)] l_pix: 2.1810e-01 l_lpips: 2.0996e-01 
2026-07-27 19:25:20,636 INFO: [000_U..][epoch: 58, iter:  46,700, lr:(9.998e-05,6.999e-05,)] [eta: 14:51:43, time (data): 0.157 (0.002)] l_pix: 2.6903e-01 l_lpips: 2.4585e-01 
2026-07-27 19:25:36,408 INFO: [000_U..][epoch: 58, iter:  46,800, lr:(9.998e-05,6.999e-05,)] [eta: 14:50:53, time (data): 0.157 (0.002)] l_pix: 2.3183e-01 l_lpips: 2.1338e-01 
2026-07-27 19:25:52,041 INFO: [000_U..][epoch: 58, iter:  46,900, lr:(9.998e-05,6.999e-05,)] [eta: 14:50:02, time (data): 0.156 (0.002)] l_pix: 1.7994e-01 l_lpips: 1.6516e-01 
2026-07-27 19:26:07,882 INFO: [000_U..][epoch: 58, iter:  47,000, lr:(9.998e-05,6.999e-05,)] [eta: 14:49:13, time (data): 0.157 (0.002)] l_pix: 2.1865e-01 l_lpips: 2.0532e-01 
2026-07-27 19:26:23,536 INFO: [000_U..][epoch: 58, iter:  47,100, lr:(9.998e-05,6.999e-05,)] [eta: 14:48:23, time (data): 0.156 (0.002)] l_pix: 1.8186e-01 l_lpips: 1.7395e-01 
2026-07-27 19:26:39,156 INFO: [000_U..][epoch: 58, iter:  47,200, lr:(9.998e-05,6.999e-05,)] [eta: 14:47:32, time (data): 0.156 (0.002)] l_pix: 2.7156e-01 l_lpips: 2.5049e-01 
2026-07-27 19:26:55,021 INFO: [000_U..][epoch: 59, iter:  47,300, lr:(9.998e-05,6.999e-05,)] [eta: 14:46:43, time (data): 0.154 (0.002)] l_pix: 1.6825e-01 l_lpips: 1.5430e-01 
2026-07-27 19:27:10,395 INFO: [000_U..][epoch: 59, iter:  47,400, lr:(9.998e-05,6.999e-05,)] [eta: 14:45:52, time (data): 0.154 (0.002)] l_pix: 2.2607e-01 l_lpips: 2.1777e-01 
2026-07-27 19:27:25,808 INFO: [000_U..][epoch: 59, iter:  47,500, lr:(9.998e-05,6.999e-05,)] [eta: 14:45:01, time (data): 0.155 (0.002)] l_pix: 4.5549e-01 l_lpips: 3.8354e-01 
2026-07-27 19:27:41,147 INFO: [000_U..][epoch: 59, iter:  47,600, lr:(9.998e-05,6.999e-05,)] [eta: 14:44:10, time (data): 0.154 (0.002)] l_pix: 1.6161e-01 l_lpips: 1.6016e-01 
2026-07-27 19:27:56,442 INFO: [000_U..][epoch: 59, iter:  47,700, lr:(9.998e-05,6.999e-05,)] [eta: 14:43:19, time (data): 0.152 (0.002)] l_pix: 4.4181e-02 l_lpips: 4.1504e-02 
2026-07-27 19:28:11,735 INFO: [000_U..][epoch: 59, iter:  47,800, lr:(9.998e-05,6.999e-05,)] [eta: 14:42:28, time (data): 0.153 (0.002)] l_pix: 9.4663e-02 l_lpips: 8.7097e-02 
2026-07-27 19:28:26,990 INFO: [000_U..][epoch: 59, iter:  47,900, lr:(9.998e-05,6.999e-05,)] [eta: 14:41:36, time (data): 0.152 (0.002)] l_pix: 2.0521e-01 l_lpips: 1.9238e-01 
2026-07-27 19:28:42,230 INFO: [000_U..][epoch: 59, iter:  48,000, lr:(9.998e-05,6.999e-05,)] [eta: 14:40:45, time (data): 0.152 (0.002)] l_pix: 2.3205e-01 l_lpips: 2.1826e-01 
2026-07-27 19:28:58,002 INFO: [000_U..][epoch: 60, iter:  48,100, lr:(9.998e-05,6.999e-05,)] [eta: 14:39:57, time (data): 0.153 (0.002)] l_pix: 1.0294e-01 l_lpips: 9.8694e-02 
2026-07-27 19:29:13,233 INFO: [000_U..][epoch: 60, iter:  48,200, lr:(9.998e-05,6.999e-05,)] [eta: 14:39:06, time (data): 0.152 (0.002)] l_pix: 1.7147e-01 l_lpips: 1.6516e-01 
2026-07-27 19:29:28,651 INFO: [000_U..][epoch: 60, iter:  48,300, lr:(9.998e-05,6.999e-05,)] [eta: 14:38:16, time (data): 0.154 (0.002)] l_pix: 2.5870e-01 l_lpips: 2.5195e-01 
2026-07-27 19:29:44,195 INFO: [000_U..][epoch: 60, iter:  48,400, lr:(9.998e-05,6.999e-05,)] [eta: 14:37:27, time (data): 0.155 (0.002)] l_pix: 3.1555e-01 l_lpips: 2.6050e-01 
2026-07-27 19:29:59,796 INFO: [000_U..][epoch: 60, iter:  48,500, lr:(9.998e-05,6.999e-05,)] [eta: 14:36:39, time (data): 0.155 (0.002)] l_pix: 1.4160e-01 l_lpips: 1.3428e-01 
2026-07-27 19:30:15,455 INFO: [000_U..][epoch: 60, iter:  48,600, lr:(9.998e-05,6.999e-05,)] [eta: 14:35:51, time (data): 0.156 (0.002)] l_pix: 2.0747e-01 l_lpips: 1.9189e-01 
2026-07-27 19:30:31,030 INFO: [000_U..][epoch: 60, iter:  48,700, lr:(9.998e-05,6.999e-05,)] [eta: 14:35:02, time (data): 0.155 (0.002)] l_pix: 1.4097e-01 l_lpips: 1.2952e-01 
2026-07-27 19:30:46,473 INFO: [000_U..][epoch: 60, iter:  48,800, lr:(9.998e-05,6.999e-05,)] [eta: 14:34:13, time (data): 0.155 (0.002)] l_pix: 2.3431e-01 l_lpips: 2.2620e-01 
2026-07-27 19:31:02,280 INFO: [000_U..][epoch: 61, iter:  48,900, lr:(9.998e-05,6.999e-05,)] [eta: 14:33:26, time (data): 0.155 (0.002)] l_pix: 2.1937e-01 l_lpips: 2.1094e-01 
2026-07-27 19:31:17,659 INFO: [000_U..][epoch: 61, iter:  49,000, lr:(9.998e-05,6.999e-05,)] [eta: 14:32:37, time (data): 0.154 (0.002)] l_pix: 1.9332e-01 l_lpips: 1.7358e-01 
2026-07-27 19:31:33,242 INFO: [000_U..][epoch: 61, iter:  49,100, lr:(9.998e-05,6.999e-05,)] [eta: 14:31:50, time (data): 0.153 (0.002)] l_pix: 2.7008e-01 l_lpips: 2.6050e-01 
2026-07-27 19:31:48,549 INFO: [000_U..][epoch: 61, iter:  49,200, lr:(9.998e-05,6.999e-05,)] [eta: 14:31:01, time (data): 0.153 (0.002)] l_pix: 8.9161e-02 l_lpips: 8.4473e-02 
2026-07-27 19:32:03,902 INFO: [000_U..][epoch: 61, iter:  49,300, lr:(9.998e-05,6.999e-05,)] [eta: 14:30:12, time (data): 0.153 (0.002)] l_pix: 1.8964e-01 l_lpips: 1.7371e-01 
2026-07-27 19:32:19,282 INFO: [000_U..][epoch: 61, iter:  49,400, lr:(9.998e-05,6.999e-05,)] [eta: 14:29:23, time (data): 0.154 (0.002)] l_pix: 2.2585e-01 l_lpips: 2.0459e-01 
2026-07-27 19:32:34,626 INFO: [000_U..][epoch: 61, iter:  49,500, lr:(9.998e-05,6.999e-05,)] [eta: 14:28:35, time (data): 0.153 (0.002)] l_pix: 1.5994e-01 l_lpips: 1.5405e-01 
2026-07-27 19:32:50,062 INFO: [000_U..][epoch: 61, iter:  49,600, lr:(9.998e-05,6.999e-05,)] [eta: 14:27:47, time (data): 0.154 (0.002)] l_pix: 2.9431e-01 l_lpips: 2.7686e-01 
2026-07-27 19:33:06,162 INFO: [000_U..][epoch: 62, iter:  49,700, lr:(9.998e-05,6.999e-05,)] [eta: 14:27:03, time (data): 0.158 (0.002)] l_pix: 2.6466e-01 l_lpips: 2.4805e-01 
2026-07-27 19:33:22,021 INFO: [000_U..][epoch: 62, iter:  49,800, lr:(9.998e-05,6.999e-05,)] [eta: 14:26:17, time (data): 0.158 (0.002)] l_pix: 2.7161e-01 l_lpips: 2.5293e-01 
2026-07-27 19:33:37,664 INFO: [000_U..][epoch: 62, iter:  49,900, lr:(9.998e-05,6.999e-05,)] [eta: 14:25:30, time (data): 0.155 (0.002)] l_pix: 2.1322e-01 l_lpips: 2.1106e-01 
2026-07-27 19:33:53,469 INFO: [000_U..][epoch: 62, iter:  50,000, lr:(9.998e-05,6.999e-05,)] [eta: 14:24:45, time (data): 0.157 (0.002)] l_pix: 1.5158e-01 l_lpips: 1.4587e-01 
2026-07-27 19:33:53,469 INFO: Saving models and training states.
2026-07-27 19:38:25,978 INFO: Validation RealSRV3
	 # psnr: 23.2850	Best: 23.6604 @ 25000 iter
	 # ssim: 0.6463	Best: 0.6463 @ 50000 iter
	 # lpips: 0.4036	Best: 0.4036 @ 50000 iter

2026-07-27 19:38:41,616 INFO: [000_U..][epoch: 62, iter:  50,100, lr:(9.998e-05,6.999e-05,)] [eta: 14:46:38, time (data): 0.153 (0.002)] l_pix: 2.1415e-01 l_lpips: 2.0850e-01 
2026-07-27 19:38:56,944 INFO: [000_U..][epoch: 62, iter:  50,200, lr:(9.998e-05,6.999e-05,)] [eta: 14:45:47, time (data): 0.153 (0.002)] l_pix: 2.1188e-01 l_lpips: 1.9910e-01 
2026-07-27 19:39:12,375 INFO: [000_U..][epoch: 62, iter:  50,300, lr:(9.998e-05,6.999e-05,)] [eta: 14:44:57, time (data): 0.156 (0.002)] l_pix: 3.4402e-01 l_lpips: 2.7100e-01 
2026-07-27 19:39:28,173 INFO: [000_U..][epoch: 62, iter:  50,400, lr:(9.998e-05,6.999e-05,)] [eta: 14:44:08, time (data): 0.157 (0.002)] l_pix: 2.7231e-01 l_lpips: 2.4072e-01 
2026-07-27 19:39:44,281 INFO: [000_U..][epoch: 63, iter:  50,500, lr:(9.998e-05,6.999e-05,)] [eta: 14:43:22, time (data): 0.159 (0.002)] l_pix: 2.0900e-01 l_lpips: 2.0422e-01 
2026-07-27 19:40:00,306 INFO: [000_U..][epoch: 63, iter:  50,600, lr:(9.998e-05,6.999e-05,)] [eta: 14:42:35, time (data): 0.160 (0.002)] l_pix: 2.1914e-01 l_lpips: 2.1313e-01 
2026-07-27 19:40:16,321 INFO: [000_U..][epoch: 63, iter:  50,700, lr:(9.998e-05,6.999e-05,)] [eta: 14:41:48, time (data): 0.160 (0.002)] l_pix: 1.0332e-01 l_lpips: 9.7656e-02 
2026-07-27 19:40:32,337 INFO: [000_U..][epoch: 63, iter:  50,800, lr:(9.998e-05,6.999e-05,)] [eta: 14:41:01, time (data): 0.160 (0.002)] l_pix: 1.1615e-01 l_lpips: 1.1328e-01 
2026-07-27 19:40:48,366 INFO: [000_U..][epoch: 63, iter:  50,900, lr:(9.998e-05,6.999e-05,)] [eta: 14:40:14, time (data): 0.161 (0.002)] l_pix: 1.9346e-01 l_lpips: 1.8567e-01 
2026-07-27 19:41:04,424 INFO: [000_U..][epoch: 63, iter:  51,000, lr:(9.998e-05,6.999e-05,)] [eta: 14:39:28, time (data): 0.161 (0.002)] l_pix: 2.6398e-01 l_lpips: 2.5537e-01 
2026-07-27 19:41:20,552 INFO: [000_U..][epoch: 63, iter:  51,100, lr:(9.998e-05,6.999e-05,)] [eta: 14:38:42, time (data): 0.159 (0.002)] l_pix: 1.2932e-01 l_lpips: 1.2305e-01 
2026-07-27 19:41:36,482 INFO: [000_U..][epoch: 63, iter:  51,200, lr:(9.998e-05,6.999e-05,)] [eta: 14:37:56, time (data): 0.159 (0.002)] l_pix: 2.9258e-01 l_lpips: 2.8613e-01 
2026-07-27 19:41:52,157 INFO: [000_U..][epoch: 64, iter:  51,300, lr:(9.998e-05,6.999e-05,)] [eta: 14:37:08, time (data): 0.154 (0.002)] l_pix: 3.4039e-01 l_lpips: 2.9468e-01 
2026-07-27 19:42:07,483 INFO: [000_U..][epoch: 64, iter:  51,400, lr:(9.998e-05,6.999e-05,)] [eta: 14:36:18, time (data): 0.154 (0.002)] l_pix: 8.2564e-02 l_lpips: 7.8918e-02 
2026-07-27 19:42:22,814 INFO: [000_U..][epoch: 64, iter:  51,500, lr:(9.998e-05,6.999e-05,)] [eta: 14:35:29, time (data): 0.154 (0.002)] l_pix: 2.9086e-01 l_lpips: 2.7661e-01 
2026-07-27 19:42:38,252 INFO: [000_U..][epoch: 64, iter:  51,600, lr:(9.998e-05,6.999e-05,)] [eta: 14:34:41, time (data): 0.154 (0.002)] l_pix: 1.3097e-01 l_lpips: 1.2708e-01 
2026-07-27 19:42:54,381 INFO: [000_U..][epoch: 64, iter:  51,700, lr:(9.998e-05,6.999e-05,)] [eta: 14:33:55, time (data): 0.161 (0.002)] l_pix: 2.8934e-01 l_lpips: 2.8418e-01 
2026-07-27 19:43:10,535 INFO: [000_U..][epoch: 64, iter:  51,800, lr:(9.998e-05,6.999e-05,)] [eta: 14:33:11, time (data): 0.161 (0.002)] l_pix: 2.5991e-01 l_lpips: 2.3022e-01 
2026-07-27 19:43:27,109 INFO: [000_U..][epoch: 64, iter:  51,900, lr:(9.998e-05,6.999e-05,)] [eta: 14:32:28, time (data): 0.167 (0.002)] l_pix: 9.0685e-02 l_lpips: 8.7280e-02 
2026-07-27 19:43:43,589 INFO: [000_U..][epoch: 64, iter:  52,000, lr:(9.998e-05,6.999e-05,)] [eta: 14:31:45, time (data): 0.165 (0.002)] l_pix: 2.5705e-01 l_lpips: 2.4182e-01 
2026-07-27 19:44:00,267 INFO: [000_U..][epoch: 65, iter:  52,100, lr:(9.998e-05,6.999e-05,)] [eta: 14:31:03, time (data): 0.162 (0.002)] l_pix: 1.7165e-01 l_lpips: 1.5637e-01 
2026-07-27 19:44:16,577 INFO: [000_U..][epoch: 65, iter:  52,200, lr:(9.998e-05,6.999e-05,)] [eta: 14:30:19, time (data): 0.163 (0.002)] l_pix: 2.0514e-01 l_lpips: 1.9714e-01 
2026-07-27 19:44:32,936 INFO: [000_U..][epoch: 65, iter:  52,300, lr:(9.998e-05,6.999e-05,)] [eta: 14:29:35, time (data): 0.163 (0.002)] l_pix: 1.6983e-01 l_lpips: 1.6443e-01 
2026-07-27 19:44:49,284 INFO: [000_U..][epoch: 65, iter:  52,400, lr:(9.998e-05,6.999e-05,)] [eta: 14:28:52, time (data): 0.163 (0.002)] l_pix: 1.6792e-01 l_lpips: 1.6418e-01 
2026-07-27 19:45:05,247 INFO: [000_U..][epoch: 65, iter:  52,500, lr:(9.998e-05,6.999e-05,)] [eta: 14:28:07, time (data): 0.155 (0.002)] l_pix: 1.3996e-01 l_lpips: 1.3623e-01 
2026-07-27 19:45:21,086 INFO: [000_U..][epoch: 65, iter:  52,600, lr:(9.998e-05,6.999e-05,)] [eta: 14:27:21, time (data): 0.157 (0.002)] l_pix: 2.6976e-01 l_lpips: 2.6392e-01 
2026-07-27 19:45:36,877 INFO: [000_U..][epoch: 65, iter:  52,700, lr:(9.998e-05,6.999e-05,)] [eta: 14:26:36, time (data): 0.158 (0.002)] l_pix: 1.2553e-01 l_lpips: 1.1981e-01 
2026-07-27 19:45:52,744 INFO: [000_U..][epoch: 65, iter:  52,800, lr:(9.998e-05,6.999e-05,)] [eta: 14:25:51, time (data): 0.159 (0.002)] l_pix: 2.1802e-01 l_lpips: 2.1313e-01 
2026-07-27 19:46:09,330 INFO: [000_U..][epoch: 66, iter:  52,900, lr:(9.998e-05,6.999e-05,)] [eta: 14:25:09, time (data): 0.162 (0.002)] l_pix: 1.7646e-01 l_lpips: 1.7322e-01 
2026-07-27 19:46:25,648 INFO: [000_U..][epoch: 66, iter:  53,000, lr:(9.998e-05,6.999e-05,)] [eta: 14:24:26, time (data): 0.163 (0.002)] l_pix: 1.7220e-01 l_lpips: 1.6663e-01 
2026-07-27 19:46:41,877 INFO: [000_U..][epoch: 66, iter:  53,100, lr:(9.998e-05,6.999e-05,)] [eta: 14:23:43, time (data): 0.166 (0.002)] l_pix: 8.6206e-02 l_lpips: 8.2642e-02 
2026-07-27 19:46:57,837 INFO: [000_U..][epoch: 66, iter:  53,200, lr:(9.998e-05,6.999e-05,)] [eta: 14:22:59, time (data): 0.161 (0.002)] l_pix: 1.3664e-01 l_lpips: 1.3025e-01 
2026-07-27 19:47:13,615 INFO: [000_U..][epoch: 66, iter:  53,300, lr:(9.998e-05,6.999e-05,)] [eta: 14:22:13, time (data): 0.159 (0.002)] l_pix: 2.4687e-01 l_lpips: 2.2925e-01 
2026-07-27 19:47:29,097 INFO: [000_U..][epoch: 66, iter:  53,400, lr:(9.998e-05,6.999e-05,)] [eta: 14:21:27, time (data): 0.156 (0.002)] l_pix: 1.5412e-01 l_lpips: 1.4990e-01 
2026-07-27 19:47:44,601 INFO: [000_U..][epoch: 66, iter:  53,500, lr:(9.998e-05,6.999e-05,)] [eta: 14:20:41, time (data): 0.155 (0.002)] l_pix: 2.3669e-01 l_lpips: 2.2217e-01 
2026-07-27 19:48:00,140 INFO: [000_U..][epoch: 66, iter:  53,600, lr:(9.998e-05,6.999e-05,)] [eta: 14:19:55, time (data): 0.155 (0.002)] l_pix: 1.9254e-01 l_lpips: 1.6455e-01 
2026-07-27 19:48:15,777 INFO: [000_U..][epoch: 67, iter:  53,700, lr:(9.998e-05,6.999e-05,)] [eta: 14:19:10, time (data): 0.153 (0.002)] l_pix: 4.3369e-02 l_lpips: 2.3636e-02 
2026-07-27 19:48:31,494 INFO: [000_U..][epoch: 67, iter:  53,800, lr:(9.998e-05,6.999e-05,)] [eta: 14:18:25, time (data): 0.156 (0.002)] l_pix: 8.4083e-02 l_lpips: 7.8857e-02 
2026-07-27 19:48:47,097 INFO: [000_U..][epoch: 67, iter:  53,900, lr:(9.998e-05,6.999e-05,)] [eta: 14:17:40, time (data): 0.158 (0.002)] l_pix: 2.4231e-01 l_lpips: 2.2168e-01 
2026-07-27 19:49:02,787 INFO: [000_U..][epoch: 67, iter:  54,000, lr:(9.998e-05,6.999e-05,)] [eta: 14:16:55, time (data): 0.157 (0.002)] l_pix: 2.1916e-01 l_lpips: 2.0886e-01 
2026-07-27 19:49:18,309 INFO: [000_U..][epoch: 67, iter:  54,100, lr:(9.998e-05,6.999e-05,)] [eta: 14:16:10, time (data): 0.159 (0.002)] l_pix: 2.4689e-01 l_lpips: 2.2534e-01 
2026-07-27 19:49:33,598 INFO: [000_U..][epoch: 67, iter:  54,200, lr:(9.998e-05,6.999e-05,)] [eta: 14:15:24, time (data): 0.154 (0.002)] l_pix: 2.4951e-01 l_lpips: 2.4292e-01 
2026-07-27 19:49:48,894 INFO: [000_U..][epoch: 67, iter:  54,300, lr:(9.998e-05,6.999e-05,)] [eta: 14:14:38, time (data): 0.153 (0.002)] l_pix: 2.1241e-01 l_lpips: 1.8713e-01 
2026-07-27 19:50:04,168 INFO: [000_U..][epoch: 67, iter:  54,400, lr:(9.998e-05,6.999e-05,)] [eta: 14:13:51, time (data): 0.153 (0.002)] l_pix: 2.2288e-01 l_lpips: 2.1436e-01 
2026-07-27 19:50:20,194 INFO: [000_U..][epoch: 68, iter:  54,500, lr:(9.998e-05,6.999e-05,)] [eta: 14:13:09, time (data): 0.158 (0.002)] l_pix: 2.1914e-01 l_lpips: 2.1533e-01 
2026-07-27 19:50:35,958 INFO: [000_U..][epoch: 68, iter:  54,600, lr:(9.998e-05,6.999e-05,)] [eta: 14:12:25, time (data): 0.158 (0.002)] l_pix: 2.5440e-01 l_lpips: 2.4060e-01 
2026-07-27 19:50:51,338 INFO: [000_U..][epoch: 68, iter:  54,700, lr:(9.998e-05,6.999e-05,)] [eta: 14:11:40, time (data): 0.154 (0.002)] l_pix: 2.7496e-01 l_lpips: 2.6782e-01 
2026-07-27 19:51:06,783 INFO: [000_U..][epoch: 68, iter:  54,800, lr:(9.998e-05,6.999e-05,)] [eta: 14:10:55, time (data): 0.154 (0.002)] l_pix: 1.9831e-01 l_lpips: 1.8713e-01 
2026-07-27 19:51:22,371 INFO: [000_U..][epoch: 68, iter:  54,900, lr:(9.998e-05,6.999e-05,)] [eta: 14:10:11, time (data): 0.156 (0.002)] l_pix: 1.9295e-01 l_lpips: 1.8457e-01 
2026-07-27 19:51:38,061 INFO: [000_U..][epoch: 68, iter:  55,000, lr:(9.998e-05,6.999e-05,)] [eta: 14:09:27, time (data): 0.157 (0.002)] l_pix: 1.4101e-01 l_lpips: 1.3892e-01 
2026-07-27 19:56:11,849 INFO: Validation RealSRV3
	 # psnr: 23.7708	Best: 23.7708 @ 55000 iter
	 # ssim: 0.6559	Best: 0.6559 @ 55000 iter
	 # lpips: 0.3946	Best: 0.3946 @ 55000 iter

2026-07-27 19:56:27,539 INFO: [000_U..][epoch: 68, iter:  55,100, lr:(9.998e-05,6.999e-05,)] [eta: 14:29:00, time (data): 0.156 (0.002)] l_pix: 1.8084e-01 l_lpips: 1.3843e-01 
2026-07-27 19:56:43,415 INFO: [000_U..][epoch: 68, iter:  55,200, lr:(9.998e-05,6.999e-05,)] [eta: 14:28:15, time (data): 0.158 (0.002)] l_pix: 1.3514e-01 l_lpips: 1.2939e-01 
2026-07-27 19:56:59,856 INFO: [000_U..][epoch: 69, iter:  55,300, lr:(9.998e-05,6.999e-05,)] [eta: 14:27:32, time (data): 0.161 (0.002)] l_pix: 2.5933e-01 l_lpips: 2.4658e-01 
2026-07-27 19:57:16,003 INFO: [000_U..][epoch: 69, iter:  55,400, lr:(9.998e-05,6.999e-05,)] [eta: 14:26:48, time (data): 0.161 (0.002)] l_pix: 2.6654e-01 l_lpips: 2.5073e-01 
2026-07-27 19:57:31,894 INFO: [000_U..][epoch: 69, iter:  55,500, lr:(9.998e-05,6.999e-05,)] [eta: 14:26:03, time (data): 0.155 (0.002)] l_pix: 1.1449e-01 l_lpips: 1.0535e-01 
2026-07-27 19:57:47,451 INFO: [000_U..][epoch: 69, iter:  55,600, lr:(9.998e-05,6.999e-05,)] [eta: 14:25:17, time (data): 0.155 (0.002)] l_pix: 2.6376e-01 l_lpips: 2.5610e-01 
2026-07-27 19:58:02,789 INFO: [000_U..][epoch: 69, iter:  55,700, lr:(9.998e-05,6.999e-05,)] [eta: 14:24:30, time (data): 0.155 (0.002)] l_pix: 2.6697e-01 l_lpips: 2.3999e-01 
2026-07-27 19:58:18,913 INFO: [000_U..][epoch: 69, iter:  55,800, lr:(9.998e-05,6.999e-05,)] [eta: 14:23:46, time (data): 0.160 (0.002)] l_pix: 2.3521e-01 l_lpips: 2.2961e-01 
2026-07-27 19:58:35,607 INFO: [000_U..][epoch: 69, iter:  55,900, lr:(9.998e-05,6.999e-05,)] [eta: 14:23:05, time (data): 0.155 (0.002)] l_pix: 1.0371e-01 l_lpips: 1.0034e-01 
2026-07-27 19:58:51,338 INFO: [000_U..][epoch: 69, iter:  56,000, lr:(9.998e-05,6.999e-05,)] [eta: 14:22:20, time (data): 0.157 (0.002)] l_pix: 2.8005e-01 l_lpips: 2.5342e-01 
2026-07-27 19:59:07,190 INFO: [000_U..][epoch: 70, iter:  56,100, lr:(9.998e-05,6.999e-05,)] [eta: 14:21:36, time (data): 0.155 (0.002)] l_pix: 2.7099e-01 l_lpips: 2.5122e-01 
2026-07-27 19:59:22,785 INFO: [000_U..][epoch: 70, iter:  56,200, lr:(9.998e-05,6.999e-05,)] [eta: 14:20:50, time (data): 0.156 (0.002)] l_pix: 1.5341e-01 l_lpips: 1.4795e-01 
2026-07-27 19:59:38,336 INFO: [000_U..][epoch: 70, iter:  56,300, lr:(9.998e-05,6.999e-05,)] [eta: 14:20:05, time (data): 0.156 (0.002)] l_pix: 2.4419e-01 l_lpips: 2.2681e-01 
2026-07-27 19:59:53,695 INFO: [000_U..][epoch: 70, iter:  56,400, lr:(9.998e-05,6.999e-05,)] [eta: 14:19:18, time (data): 0.154 (0.002)] l_pix: 2.1601e-01 l_lpips: 2.1155e-01 
2026-07-27 20:00:09,083 INFO: [000_U..][epoch: 70, iter:  56,500, lr:(9.998e-05,6.999e-05,)] [eta: 14:18:32, time (data): 0.153 (0.002)] l_pix: 2.7773e-01 l_lpips: 2.6050e-01 
2026-07-27 20:00:24,689 INFO: [000_U..][epoch: 70, iter:  56,600, lr:(9.998e-05,6.999e-05,)] [eta: 14:17:47, time (data): 0.156 (0.002)] l_pix: 2.8611e-01 l_lpips: 2.5757e-01 
2026-07-27 20:00:40,298 INFO: [000_U..][epoch: 70, iter:  56,700, lr:(9.998e-05,6.999e-05,)] [eta: 14:17:02, time (data): 0.156 (0.002)] l_pix: 2.3606e-01 l_lpips: 2.2803e-01 
2026-07-27 20:00:55,899 INFO: [000_U..][epoch: 70, iter:  56,800, lr:(9.998e-05,6.999e-05,)] [eta: 14:16:18, time (data): 0.156 (0.002)] l_pix: 2.4897e-01 l_lpips: 2.4658e-01 
2026-07-27 20:01:11,675 INFO: [000_U..][epoch: 71, iter:  56,900, lr:(9.998e-05,6.999e-05,)] [eta: 14:15:34, time (data): 0.154 (0.002)] l_pix: 2.8065e-01 l_lpips: 2.6465e-01 
2026-07-27 20:01:27,086 INFO: [000_U..][epoch: 71, iter:  57,000, lr:(9.998e-05,6.999e-05,)] [eta: 14:14:48, time (data): 0.154 (0.002)] l_pix: 1.8651e-01 l_lpips: 1.7200e-01 
2026-07-27 20:01:42,379 INFO: [000_U..][epoch: 71, iter:  57,100, lr:(9.998e-05,6.999e-05,)] [eta: 14:14:02, time (data): 0.152 (0.002)] l_pix: 2.1905e-01 l_lpips: 2.0654e-01 
2026-07-27 20:01:57,856 INFO: [000_U..][epoch: 71, iter:  57,200, lr:(9.998e-05,6.999e-05,)] [eta: 14:13:17, time (data): 0.154 (0.002)] l_pix: 3.2358e-01 l_lpips: 3.1494e-01 
2026-07-27 20:02:13,405 INFO: [000_U..][epoch: 71, iter:  57,300, lr:(9.998e-05,6.999e-05,)] [eta: 14:12:33, time (data): 0.156 (0.002)] l_pix: 1.1203e-01 l_lpips: 1.0852e-01 
2026-07-27 20:02:29,005 INFO: [000_U..][epoch: 71, iter:  57,400, lr:(9.998e-05,6.999e-05,)] [eta: 14:11:49, time (data): 0.156 (0.002)] l_pix: 2.1654e-01 l_lpips: 2.0947e-01 
2026-07-27 20:02:44,675 INFO: [000_U..][epoch: 71, iter:  57,500, lr:(9.998e-05,6.999e-05,)] [eta: 14:11:05, time (data): 0.156 (0.002)] l_pix: 1.0371e-01 l_lpips: 1.0016e-01 
2026-07-27 20:03:00,330 INFO: [000_U..][epoch: 71, iter:  57,600, lr:(9.998e-05,6.999e-05,)] [eta: 14:10:21, time (data): 0.156 (0.002)] l_pix: 1.7621e-01 l_lpips: 1.6992e-01 
2026-07-27 20:03:16,344 INFO: [000_U..][epoch: 72, iter:  57,700, lr:(9.998e-05,6.999e-05,)] [eta: 14:09:39, time (data): 0.153 (0.002)] l_pix: 1.3757e-01 l_lpips: 1.3025e-01 
2026-07-27 20:03:32,477 INFO: [000_U..][epoch: 72, iter:  57,800, lr:(9.998e-05,6.999e-05,)] [eta: 14:08:57, time (data): 0.160 (0.002)] l_pix: 3.5145e-01 l_lpips: 3.3398e-01 
2026-07-27 20:03:48,729 INFO: [000_U..][epoch: 72, iter:  57,900, lr:(9.998e-05,6.999e-05,)] [eta: 14:08:16, time (data): 0.163 (0.002)] l_pix: 1.4654e-01 l_lpips: 1.3782e-01 
2026-07-27 20:04:04,971 INFO: [000_U..][epoch: 72, iter:  58,000, lr:(9.998e-05,6.999e-05,)] [eta: 14:07:35, time (data): 0.162 (0.002)] l_pix: 1.7289e-01 l_lpips: 1.6699e-01 
2026-07-27 20:04:21,418 INFO: [000_U..][epoch: 72, iter:  58,100, lr:(9.998e-05,6.999e-05,)] [eta: 14:06:55, time (data): 0.165 (0.002)] l_pix: 4.1001e-02 l_lpips: 3.8086e-02 
2026-07-27 20:04:37,548 INFO: [000_U..][epoch: 72, iter:  58,200, lr:(9.998e-05,6.999e-05,)] [eta: 14:06:14, time (data): 0.162 (0.002)] l_pix: 1.5220e-01 l_lpips: 1.4478e-01 
2026-07-27 20:04:53,523 INFO: [000_U..][epoch: 72, iter:  58,300, lr:(9.998e-05,6.999e-05,)] [eta: 14:05:32, time (data): 0.165 (0.002)] l_pix: 1.0508e-01 l_lpips: 9.9060e-02 
2026-07-27 20:05:09,625 INFO: [000_U..][epoch: 72, iter:  58,400, lr:(9.998e-05,6.999e-05,)] [eta: 14:04:51, time (data): 0.161 (0.002)] l_pix: 1.1082e-01 l_lpips: 1.0010e-01 
2026-07-27 20:05:25,935 INFO: [000_U..][epoch: 73, iter:  58,500, lr:(9.998e-05,6.999e-05,)] [eta: 14:04:11, time (data): 0.157 (0.002)] l_pix: 2.7549e-01 l_lpips: 2.4951e-01 
2026-07-27 20:05:41,817 INFO: [000_U..][epoch: 73, iter:  58,600, lr:(9.998e-05,6.999e-05,)] [eta: 14:03:29, time (data): 0.159 (0.002)] l_pix: 2.3014e-01 l_lpips: 2.2388e-01 
2026-07-27 20:05:57,659 INFO: [000_U..][epoch: 73, iter:  58,700, lr:(9.998e-05,6.999e-05,)] [eta: 14:02:47, time (data): 0.159 (0.002)] l_pix: 2.2540e-01 l_lpips: 2.1411e-01 
2026-07-27 20:06:13,751 INFO: [000_U..][epoch: 73, iter:  58,800, lr:(9.998e-05,6.999e-05,)] [eta: 14:02:06, time (data): 0.161 (0.002)] l_pix: 2.5622e-01 l_lpips: 2.4841e-01 
2026-07-27 20:06:29,723 INFO: [000_U..][epoch: 73, iter:  58,900, lr:(9.998e-05,6.999e-05,)] [eta: 14:01:24, time (data): 0.162 (0.002)] l_pix: 2.4229e-01 l_lpips: 2.2754e-01 
2026-07-27 20:06:45,658 INFO: [000_U..][epoch: 73, iter:  59,000, lr:(9.998e-05,6.999e-05,)] [eta: 14:00:43, time (data): 0.160 (0.002)] l_pix: 2.5520e-01 l_lpips: 2.3657e-01 
2026-07-27 20:07:01,495 INFO: [000_U..][epoch: 73, iter:  59,100, lr:(9.998e-05,6.999e-05,)] [eta: 14:00:01, time (data): 0.161 (0.002)] l_pix: 1.4251e-01 l_lpips: 1.3916e-01 
2026-07-27 20:07:17,438 INFO: [000_U..][epoch: 73, iter:  59,200, lr:(9.998e-05,6.999e-05,)] [eta: 13:59:20, time (data): 0.160 (0.002)] l_pix: 1.8472e-01 l_lpips: 1.7017e-01 
2026-07-27 20:07:33,631 INFO: [000_U..][epoch: 74, iter:  59,300, lr:(9.998e-05,6.999e-05,)] [eta: 13:58:40, time (data): 0.162 (0.002)] l_pix: 2.5553e-01 l_lpips: 2.4072e-01 
2026-07-27 20:07:49,591 INFO: [000_U..][epoch: 74, iter:  59,400, lr:(9.998e-05,6.999e-05,)] [eta: 13:57:59, time (data): 0.160 (0.002)] l_pix: 2.6867e-01 l_lpips: 2.5415e-01 
2026-07-27 20:08:05,507 INFO: [000_U..][epoch: 74, iter:  59,500, lr:(9.998e-05,6.999e-05,)] [eta: 13:57:18, time (data): 0.160 (0.002)] l_pix: 1.8044e-01 l_lpips: 1.7773e-01 
2026-07-27 20:08:21,085 INFO: [000_U..][epoch: 74, iter:  59,600, lr:(9.998e-05,6.999e-05,)] [eta: 13:56:36, time (data): 0.156 (0.002)] l_pix: 2.0592e-01 l_lpips: 1.9800e-01 
2026-07-27 20:08:36,441 INFO: [000_U..][epoch: 74, iter:  59,700, lr:(9.998e-05,6.999e-05,)] [eta: 13:55:53, time (data): 0.154 (0.002)] l_pix: 2.5449e-01 l_lpips: 2.1851e-01 
2026-07-27 20:08:51,755 INFO: [000_U..][epoch: 74, iter:  59,800, lr:(9.998e-05,6.999e-05,)] [eta: 13:55:10, time (data): 0.153 (0.002)] l_pix: 1.4359e-01 l_lpips: 1.4087e-01 
2026-07-27 20:09:07,038 INFO: [000_U..][epoch: 74, iter:  59,900, lr:(9.998e-05,6.999e-05,)] [eta: 13:54:26, time (data): 0.153 (0.002)] l_pix: 1.6698e-01 l_lpips: 1.5442e-01 
2026-07-27 20:09:22,391 INFO: [000_U..][epoch: 74, iter:  60,000, lr:(9.998e-05,6.999e-05,)] [eta: 13:53:43, time (data): 0.154 (0.002)] l_pix: 3.2115e-01 l_lpips: 2.9712e-01 
2026-07-27 20:09:22,391 INFO: Saving models and training states.
2026-07-27 20:13:54,225 INFO: Validation RealSRV3
	 # psnr: 23.3759	Best: 23.7708 @ 55000 iter
	 # ssim: 0.6518	Best: 0.6559 @ 55000 iter
	 # lpips: 0.3940	Best: 0.3940 @ 60000 iter

2026-07-27 20:14:10,968 INFO: [000_U..][epoch: 75, iter:  60,100, lr:(9.998e-05,6.999e-05,)] [eta: 14:11:11, time (data): 0.158 (0.002)] l_pix: 2.0258e-01 l_lpips: 1.9226e-01 
2026-07-27 20:14:27,228 INFO: [000_U..][epoch: 75, iter:  60,200, lr:(9.998e-05,6.999e-05,)] [eta: 14:10:30, time (data): 0.163 (0.002)] l_pix: 2.4994e-01 l_lpips: 2.1558e-01 
2026-07-27 20:14:43,549 INFO: [000_U..][epoch: 75, iter:  60,300, lr:(9.998e-05,6.999e-05,)] [eta: 14:09:49, time (data): 0.163 (0.002)] l_pix: 2.3712e-01 l_lpips: 2.1973e-01 
2026-07-27 20:14:59,798 INFO: [000_U..][epoch: 75, iter:  60,400, lr:(9.998e-05,6.999e-05,)] [eta: 14:09:08, time (data): 0.162 (0.002)] l_pix: 1.7989e-01 l_lpips: 1.7676e-01 
2026-07-27 20:15:15,893 INFO: [000_U..][epoch: 75, iter:  60,500, lr:(9.998e-05,6.999e-05,)] [eta: 14:08:26, time (data): 0.162 (0.002)] l_pix: 8.0423e-02 l_lpips: 7.2266e-02 
2026-07-27 20:15:32,062 INFO: [000_U..][epoch: 75, iter:  60,600, lr:(9.998e-05,6.999e-05,)] [eta: 14:07:45, time (data): 0.162 (0.002)] l_pix: 1.8642e-01 l_lpips: 1.8396e-01 
2026-07-27 20:15:48,048 INFO: [000_U..][epoch: 75, iter:  60,700, lr:(9.998e-05,6.999e-05,)] [eta: 14:07:03, time (data): 0.161 (0.002)] l_pix: 2.5331e-01 l_lpips: 2.3376e-01 
2026-07-27 20:16:03,978 INFO: [000_U..][epoch: 75, iter:  60,800, lr:(9.998e-05,6.999e-05,)] [eta: 14:06:21, time (data): 0.159 (0.002)] l_pix: 1.9789e-01 l_lpips: 1.9617e-01 
2026-07-27 20:16:19,996 INFO: [000_U..][epoch: 76, iter:  60,900, lr:(9.998e-05,6.999e-05,)] [eta: 14:05:39, time (data): 0.160 (0.003)] l_pix: 1.6134e-01 l_lpips: 1.5479e-01 
2026-07-27 20:16:35,536 INFO: [000_U..][epoch: 76, iter:  61,000, lr:(9.998e-05,6.999e-05,)] [eta: 14:04:55, time (data): 0.155 (0.002)] l_pix: 2.3000e-01 l_lpips: 2.1533e-01 
2026-07-27 20:16:51,026 INFO: [000_U..][epoch: 76, iter:  61,100, lr:(9.998e-05,6.999e-05,)] [eta: 14:04:12, time (data): 0.155 (0.002)] l_pix: 1.3978e-01 l_lpips: 1.3403e-01 
2026-07-27 20:17:06,659 INFO: [000_U..][epoch: 76, iter:  61,200, lr:(9.998e-05,6.999e-05,)] [eta: 14:03:29, time (data): 0.156 (0.002)] l_pix: 2.2839e-01 l_lpips: 2.1313e-01 
2026-07-27 20:17:22,041 INFO: [000_U..][epoch: 76, iter:  61,300, lr:(9.998e-05,6.999e-05,)] [eta: 14:02:45, time (data): 0.155 (0.002)] l_pix: 1.8275e-01 l_lpips: 1.7773e-01 
2026-07-27 20:17:37,415 INFO: [000_U..][epoch: 76, iter:  61,400, lr:(9.998e-05,6.999e-05,)] [eta: 14:02:01, time (data): 0.154 (0.002)] l_pix: 1.7789e-01 l_lpips: 1.6589e-01 
2026-07-27 20:17:52,814 INFO: [000_U..][epoch: 76, iter:  61,500, lr:(9.998e-05,6.999e-05,)] [eta: 14:01:18, time (data): 0.154 (0.002)] l_pix: 1.1766e-01 l_lpips: 1.1188e-01 
2026-07-27 20:18:08,217 INFO: [000_U..][epoch: 76, iter:  61,600, lr:(9.998e-05,6.999e-05,)] [eta: 14:00:34, time (data): 0.154 (0.002)] l_pix: 9.5915e-02 l_lpips: 9.0271e-02 
2026-07-27 20:18:24,340 INFO: [000_U..][epoch: 77, iter:  61,700, lr:(9.998e-05,6.999e-05,)] [eta: 13:59:54, time (data): 0.158 (0.003)] l_pix: 8.8117e-02 l_lpips: 8.3618e-02 
2026-07-27 20:18:40,001 INFO: [000_U..][epoch: 77, iter:  61,800, lr:(9.998e-05,6.999e-05,)] [eta: 13:59:11, time (data): 0.157 (0.002)] l_pix: 2.9711e-01 l_lpips: 2.6953e-01 
2026-07-27 20:18:55,746 INFO: [000_U..][epoch: 77, iter:  61,900, lr:(9.998e-05,6.999e-05,)] [eta: 13:58:30, time (data): 0.157 (0.002)] l_pix: 2.5425e-01 l_lpips: 2.3352e-01 
2026-07-27 20:19:11,371 INFO: [000_U..][epoch: 77, iter:  62,000, lr:(9.998e-05,6.999e-05,)] [eta: 13:57:47, time (data): 0.156 (0.002)] l_pix: 2.5001e-01 l_lpips: 2.3291e-01 
2026-07-27 20:19:27,130 INFO: [000_U..][epoch: 77, iter:  62,100, lr:(9.998e-05,6.999e-05,)] [eta: 13:57:06, time (data): 0.157 (0.002)] l_pix: 2.3501e-01 l_lpips: 2.2559e-01 
2026-07-27 20:19:42,946 INFO: [000_U..][epoch: 77, iter:  62,200, lr:(9.998e-05,6.999e-05,)] [eta: 13:56:24, time (data): 0.158 (0.002)] l_pix: 2.8829e-01 l_lpips: 2.6929e-01 
2026-07-27 20:19:59,197 INFO: [000_U..][epoch: 77, iter:  62,300, lr:(9.998e-05,6.999e-05,)] [eta: 13:55:45, time (data): 0.160 (0.002)] l_pix: 2.2007e-01 l_lpips: 2.0386e-01 
2026-07-27 20:20:16,026 INFO: [000_U..][epoch: 77, iter:  62,400, lr:(9.998e-05,6.999e-05,)] [eta: 13:55:07, time (data): 0.168 (0.002)] l_pix: 1.6643e-01 l_lpips: 1.6321e-01 
2026-07-27 20:20:31,924 INFO: [000_U..][epoch: 78, iter:  62,500, lr:(9.998e-05,6.999e-05,)] [eta: 13:54:26, time (data): 0.163 (0.003)] l_pix: 1.3479e-01 l_lpips: 1.2964e-01 
2026-07-27 20:20:48,075 INFO: [000_U..][epoch: 78, iter:  62,600, lr:(9.998e-05,6.999e-05,)] [eta: 13:53:47, time (data): 0.162 (0.002)] l_pix: 2.0933e-01 l_lpips: 1.9873e-01 
2026-07-27 20:21:04,169 INFO: [000_U..][epoch: 78, iter:  62,700, lr:(9.998e-05,6.999e-05,)] [eta: 13:53:07, time (data): 0.162 (0.002)] l_pix: 3.2851e-01 l_lpips: 2.7808e-01 
2026-07-27 20:21:19,917 INFO: [000_U..][epoch: 78, iter:  62,800, lr:(9.998e-05,6.999e-05,)] [eta: 13:52:26, time (data): 0.157 (0.002)] l_pix: 2.7873e-01 l_lpips: 2.5854e-01 
2026-07-27 20:21:36,077 INFO: [000_U..][epoch: 78, iter:  62,900, lr:(9.998e-05,6.999e-05,)] [eta: 13:51:46, time (data): 0.160 (0.002)] l_pix: 2.2766e-01 l_lpips: 2.1631e-01 
2026-07-27 20:21:52,281 INFO: [000_U..][epoch: 78, iter:  63,000, lr:(9.998e-05,6.999e-05,)] [eta: 13:51:07, time (data): 0.162 (0.002)] l_pix: 1.4898e-01 l_lpips: 1.4636e-01 
2026-07-27 20:22:08,298 INFO: [000_U..][epoch: 78, iter:  63,100, lr:(9.998e-05,6.999e-05,)] [eta: 13:50:27, time (data): 0.161 (0.002)] l_pix: 1.4401e-01 l_lpips: 1.3135e-01 
2026-07-27 20:22:24,072 INFO: [000_U..][epoch: 78, iter:  63,200, lr:(9.998e-05,6.999e-05,)] [eta: 13:49:46, time (data): 0.158 (0.002)] l_pix: 2.7368e-01 l_lpips: 2.6025e-01 
2026-07-27 20:22:40,607 INFO: [000_U..][epoch: 79, iter:  63,300, lr:(9.998e-05,6.999e-05,)] [eta: 13:49:08, time (data): 0.162 (0.003)] l_pix: 3.1662e-01 l_lpips: 3.1274e-01 
2026-07-27 20:22:56,541 INFO: [000_U..][epoch: 79, iter:  63,400, lr:(9.998e-05,6.999e-05,)] [eta: 13:48:28, time (data): 0.159 (0.002)] l_pix: 2.3887e-01 l_lpips: 2.2827e-01 
2026-07-27 20:23:12,288 INFO: [000_U..][epoch: 79, iter:  63,500, lr:(9.998e-05,6.999e-05,)] [eta: 13:47:48, time (data): 0.158 (0.002)] l_pix: 1.0231e-01 l_lpips: 9.9304e-02 
2026-07-27 20:23:27,826 INFO: [000_U..][epoch: 79, iter:  63,600, lr:(9.998e-05,6.999e-05,)] [eta: 13:47:06, time (data): 0.155 (0.002)] l_pix: 1.3067e-01 l_lpips: 1.2341e-01 
2026-07-27 20:23:43,465 INFO: [000_U..][epoch: 79, iter:  63,700, lr:(9.998e-05,6.999e-05,)] [eta: 13:46:26, time (data): 0.156 (0.002)] l_pix: 1.7938e-01 l_lpips: 1.7700e-01 
2026-07-27 20:23:59,225 INFO: [000_U..][epoch: 79, iter:  63,800, lr:(9.998e-05,6.999e-05,)] [eta: 13:45:45, time (data): 0.159 (0.002)] l_pix: 2.2226e-01 l_lpips: 2.1570e-01 
2026-07-27 20:24:14,999 INFO: [000_U..][epoch: 79, iter:  63,900, lr:(9.998e-05,6.999e-05,)] [eta: 13:45:05, time (data): 0.158 (0.002)] l_pix: 2.3853e-01 l_lpips: 2.2742e-01 
2026-07-27 20:24:30,831 INFO: [000_U..][epoch: 79, iter:  64,000, lr:(9.998e-05,6.999e-05,)] [eta: 13:44:25, time (data): 0.159 (0.002)] l_pix: 2.0703e-01 l_lpips: 1.8188e-01 
2026-07-27 20:24:46,863 INFO: [000_U..][epoch: 80, iter:  64,100, lr:(9.998e-05,6.999e-05,)] [eta: 13:43:46, time (data): 0.160 (0.003)] l_pix: 2.5271e-01 l_lpips: 2.4475e-01 
2026-07-27 20:25:02,534 INFO: [000_U..][epoch: 80, iter:  64,200, lr:(9.998e-05,6.999e-05,)] [eta: 13:43:06, time (data): 0.157 (0.002)] l_pix: 2.9246e-01 l_lpips: 2.7417e-01 
2026-07-27 20:25:18,509 INFO: [000_U..][epoch: 80, iter:  64,300, lr:(9.998e-05,6.999e-05,)] [eta: 13:42:27, time (data): 0.158 (0.002)] l_pix: 2.6863e-01 l_lpips: 2.4658e-01 
2026-07-27 20:25:33,921 INFO: [000_U..][epoch: 80, iter:  64,400, lr:(9.998e-05,6.999e-05,)] [eta: 13:41:45, time (data): 0.154 (0.002)] l_pix: 1.7728e-01 l_lpips: 1.7419e-01 
2026-07-27 20:25:49,308 INFO: [000_U..][epoch: 80, iter:  64,500, lr:(9.998e-05,6.999e-05,)] [eta: 13:41:04, time (data): 0.154 (0.002)] l_pix: 1.5986e-01 l_lpips: 1.5588e-01 
2026-07-27 20:26:04,911 INFO: [000_U..][epoch: 80, iter:  64,600, lr:(9.998e-05,6.999e-05,)] [eta: 13:40:24, time (data): 0.156 (0.002)] l_pix: 1.2139e-01 l_lpips: 1.1511e-01 
2026-07-27 20:26:20,365 INFO: [000_U..][epoch: 80, iter:  64,700, lr:(9.998e-05,6.999e-05,)] [eta: 13:39:43, time (data): 0.155 (0.002)] l_pix: 2.4549e-01 l_lpips: 2.3938e-01 
2026-07-27 20:26:35,817 INFO: [000_U..][epoch: 80, iter:  64,800, lr:(9.998e-05,6.999e-05,)] [eta: 13:39:03, time (data): 0.154 (0.002)] l_pix: 2.3136e-01 l_lpips: 2.1094e-01 
2026-07-27 20:26:52,040 INFO: [000_U..][epoch: 81, iter:  64,900, lr:(9.998e-05,6.999e-05,)] [eta: 13:38:25, time (data): 0.159 (0.003)] l_pix: 1.8659e-01 l_lpips: 1.7700e-01 
2026-07-27 20:27:07,892 INFO: [000_U..][epoch: 81, iter:  65,000, lr:(9.998e-05,6.999e-05,)] [eta: 13:37:46, time (data): 0.159 (0.002)] l_pix: 2.4014e-01 l_lpips: 2.2717e-01 
2026-07-27 20:31:39,712 INFO: Validation RealSRV3
	 # psnr: 23.4354	Best: 23.7708 @ 55000 iter
	 # ssim: 0.6577	Best: 0.6577 @ 65000 iter
	 # lpips: 0.3907	Best: 0.3907 @ 65000 iter

2026-07-27 20:31:55,908 INFO: [000_U..][epoch: 81, iter:  65,100, lr:(9.998e-05,6.999e-05,)] [eta: 13:53:29, time (data): 0.161 (0.002)] l_pix: 6.4442e-02 l_lpips: 6.2042e-02 
2026-07-27 20:32:12,429 INFO: [000_U..][epoch: 81, iter:  65,200, lr:(9.998e-05,6.999e-05,)] [eta: 13:52:50, time (data): 0.166 (0.002)] l_pix: 1.5442e-01 l_lpips: 1.4490e-01 
2026-07-27 20:32:28,975 INFO: [000_U..][epoch: 81, iter:  65,300, lr:(9.998e-05,6.999e-05,)] [eta: 13:52:12, time (data): 0.166 (0.002)] l_pix: 2.3512e-01 l_lpips: 2.1875e-01 
2026-07-27 20:32:45,037 INFO: [000_U..][epoch: 81, iter:  65,400, lr:(9.998e-05,6.999e-05,)] [eta: 13:51:32, time (data): 0.161 (0.002)] l_pix: 1.6612e-01 l_lpips: 1.5369e-01 
2026-07-27 20:33:01,056 INFO: [000_U..][epoch: 81, iter:  65,500, lr:(9.998e-05,6.999e-05,)] [eta: 13:50:52, time (data): 0.160 (0.002)] l_pix: 1.9130e-01 l_lpips: 1.8604e-01 
2026-07-27 20:33:17,052 INFO: [000_U..][epoch: 81, iter:  65,600, lr:(9.998e-05,6.999e-05,)] [eta: 13:50:12, time (data): 0.160 (0.002)] l_pix: 2.3383e-01 l_lpips: 2.2559e-01 
2026-07-27 20:33:33,249 INFO: [000_U..][epoch: 82, iter:  65,700, lr:(9.998e-05,6.999e-05,)] [eta: 13:49:33, time (data): 0.161 (0.003)] l_pix: 1.9731e-01 l_lpips: 1.9446e-01 
2026-07-27 20:33:49,051 INFO: [000_U..][epoch: 82, iter:  65,800, lr:(9.998e-05,6.999e-05,)] [eta: 13:48:52, time (data): 0.159 (0.002)] l_pix: 2.3561e-01 l_lpips: 2.0923e-01 
2026-07-27 20:34:04,959 INFO: [000_U..][epoch: 82, iter:  65,900, lr:(9.998e-05,6.999e-05,)] [eta: 13:48:12, time (data): 0.159 (0.002)] l_pix: 2.4652e-01 l_lpips: 2.3157e-01 
2026-07-27 20:34:21,041 INFO: [000_U..][epoch: 82, iter:  66,000, lr:(9.998e-05,6.999e-05,)] [eta: 13:47:32, time (data): 0.161 (0.002)] l_pix: 8.1149e-02 l_lpips: 7.6416e-02 
2026-07-27 20:34:36,996 INFO: [000_U..][epoch: 82, iter:  66,100, lr:(9.998e-05,6.999e-05,)] [eta: 13:46:52, time (data): 0.160 (0.002)] l_pix: 1.4273e-01 l_lpips: 1.2561e-01 
2026-07-27 20:34:52,893 INFO: [000_U..][epoch: 82, iter:  66,200, lr:(9.998e-05,6.999e-05,)] [eta: 13:46:12, time (data): 0.158 (0.002)] l_pix: 2.8771e-01 l_lpips: 2.8320e-01 
2026-07-27 20:35:08,890 INFO: [000_U..][epoch: 82, iter:  66,300, lr:(9.998e-05,6.999e-05,)] [eta: 13:45:33, time (data): 0.159 (0.002)] l_pix: 2.1101e-01 l_lpips: 2.0117e-01 
2026-07-27 20:35:24,613 INFO: [000_U..][epoch: 82, iter:  66,400, lr:(9.998e-05,6.999e-05,)] [eta: 13:44:52, time (data): 0.156 (0.002)] l_pix: 1.5852e-01 l_lpips: 1.4893e-01 
2026-07-27 20:35:41,050 INFO: [000_U..][epoch: 83, iter:  66,500, lr:(9.998e-05,6.999e-05,)] [eta: 13:44:15, time (data): 0.161 (0.003)] l_pix: 1.9863e-01 l_lpips: 1.8457e-01 
2026-07-27 20:35:57,155 INFO: [000_U..][epoch: 83, iter:  66,600, lr:(9.998e-05,6.999e-05,)] [eta: 13:43:36, time (data): 0.160 (0.002)] l_pix: 2.6480e-01 l_lpips: 2.3486e-01 
2026-07-27 20:36:12,967 INFO: [000_U..][epoch: 83, iter:  66,700, lr:(9.998e-05,6.999e-05,)] [eta: 13:42:56, time (data): 0.159 (0.002)] l_pix: 2.1527e-01 l_lpips: 1.9751e-01 
2026-07-27 20:36:29,334 INFO: [000_U..][epoch: 83, iter:  66,800, lr:(9.998e-05,6.999e-05,)] [eta: 13:42:18, time (data): 0.166 (0.002)] l_pix: 2.1158e-01 l_lpips: 1.9507e-01 
2026-07-27 20:36:45,471 INFO: [000_U..][epoch: 83, iter:  66,900, lr:(9.998e-05,6.999e-05,)] [eta: 13:41:39, time (data): 0.163 (0.002)] l_pix: 1.0768e-01 l_lpips: 9.8877e-02 
2026-07-27 20:37:01,361 INFO: [000_U..][epoch: 83, iter:  67,000, lr:(9.998e-05,6.999e-05,)] [eta: 13:41:00, time (data): 0.158 (0.002)] l_pix: 2.0474e-01 l_lpips: 2.0178e-01 
2026-07-27 20:37:17,410 INFO: [000_U..][epoch: 83, iter:  67,100, lr:(9.998e-05,6.999e-05,)] [eta: 13:40:21, time (data): 0.160 (0.002)] l_pix: 2.0940e-01 l_lpips: 2.0532e-01 
2026-07-27 20:37:33,353 INFO: [000_U..][epoch: 83, iter:  67,200, lr:(9.998e-05,6.999e-05,)] [eta: 13:39:42, time (data): 0.160 (0.002)] l_pix: 2.1617e-01 l_lpips: 2.0630e-01 
2026-07-27 20:37:49,312 INFO: [000_U..][epoch: 84, iter:  67,300, lr:(9.998e-05,6.999e-05,)] [eta: 13:39:03, time (data): 0.160 (0.003)] l_pix: 2.0732e-01 l_lpips: 1.8994e-01 
2026-07-27 20:38:04,663 INFO: [000_U..][epoch: 84, iter:  67,400, lr:(9.998e-05,6.999e-05,)] [eta: 13:38:22, time (data): 0.154 (0.002)] l_pix: 2.0651e-01 l_lpips: 1.8384e-01 
2026-07-27 20:38:20,016 INFO: [000_U..][epoch: 84, iter:  67,500, lr:(9.998e-05,6.999e-05,)] [eta: 13:37:41, time (data): 0.154 (0.002)] l_pix: 1.6731e-01 l_lpips: 1.6418e-01 
2026-07-27 20:38:35,407 INFO: [000_U..][epoch: 84, iter:  67,600, lr:(9.998e-05,6.999e-05,)] [eta: 13:37:00, time (data): 0.154 (0.002)] l_pix: 1.2901e-01 l_lpips: 1.2390e-01 
2026-07-27 20:38:50,806 INFO: [000_U..][epoch: 84, iter:  67,700, lr:(9.998e-05,6.999e-05,)] [eta: 13:36:19, time (data): 0.154 (0.002)] l_pix: 2.3164e-01 l_lpips: 2.1741e-01 
2026-07-27 20:39:06,146 INFO: [000_U..][epoch: 84, iter:  67,800, lr:(9.998e-05,6.999e-05,)] [eta: 13:35:39, time (data): 0.153 (0.002)] l_pix: 1.5470e-01 l_lpips: 1.5161e-01 
2026-07-27 20:39:21,451 INFO: [000_U..][epoch: 84, iter:  67,900, lr:(9.998e-05,6.999e-05,)] [eta: 13:34:58, time (data): 0.153 (0.002)] l_pix: 2.0938e-01 l_lpips: 2.0117e-01 
2026-07-27 20:39:36,768 INFO: [000_U..][epoch: 84, iter:  68,000, lr:(9.998e-05,6.999e-05,)] [eta: 13:34:17, time (data): 0.153 (0.002)] l_pix: 2.3728e-01 l_lpips: 2.2473e-01 
2026-07-27 20:39:52,545 INFO: [000_U..][epoch: 85, iter:  68,100, lr:(9.998e-05,6.999e-05,)] [eta: 13:33:38, time (data): 0.156 (0.003)] l_pix: 8.5450e-02 l_lpips: 8.0933e-02 
2026-07-27 20:40:08,063 INFO: [000_U..][epoch: 85, iter:  68,200, lr:(9.998e-05,6.999e-05,)] [eta: 13:32:58, time (data): 0.155 (0.002)] l_pix: 1.6999e-01 l_lpips: 1.6199e-01 
2026-07-27 20:40:23,489 INFO: [000_U..][epoch: 85, iter:  68,300, lr:(9.998e-05,6.999e-05,)] [eta: 13:32:18, time (data): 0.154 (0.002)] l_pix: 2.7564e-01 l_lpips: 2.5244e-01 
2026-07-27 20:40:39,030 INFO: [000_U..][epoch: 85, iter:  68,400, lr:(9.998e-05,6.999e-05,)] [eta: 13:31:39, time (data): 0.154 (0.002)] l_pix: 2.0518e-01 l_lpips: 1.9324e-01 
2026-07-27 20:40:54,426 INFO: [000_U..][epoch: 85, iter:  68,500, lr:(9.998e-05,6.999e-05,)] [eta: 13:30:58, time (data): 0.154 (0.002)] l_pix: 2.4047e-01 l_lpips: 2.3315e-01 
2026-07-27 20:41:09,901 INFO: [000_U..][epoch: 85, iter:  68,600, lr:(9.998e-05,6.999e-05,)] [eta: 13:30:19, time (data): 0.155 (0.002)] l_pix: 1.1639e-01 l_lpips: 1.1481e-01 
2026-07-27 20:41:25,423 INFO: [000_U..][epoch: 85, iter:  68,700, lr:(9.998e-05,6.999e-05,)] [eta: 13:29:39, time (data): 0.155 (0.002)] l_pix: 1.2508e-01 l_lpips: 1.1938e-01 
2026-07-27 20:41:41,392 INFO: [000_U..][epoch: 85, iter:  68,800, lr:(9.998e-05,6.999e-05,)] [eta: 13:29:01, time (data): 0.159 (0.002)] l_pix: 2.0678e-01 l_lpips: 2.0166e-01 
2026-07-27 20:41:57,434 INFO: [000_U..][epoch: 86, iter:  68,900, lr:(9.998e-05,6.999e-05,)] [eta: 13:28:24, time (data): 0.160 (0.003)] l_pix: 2.3402e-01 l_lpips: 2.3145e-01 
2026-07-27 20:42:12,750 INFO: [000_U..][epoch: 86, iter:  69,000, lr:(9.998e-05,6.999e-05,)] [eta: 13:27:44, time (data): 0.153 (0.002)] l_pix: 1.8784e-01 l_lpips: 1.7969e-01 
2026-07-27 20:42:28,009 INFO: [000_U..][epoch: 86, iter:  69,100, lr:(9.998e-05,6.999e-05,)] [eta: 13:27:04, time (data): 0.153 (0.002)] l_pix: 1.6755e-01 l_lpips: 1.6382e-01 
2026-07-27 20:42:43,308 INFO: [000_U..][epoch: 86, iter:  69,200, lr:(9.998e-05,6.999e-05,)] [eta: 13:26:24, time (data): 0.154 (0.002)] l_pix: 1.7634e-01 l_lpips: 1.7261e-01 
2026-07-27 20:42:58,568 INFO: [000_U..][epoch: 86, iter:  69,300, lr:(9.998e-05,6.999e-05,)] [eta: 13:25:44, time (data): 0.153 (0.002)] l_pix: 2.2891e-01 l_lpips: 2.2363e-01 
2026-07-27 20:43:14,000 INFO: [000_U..][epoch: 86, iter:  69,400, lr:(9.998e-05,6.999e-05,)] [eta: 13:25:05, time (data): 0.153 (0.002)] l_pix: 2.5016e-01 l_lpips: 2.4731e-01 
2026-07-27 20:43:29,391 INFO: [000_U..][epoch: 86, iter:  69,500, lr:(9.998e-05,6.999e-05,)] [eta: 13:24:25, time (data): 0.154 (0.002)] l_pix: 4.7006e-02 l_lpips: 4.4617e-02 
2026-07-27 20:43:44,714 INFO: [000_U..][epoch: 86, iter:  69,600, lr:(9.998e-05,6.999e-05,)] [eta: 13:23:46, time (data): 0.153 (0.002)] l_pix: 2.6609e-01 l_lpips: 2.3486e-01 
2026-07-27 20:44:00,563 INFO: [000_U..][epoch: 87, iter:  69,700, lr:(9.998e-05,6.999e-05,)] [eta: 13:23:08, time (data): 0.156 (0.003)] l_pix: 2.0442e-01 l_lpips: 2.0081e-01 
2026-07-27 20:44:15,990 INFO: [000_U..][epoch: 87, iter:  69,800, lr:(9.998e-05,6.999e-05,)] [eta: 13:22:29, time (data): 0.154 (0.002)] l_pix: 1.9971e-01 l_lpips: 1.9189e-01 
2026-07-27 20:44:31,468 INFO: [000_U..][epoch: 87, iter:  69,900, lr:(9.998e-05,6.999e-05,)] [eta: 13:21:50, time (data): 0.155 (0.002)] l_pix: 1.9803e-01 l_lpips: 1.9153e-01 
2026-07-27 20:44:46,833 INFO: [000_U..][epoch: 87, iter:  70,000, lr:(9.998e-05,6.999e-05,)] [eta: 13:21:11, time (data): 0.154 (0.002)] l_pix: 1.0281e-01 l_lpips: 9.8755e-02 
2026-07-27 20:44:46,834 INFO: Saving models and training states.
2026-07-27 20:49:18,803 INFO: Validation RealSRV3
	 # psnr: 23.4929	Best: 23.7708 @ 55000 iter
	 # ssim: 0.6565	Best: 0.6577 @ 65000 iter
	 # lpips: 0.3875	Best: 0.3875 @ 70000 iter

2026-07-27 20:49:34,200 INFO: [000_U..][epoch: 87, iter:  70,100, lr:(9.998e-05,6.999e-05,)] [eta: 13:35:24, time (data): 0.154 (0.002)] l_pix: 1.6422e-01 l_lpips: 1.5857e-01 
2026-07-27 20:49:49,518 INFO: [000_U..][epoch: 87, iter:  70,200, lr:(9.998e-05,6.999e-05,)] [eta: 13:34:43, time (data): 0.153 (0.002)] l_pix: 1.6707e-01 l_lpips: 1.6089e-01 
2026-07-27 20:50:04,978 INFO: [000_U..][epoch: 87, iter:  70,300, lr:(9.998e-05,6.999e-05,)] [eta: 13:34:03, time (data): 0.154 (0.002)] l_pix: 1.7901e-01 l_lpips: 1.6956e-01 
2026-07-27 20:50:20,302 INFO: [000_U..][epoch: 87, iter:  70,400, lr:(9.998e-05,6.999e-05,)] [eta: 13:33:22, time (data): 0.153 (0.002)] l_pix: 2.1616e-01 l_lpips: 2.0142e-01 
2026-07-27 20:50:35,959 INFO: [000_U..][epoch: 88, iter:  70,500, lr:(9.998e-05,6.999e-05,)] [eta: 13:32:43, time (data): 0.155 (0.003)] l_pix: 2.6501e-01 l_lpips: 2.3865e-01 
2026-07-27 20:50:51,479 INFO: [000_U..][epoch: 88, iter:  70,600, lr:(9.998e-05,6.999e-05,)] [eta: 13:32:03, time (data): 0.155 (0.002)] l_pix: 2.4127e-01 l_lpips: 2.3718e-01 
2026-07-27 20:51:07,061 INFO: [000_U..][epoch: 88, iter:  70,700, lr:(9.998e-05,6.999e-05,)] [eta: 13:31:23, time (data): 0.156 (0.002)] l_pix: 1.9987e-01 l_lpips: 1.9165e-01 
2026-07-27 20:51:22,715 INFO: [000_U..][epoch: 88, iter:  70,800, lr:(9.998e-05,6.999e-05,)] [eta: 13:30:44, time (data): 0.158 (0.002)] l_pix: 2.3061e-01 l_lpips: 2.1899e-01 
2026-07-27 20:51:38,200 INFO: [000_U..][epoch: 88, iter:  70,900, lr:(9.998e-05,6.999e-05,)] [eta: 13:30:04, time (data): 0.156 (0.002)] l_pix: 2.7224e-01 l_lpips: 2.6880e-01 
2026-07-27 20:51:53,470 INFO: [000_U..][epoch: 88, iter:  71,000, lr:(9.998e-05,6.999e-05,)] [eta: 13:29:24, time (data): 0.152 (0.002)] l_pix: 2.4994e-01 l_lpips: 2.3303e-01 
2026-07-27 20:52:08,751 INFO: [000_U..][epoch: 88, iter:  71,100, lr:(9.998e-05,6.999e-05,)] [eta: 13:28:44, time (data): 0.153 (0.002)] l_pix: 2.5828e-01 l_lpips: 2.5049e-01 
2026-07-27 20:52:24,004 INFO: [000_U..][epoch: 88, iter:  71,200, lr:(9.998e-05,6.999e-05,)] [eta: 13:28:03, time (data): 0.153 (0.002)] l_pix: 8.6349e-02 l_lpips: 8.2031e-02 
2026-07-27 20:52:39,917 INFO: [000_U..][epoch: 89, iter:  71,300, lr:(9.998e-05,6.999e-05,)] [eta: 13:27:25, time (data): 0.157 (0.004)] l_pix: 2.5332e-01 l_lpips: 2.4390e-01 
2026-07-27 20:52:55,548 INFO: [000_U..][epoch: 89, iter:  71,400, lr:(9.998e-05,6.999e-05,)] [eta: 13:26:46, time (data): 0.153 (0.002)] l_pix: 2.2726e-01 l_lpips: 2.1643e-01 
2026-07-27 20:53:10,829 INFO: [000_U..][epoch: 89, iter:  71,500, lr:(9.998e-05,6.999e-05,)] [eta: 13:26:06, time (data): 0.153 (0.002)] l_pix: 3.1913e-01 l_lpips: 3.0493e-01 
2026-07-27 20:53:26,186 INFO: [000_U..][epoch: 89, iter:  71,600, lr:(9.998e-05,6.999e-05,)] [eta: 13:25:26, time (data): 0.153 (0.002)] l_pix: 1.1411e-01 l_lpips: 1.1011e-01 
2026-07-27 20:53:41,502 INFO: [000_U..][epoch: 89, iter:  71,700, lr:(9.998e-05,6.999e-05,)] [eta: 13:24:47, time (data): 0.153 (0.002)] l_pix: 2.1417e-01 l_lpips: 2.1338e-01 
2026-07-27 20:53:56,767 INFO: [000_U..][epoch: 89, iter:  71,800, lr:(9.998e-05,6.999e-05,)] [eta: 13:24:07, time (data): 0.153 (0.002)] l_pix: 2.6432e-01 l_lpips: 2.5049e-01 
2026-07-27 20:54:12,014 INFO: [000_U..][epoch: 89, iter:  71,900, lr:(9.998e-05,6.999e-05,)] [eta: 13:23:27, time (data): 0.152 (0.002)] l_pix: 2.1990e-01 l_lpips: 2.0605e-01 
2026-07-27 20:54:27,353 INFO: [000_U..][epoch: 89, iter:  72,000, lr:(9.998e-05,6.999e-05,)] [eta: 13:22:47, time (data): 0.153 (0.002)] l_pix: 2.6062e-01 l_lpips: 2.4829e-01 
2026-07-27 20:54:43,900 INFO: [000_U..][epoch: 90, iter:  72,100, lr:(9.998e-05,6.999e-05,)] [eta: 13:22:12, time (data): 0.162 (0.004)] l_pix: 2.7646e-01 l_lpips: 2.6367e-01 
2026-07-27 20:54:59,982 INFO: [000_U..][epoch: 90, iter:  72,200, lr:(9.998e-05,6.999e-05,)] [eta: 13:21:35, time (data): 0.160 (0.002)] l_pix: 5.0692e-02 l_lpips: 4.7974e-02 
2026-07-27 20:55:16,041 INFO: [000_U..][epoch: 90, iter:  72,300, lr:(9.998e-05,6.999e-05,)] [eta: 13:20:58, time (data): 0.161 (0.002)] l_pix: 1.1636e-01 l_lpips: 1.1450e-01 
2026-07-27 20:55:32,302 INFO: [000_U..][epoch: 90, iter:  72,400, lr:(9.998e-05,6.999e-05,)] [eta: 13:20:21, time (data): 0.161 (0.002)] l_pix: 2.4651e-01 l_lpips: 2.3267e-01 
2026-07-27 20:55:48,211 INFO: [000_U..][epoch: 90, iter:  72,500, lr:(9.998e-05,6.999e-05,)] [eta: 13:19:44, time (data): 0.160 (0.002)] l_pix: 1.1069e-01 l_lpips: 1.0498e-01 
2026-07-27 20:56:03,866 INFO: [000_U..][epoch: 90, iter:  72,600, lr:(9.998e-05,6.999e-05,)] [eta: 13:19:06, time (data): 0.157 (0.002)] l_pix: 2.4104e-01 l_lpips: 2.3486e-01 
2026-07-27 20:56:19,917 INFO: [000_U..][epoch: 90, iter:  72,700, lr:(9.998e-05,6.999e-05,)] [eta: 13:18:29, time (data): 0.159 (0.002)] l_pix: 2.4464e-01 l_lpips: 2.2339e-01 
2026-07-27 20:56:35,923 INFO: [000_U..][epoch: 90, iter:  72,800, lr:(9.998e-05,6.999e-05,)] [eta: 13:17:52, time (data): 0.158 (0.002)] l_pix: 1.1898e-01 l_lpips: 1.1414e-01 
2026-07-27 20:56:51,924 INFO: [000_U..][epoch: 91, iter:  72,900, lr:(9.998e-05,6.999e-05,)] [eta: 13:17:15, time (data): 0.160 (0.003)] l_pix: 1.2326e-01 l_lpips: 1.2067e-01 
2026-07-27 20:57:07,886 INFO: [000_U..][epoch: 91, iter:  73,000, lr:(9.998e-05,6.999e-05,)] [eta: 13:16:38, time (data): 0.159 (0.002)] l_pix: 1.2788e-01 l_lpips: 1.2073e-01 
2026-07-27 20:57:23,712 INFO: [000_U..][epoch: 91, iter:  73,100, lr:(9.998e-05,6.999e-05,)] [eta: 13:16:01, time (data): 0.158 (0.002)] l_pix: 2.5003e-01 l_lpips: 2.3779e-01 
2026-07-27 20:57:39,427 INFO: [000_U..][epoch: 91, iter:  73,200, lr:(9.998e-05,6.999e-05,)] [eta: 13:15:24, time (data): 0.159 (0.002)] l_pix: 2.5379e-01 l_lpips: 2.4438e-01 
2026-07-27 20:57:55,064 INFO: [000_U..][epoch: 91, iter:  73,300, lr:(9.998e-05,6.999e-05,)] [eta: 13:14:46, time (data): 0.157 (0.002)] l_pix: 2.2662e-01 l_lpips: 2.0923e-01 
2026-07-27 20:58:11,079 INFO: [000_U..][epoch: 91, iter:  73,400, lr:(9.998e-05,6.999e-05,)] [eta: 13:14:09, time (data): 0.159 (0.002)] l_pix: 1.9080e-01 l_lpips: 1.7859e-01 
2026-07-27 20:58:26,774 INFO: [000_U..][epoch: 91, iter:  73,500, lr:(9.998e-05,6.999e-05,)] [eta: 13:13:32, time (data): 0.157 (0.002)] l_pix: 2.8129e-01 l_lpips: 2.7100e-01 
2026-07-27 20:58:42,212 INFO: [000_U..][epoch: 91, iter:  73,600, lr:(9.998e-05,6.999e-05,)] [eta: 13:12:54, time (data): 0.155 (0.002)] l_pix: 8.7149e-02 l_lpips: 8.4656e-02 
2026-07-27 20:58:58,141 INFO: [000_U..][epoch: 92, iter:  73,700, lr:(9.998e-05,6.999e-05,)] [eta: 13:12:17, time (data): 0.158 (0.003)] l_pix: 1.6304e-01 l_lpips: 1.6199e-01 
2026-07-27 20:59:13,446 INFO: [000_U..][epoch: 92, iter:  73,800, lr:(9.998e-05,6.999e-05,)] [eta: 13:11:39, time (data): 0.153 (0.002)] l_pix: 2.6839e-01 l_lpips: 2.4695e-01 
2026-07-27 20:59:28,786 INFO: [000_U..][epoch: 92, iter:  73,900, lr:(9.998e-05,6.999e-05,)] [eta: 13:11:00, time (data): 0.153 (0.002)] l_pix: 2.3496e-01 l_lpips: 2.2229e-01 
2026-07-27 20:59:44,074 INFO: [000_U..][epoch: 92, iter:  74,000, lr:(9.998e-05,6.999e-05,)] [eta: 13:10:22, time (data): 0.153 (0.002)] l_pix: 2.8892e-01 l_lpips: 2.7954e-01 
2026-07-27 20:59:59,367 INFO: [000_U..][epoch: 92, iter:  74,100, lr:(9.998e-05,6.999e-05,)] [eta: 13:09:43, time (data): 0.153 (0.002)] l_pix: 2.3436e-01 l_lpips: 2.2827e-01 
2026-07-27 21:00:14,697 INFO: [000_U..][epoch: 92, iter:  74,200, lr:(9.998e-05,6.999e-05,)] [eta: 13:09:05, time (data): 0.154 (0.002)] l_pix: 2.5038e-01 l_lpips: 2.3718e-01 
2026-07-27 21:00:29,941 INFO: [000_U..][epoch: 92, iter:  74,300, lr:(9.998e-05,6.999e-05,)] [eta: 13:08:27, time (data): 0.153 (0.002)] l_pix: 2.5949e-01 l_lpips: 2.5244e-01 
2026-07-27 21:00:45,871 INFO: [000_U..][epoch: 92, iter:  74,400, lr:(9.998e-05,6.999e-05,)] [eta: 13:07:51, time (data): 0.166 (0.002)] l_pix: 1.0564e-01 l_lpips: 1.0352e-01 
2026-07-27 21:01:01,535 INFO: [000_U..][epoch: 93, iter:  74,500, lr:(9.998e-05,6.999e-05,)] [eta: 13:07:14, time (data): 0.159 (0.004)] l_pix: 4.1904e-02 l_lpips: 3.9154e-02 
2026-07-27 21:01:16,769 INFO: [000_U..][epoch: 93, iter:  74,600, lr:(9.998e-05,6.999e-05,)] [eta: 13:06:36, time (data): 0.152 (0.002)] l_pix: 2.3895e-01 l_lpips: 2.2754e-01 
2026-07-27 21:01:31,992 INFO: [000_U..][epoch: 93, iter:  74,700, lr:(9.998e-05,6.999e-05,)] [eta: 13:05:57, time (data): 0.152 (0.002)] l_pix: 2.1200e-01 l_lpips: 2.0728e-01 
2026-07-27 21:01:47,306 INFO: [000_U..][epoch: 93, iter:  74,800, lr:(9.998e-05,6.999e-05,)] [eta: 13:05:20, time (data): 0.153 (0.002)] l_pix: 9.0220e-02 l_lpips: 8.3801e-02 
2026-07-27 21:02:02,677 INFO: [000_U..][epoch: 93, iter:  74,900, lr:(9.998e-05,6.999e-05,)] [eta: 13:04:42, time (data): 0.154 (0.002)] l_pix: 2.0377e-01 l_lpips: 1.9983e-01 
2026-07-27 21:02:18,014 INFO: [000_U..][epoch: 93, iter:  75,000, lr:(9.998e-05,6.999e-05,)] [eta: 13:04:04, time (data): 0.154 (0.002)] l_pix: 2.6413e-01 l_lpips: 2.4243e-01 
2026-07-27 21:06:48,718 INFO: Validation RealSRV3
	 # psnr: 23.6539	Best: 23.7708 @ 55000 iter
	 # ssim: 0.6624	Best: 0.6624 @ 75000 iter
	 # lpips: 0.3848	Best: 0.3848 @ 75000 iter

2026-07-27 21:07:04,039 INFO: [000_U..][epoch: 93, iter:  75,100, lr:(9.998e-05,6.999e-05,)] [eta: 13:16:57, time (data): 0.153 (0.002)] l_pix: 1.2097e-01 l_lpips: 1.1865e-01 
2026-07-27 21:07:19,355 INFO: [000_U..][epoch: 93, iter:  75,200, lr:(9.998e-05,6.999e-05,)] [eta: 13:16:18, time (data): 0.154 (0.002)] l_pix: 1.2126e-01 l_lpips: 1.1609e-01 
2026-07-27 21:07:35,301 INFO: [000_U..][epoch: 94, iter:  75,300, lr:(9.998e-05,6.999e-05,)] [eta: 13:15:41, time (data): 0.158 (0.004)] l_pix: 2.8687e-01 l_lpips: 2.6318e-01 
2026-07-27 21:07:51,072 INFO: [000_U..][epoch: 94, iter:  75,400, lr:(9.998e-05,6.999e-05,)] [eta: 13:15:04, time (data): 0.162 (0.002)] l_pix: 1.2188e-01 l_lpips: 1.2024e-01 
2026-07-27 21:08:06,384 INFO: [000_U..][epoch: 94, iter:  75,500, lr:(9.998e-05,6.999e-05,)] [eta: 13:14:25, time (data): 0.155 (0.002)] l_pix: 2.3807e-01 l_lpips: 2.2827e-01 
2026-07-27 21:08:21,681 INFO: [000_U..][epoch: 94, iter:  75,600, lr:(9.998e-05,6.999e-05,)] [eta: 13:13:46, time (data): 0.152 (0.002)] l_pix: 2.1222e-01 l_lpips: 1.9141e-01 
2026-07-27 21:08:36,997 INFO: [000_U..][epoch: 94, iter:  75,700, lr:(9.998e-05,6.999e-05,)] [eta: 13:13:07, time (data): 0.153 (0.002)] l_pix: 1.3776e-01 l_lpips: 1.3586e-01 
2026-07-27 21:08:52,285 INFO: [000_U..][epoch: 94, iter:  75,800, lr:(9.998e-05,6.999e-05,)] [eta: 13:12:28, time (data): 0.153 (0.002)] l_pix: 2.8063e-01 l_lpips: 2.5513e-01 
2026-07-27 21:09:07,613 INFO: [000_U..][epoch: 94, iter:  75,900, lr:(9.998e-05,6.999e-05,)] [eta: 13:11:50, time (data): 0.153 (0.002)] l_pix: 1.8240e-01 l_lpips: 1.6150e-01 
2026-07-27 21:09:22,955 INFO: [000_U..][epoch: 94, iter:  76,000, lr:(9.998e-05,6.999e-05,)] [eta: 13:11:11, time (data): 0.152 (0.002)] l_pix: 2.6216e-01 l_lpips: 2.3633e-01 
2026-07-27 21:09:39,250 INFO: [000_U..][epoch: 95, iter:  76,100, lr:(9.998e-05,6.999e-05,)] [eta: 13:10:36, time (data): 0.161 (0.003)] l_pix: 9.4079e-02 l_lpips: 8.1055e-02 
2026-07-27 21:09:54,820 INFO: [000_U..][epoch: 95, iter:  76,200, lr:(9.998e-05,6.999e-05,)] [eta: 13:09:58, time (data): 0.156 (0.002)] l_pix: 2.0701e-01 l_lpips: 1.9678e-01 
2026-07-27 21:10:10,528 INFO: [000_U..][epoch: 95, iter:  76,300, lr:(9.998e-05,6.999e-05,)] [eta: 13:09:21, time (data): 0.157 (0.002)] l_pix: 2.1813e-01 l_lpips: 1.8665e-01 
2026-07-27 21:10:26,188 INFO: [000_U..][epoch: 95, iter:  76,400, lr:(9.998e-05,6.999e-05,)] [eta: 13:08:44, time (data): 0.157 (0.002)] l_pix: 1.8642e-01 l_lpips: 1.7761e-01 
2026-07-27 21:10:42,507 INFO: [000_U..][epoch: 95, iter:  76,500, lr:(9.998e-05,6.999e-05,)] [eta: 13:08:08, time (data): 0.162 (0.002)] l_pix: 2.1002e-01 l_lpips: 1.9409e-01 
2026-07-27 21:10:58,533 INFO: [000_U..][epoch: 95, iter:  76,600, lr:(9.998e-05,6.999e-05,)] [eta: 13:07:32, time (data): 0.158 (0.002)] l_pix: 1.7913e-01 l_lpips: 1.7725e-01 
2026-07-27 21:11:14,280 INFO: [000_U..][epoch: 95, iter:  76,700, lr:(9.998e-05,6.999e-05,)] [eta: 13:06:55, time (data): 0.158 (0.002)] l_pix: 1.3282e-01 l_lpips: 1.2830e-01 
2026-07-27 21:11:29,963 INFO: [000_U..][epoch: 95, iter:  76,800, lr:(9.998e-05,6.999e-05,)] [eta: 13:06:18, time (data): 0.155 (0.002)] l_pix: 1.7645e-01 l_lpips: 1.6809e-01 
2026-07-27 21:11:45,660 INFO: [000_U..][epoch: 96, iter:  76,900, lr:(9.998e-05,6.999e-05,)] [eta: 13:05:41, time (data): 0.157 (0.003)] l_pix: 1.8706e-01 l_lpips: 1.7383e-01 
2026-07-27 21:12:01,361 INFO: [000_U..][epoch: 96, iter:  77,000, lr:(9.998e-05,6.999e-05,)] [eta: 13:05:04, time (data): 0.173 (0.002)] l_pix: 2.1886e-01 l_lpips: 2.1582e-01 
2026-07-27 21:12:17,754 INFO: [000_U..][epoch: 96, iter:  77,100, lr:(9.998e-05,6.999e-05,)] [eta: 13:04:30, time (data): 0.165 (0.002)] l_pix: 8.4268e-02 l_lpips: 7.8003e-02 
2026-07-27 21:12:34,169 INFO: [000_U..][epoch: 96, iter:  77,200, lr:(9.998e-05,6.999e-05,)] [eta: 13:03:55, time (data): 0.164 (0.002)] l_pix: 1.9282e-01 l_lpips: 1.8481e-01 
2026-07-27 21:12:51,142 INFO: [000_U..][epoch: 96, iter:  77,300, lr:(9.998e-05,6.999e-05,)] [eta: 13:03:22, time (data): 0.169 (0.002)] l_pix: 1.8172e-01 l_lpips: 1.7749e-01 
2026-07-27 21:13:07,791 INFO: [000_U..][epoch: 96, iter:  77,400, lr:(9.998e-05,6.999e-05,)] [eta: 13:02:48, time (data): 0.166 (0.002)] l_pix: 2.0308e-01 l_lpips: 1.9604e-01 
2026-07-27 21:13:24,400 INFO: [000_U..][epoch: 96, iter:  77,500, lr:(9.998e-05,6.999e-05,)] [eta: 13:02:14, time (data): 0.166 (0.002)] l_pix: 3.3132e-01 l_lpips: 2.4756e-01 
2026-07-27 21:13:40,855 INFO: [000_U..][epoch: 96, iter:  77,600, lr:(9.998e-05,6.999e-05,)] [eta: 13:01:40, time (data): 0.163 (0.002)] l_pix: 3.0370e-01 l_lpips: 2.7319e-01 
2026-07-27 21:13:56,791 INFO: [000_U..][epoch: 97, iter:  77,700, lr:(9.998e-05,6.999e-05,)] [eta: 13:01:04, time (data): 0.160 (0.004)] l_pix: 1.1984e-01 l_lpips: 1.1609e-01 
2026-07-27 21:14:12,208 INFO: [000_U..][epoch: 97, iter:  77,800, lr:(9.998e-05,6.999e-05,)] [eta: 13:00:27, time (data): 0.156 (0.002)] l_pix: 8.8224e-02 l_lpips: 8.5205e-02 
2026-07-27 21:14:27,634 INFO: [000_U..][epoch: 97, iter:  77,900, lr:(9.998e-05,6.999e-05,)] [eta: 12:59:49, time (data): 0.154 (0.002)] l_pix: 6.6299e-02 l_lpips: 6.3416e-02 
2026-07-27 21:14:43,068 INFO: [000_U..][epoch: 97, iter:  78,000, lr:(9.998e-05,6.999e-05,)] [eta: 12:59:12, time (data): 0.155 (0.002)] l_pix: 2.5368e-01 l_lpips: 2.4109e-01 
2026-07-27 21:14:58,602 INFO: [000_U..][epoch: 97, iter:  78,100, lr:(9.998e-05,6.999e-05,)] [eta: 12:58:36, time (data): 0.155 (0.002)] l_pix: 2.2638e-01 l_lpips: 2.1826e-01 
2026-07-27 21:15:14,270 INFO: [000_U..][epoch: 97, iter:  78,200, lr:(9.998e-05,6.999e-05,)] [eta: 12:57:59, time (data): 0.156 (0.002)] l_pix: 1.2398e-01 l_lpips: 1.2073e-01 
2026-07-27 21:15:29,714 INFO: [000_U..][epoch: 97, iter:  78,300, lr:(9.998e-05,6.999e-05,)] [eta: 12:57:22, time (data): 0.155 (0.002)] l_pix: 2.6777e-01 l_lpips: 2.3938e-01 
2026-07-27 21:15:45,389 INFO: [000_U..][epoch: 97, iter:  78,400, lr:(9.998e-05,6.999e-05,)] [eta: 12:56:46, time (data): 0.156 (0.002)] l_pix: 1.3324e-01 l_lpips: 1.3037e-01 
2026-07-27 21:16:01,603 INFO: [000_U..][epoch: 98, iter:  78,500, lr:(9.998e-05,6.999e-05,)] [eta: 12:56:11, time (data): 0.162 (0.004)] l_pix: 1.5010e-01 l_lpips: 1.4709e-01 
2026-07-27 21:16:17,289 INFO: [000_U..][epoch: 98, iter:  78,600, lr:(9.998e-05,6.999e-05,)] [eta: 12:55:35, time (data): 0.158 (0.002)] l_pix: 2.3810e-01 l_lpips: 2.2339e-01 
2026-07-27 21:16:33,096 INFO: [000_U..][epoch: 98, iter:  78,700, lr:(9.998e-05,6.999e-05,)] [eta: 12:55:00, time (data): 0.158 (0.002)] l_pix: 7.8195e-02 l_lpips: 7.3730e-02 
2026-07-27 21:16:49,013 INFO: [000_U..][epoch: 98, iter:  78,800, lr:(9.998e-05,6.999e-05,)] [eta: 12:54:24, time (data): 0.160 (0.002)] l_pix: 8.4547e-02 l_lpips: 7.9712e-02 
2026-07-27 21:17:04,892 INFO: [000_U..][epoch: 98, iter:  78,900, lr:(9.998e-05,6.999e-05,)] [eta: 12:53:49, time (data): 0.159 (0.002)] l_pix: 3.9414e-02 l_lpips: 2.7710e-02 
2026-07-27 21:17:20,737 INFO: [000_U..][epoch: 98, iter:  79,000, lr:(9.998e-05,6.999e-05,)] [eta: 12:53:14, time (data): 0.159 (0.002)] l_pix: 2.9774e-01 l_lpips: 2.8442e-01 
2026-07-27 21:17:36,344 INFO: [000_U..][epoch: 98, iter:  79,100, lr:(9.998e-05,6.999e-05,)] [eta: 12:52:38, time (data): 0.156 (0.002)] l_pix: 1.9452e-01 l_lpips: 1.8823e-01 
2026-07-27 21:17:51,739 INFO: [000_U..][epoch: 98, iter:  79,200, lr:(9.998e-05,6.999e-05,)] [eta: 12:52:01, time (data): 0.154 (0.002)] l_pix: 2.5574e-01 l_lpips: 2.4414e-01 
2026-07-27 21:18:07,423 INFO: [000_U..][epoch: 99, iter:  79,300, lr:(9.998e-05,6.999e-05,)] [eta: 12:51:25, time (data): 0.157 (0.004)] l_pix: 3.0176e-01 l_lpips: 2.8394e-01 
2026-07-27 21:18:22,909 INFO: [000_U..][epoch: 99, iter:  79,400, lr:(9.998e-05,6.999e-05,)] [eta: 12:50:49, time (data): 0.155 (0.002)] l_pix: 2.4267e-01 l_lpips: 2.2437e-01 
2026-07-27 21:18:38,656 INFO: [000_U..][epoch: 99, iter:  79,500, lr:(9.998e-05,6.999e-05,)] [eta: 12:50:14, time (data): 0.157 (0.002)] l_pix: 1.7802e-01 l_lpips: 1.6528e-01 
2026-07-27 21:18:54,234 INFO: [000_U..][epoch: 99, iter:  79,600, lr:(9.998e-05,6.999e-05,)] [eta: 12:49:38, time (data): 0.156 (0.002)] l_pix: 2.1801e-01 l_lpips: 2.0349e-01 
2026-07-27 21:19:09,778 INFO: [000_U..][epoch: 99, iter:  79,700, lr:(9.998e-05,6.999e-05,)] [eta: 12:49:02, time (data): 0.155 (0.002)] l_pix: 1.2767e-01 l_lpips: 1.2305e-01 
2026-07-27 21:19:25,510 INFO: [000_U..][epoch: 99, iter:  79,800, lr:(9.998e-05,6.999e-05,)] [eta: 12:48:27, time (data): 0.160 (0.002)] l_pix: 1.1117e-01 l_lpips: 1.0712e-01 
2026-07-27 21:19:41,309 INFO: [000_U..][epoch: 99, iter:  79,900, lr:(9.998e-05,6.999e-05,)] [eta: 12:47:51, time (data): 0.158 (0.002)] l_pix: 2.2127e-01 l_lpips: 2.1851e-01 
2026-07-27 21:19:56,888 INFO: [000_U..][epoch: 99, iter:  80,000, lr:(9.998e-05,6.999e-05,)] [eta: 12:47:16, time (data): 0.153 (0.002)] l_pix: 1.0910e-01 l_lpips: 1.0675e-01 
2026-07-27 21:19:56,889 INFO: Saving models and training states.
2026-07-27 21:24:29,748 INFO: Validation RealSRV3
	 # psnr: 23.5374	Best: 23.7708 @ 55000 iter
	 # ssim: 0.6586	Best: 0.6624 @ 75000 iter
	 # lpips: 0.3794	Best: 0.3794 @ 80000 iter

2026-07-27 21:24:47,133 INFO: [000_U..][epoch:100, iter:  80,100, lr:(9.998e-05,6.999e-05,)] [eta: 12:59:14, time (data): 0.173 (0.005)] l_pix: 9.1722e-02 l_lpips: 8.9111e-02 
2026-07-27 21:25:04,366 INFO: [000_U..][epoch:100, iter:  80,200, lr:(9.998e-05,6.999e-05,)] [eta: 12:58:42, time (data): 0.174 (0.002)] l_pix: 2.2504e-01 l_lpips: 2.1008e-01 
2026-07-27 21:25:21,266 INFO: [000_U..][epoch:100, iter:  80,300, lr:(9.998e-05,6.999e-05,)] [eta: 12:58:09, time (data): 0.169 (0.002)] l_pix: 2.2044e-01 l_lpips: 2.1094e-01 
2026-07-27 21:25:38,359 INFO: [000_U..][epoch:100, iter:  80,400, lr:(9.998e-05,6.999e-05,)] [eta: 12:57:36, time (data): 0.170 (0.002)] l_pix: 2.0959e-01 l_lpips: 2.0264e-01 
2026-07-27 21:25:55,471 INFO: [000_U..][epoch:100, iter:  80,500, lr:(9.998e-05,6.999e-05,)] [eta: 12:57:04, time (data): 0.171 (0.002)] l_pix: 2.1891e-01 l_lpips: 2.1252e-01 
2026-07-27 21:26:12,111 INFO: [000_U..][epoch:100, iter:  80,600, lr:(9.998e-05,6.999e-05,)] [eta: 12:56:30, time (data): 0.169 (0.002)] l_pix: 1.8242e-01 l_lpips: 1.7249e-01 
2026-07-27 21:26:28,828 INFO: [000_U..][epoch:100, iter:  80,700, lr:(9.998e-05,6.999e-05,)] [eta: 12:55:56, time (data): 0.167 (0.002)] l_pix: 2.7917e-01 l_lpips: 2.7515e-01 
2026-07-27 21:26:45,373 INFO: [000_U..][epoch:100, iter:  80,800, lr:(9.998e-05,6.999e-05,)] [eta: 12:55:22, time (data): 0.166 (0.002)] l_pix: 2.1007e-01 l_lpips: 2.0166e-01 
2026-07-27 21:27:01,456 INFO: [000_U..][epoch:101, iter:  80,900, lr:(9.998e-05,6.999e-05,)] [eta: 12:54:47, time (data): 0.158 (0.003)] l_pix: 9.6900e-02 l_lpips: 9.2896e-02 
2026-07-27 21:27:16,936 INFO: [000_U..][epoch:101, iter:  81,000, lr:(9.998e-05,6.999e-05,)] [eta: 12:54:11, time (data): 0.156 (0.002)] l_pix: 2.2280e-01 l_lpips: 2.1533e-01 
2026-07-27 21:27:32,316 INFO: [000_U..][epoch:101, iter:  81,100, lr:(9.998e-05,6.999e-05,)] [eta: 12:53:34, time (data): 0.154 (0.002)] l_pix: 2.1942e-01 l_lpips: 2.0898e-01 
2026-07-27 21:27:47,713 INFO: [000_U..][epoch:101, iter:  81,200, lr:(9.998e-05,6.999e-05,)] [eta: 12:52:57, time (data): 0.154 (0.002)] l_pix: 1.9128e-01 l_lpips: 1.8530e-01 
2026-07-27 21:28:03,104 INFO: [000_U..][epoch:101, iter:  81,300, lr:(9.998e-05,6.999e-05,)] [eta: 12:52:20, time (data): 0.154 (0.002)] l_pix: 9.5790e-02 l_lpips: 9.1919e-02 
2026-07-27 21:28:18,806 INFO: [000_U..][epoch:101, iter:  81,400, lr:(9.998e-05,6.999e-05,)] [eta: 12:51:44, time (data): 0.155 (0.002)] l_pix: 2.8159e-01 l_lpips: 2.7710e-01 
2026-07-27 21:28:34,738 INFO: [000_U..][epoch:101, iter:  81,500, lr:(9.998e-05,6.999e-05,)] [eta: 12:51:09, time (data): 0.159 (0.002)] l_pix: 1.8121e-01 l_lpips: 1.7554e-01 
2026-07-27 21:28:50,111 INFO: [000_U..][epoch:101, iter:  81,600, lr:(9.998e-05,6.999e-05,)] [eta: 12:50:32, time (data): 0.156 (0.002)] l_pix: 1.0881e-01 l_lpips: 1.0632e-01 
2026-07-27 21:29:06,020 INFO: [000_U..][epoch:102, iter:  81,700, lr:(9.998e-05,6.999e-05,)] [eta: 12:49:57, time (data): 0.156 (0.002)] l_pix: 2.2277e-01 l_lpips: 2.1716e-01 
2026-07-27 21:29:21,738 INFO: [000_U..][epoch:102, iter:  81,800, lr:(9.998e-05,6.999e-05,)] [eta: 12:49:21, time (data): 0.157 (0.002)] l_pix: 1.9127e-01 l_lpips: 1.8689e-01 
2026-07-27 21:29:37,164 INFO: [000_U..][epoch:102, iter:  81,900, lr:(9.998e-05,6.999e-05,)] [eta: 12:48:45, time (data): 0.154 (0.002)] l_pix: 2.1123e-01 l_lpips: 2.0850e-01 
2026-07-27 21:29:52,480 INFO: [000_U..][epoch:102, iter:  82,000, lr:(9.998e-05,6.999e-05,)] [eta: 12:48:08, time (data): 0.154 (0.002)] l_pix: 1.3014e-01 l_lpips: 1.2012e-01 
2026-07-27 21:30:07,800 INFO: [000_U..][epoch:102, iter:  82,100, lr:(9.998e-05,6.999e-05,)] [eta: 12:47:31, time (data): 0.153 (0.002)] l_pix: 1.5637e-01 l_lpips: 1.4978e-01 
2026-07-27 21:30:23,089 INFO: [000_U..][epoch:102, iter:  82,200, lr:(9.998e-05,6.999e-05,)] [eta: 12:46:55, time (data): 0.153 (0.002)] l_pix: 2.3041e-01 l_lpips: 2.2559e-01 
2026-07-27 21:30:38,387 INFO: [000_U..][epoch:102, iter:  82,300, lr:(9.998e-05,6.999e-05,)] [eta: 12:46:18, time (data): 0.153 (0.002)] l_pix: 1.8784e-01 l_lpips: 1.7505e-01 
2026-07-27 21:30:53,651 INFO: [000_U..][epoch:102, iter:  82,400, lr:(9.998e-05,6.999e-05,)] [eta: 12:45:42, time (data): 0.153 (0.002)] l_pix: 2.0965e-01 l_lpips: 2.0288e-01 
2026-07-27 21:31:09,671 INFO: [000_U..][epoch:103, iter:  82,500, lr:(9.998e-05,6.999e-05,)] [eta: 12:45:07, time (data): 0.157 (0.002)] l_pix: 3.1934e-01 l_lpips: 3.0957e-01 
2026-07-27 21:31:25,291 INFO: [000_U..][epoch:103, iter:  82,600, lr:(9.998e-05,6.999e-05,)] [eta: 12:44:32, time (data): 0.157 (0.002)] l_pix: 2.7668e-01 l_lpips: 2.7490e-01 
2026-07-27 21:31:40,888 INFO: [000_U..][epoch:103, iter:  82,700, lr:(9.998e-05,6.999e-05,)] [eta: 12:43:56, time (data): 0.156 (0.002)] l_pix: 1.4728e-01 l_lpips: 1.4062e-01 
2026-07-27 21:31:56,572 INFO: [000_U..][epoch:103, iter:  82,800, lr:(9.998e-05,6.999e-05,)] [eta: 12:43:21, time (data): 0.156 (0.002)] l_pix: 1.2152e-01 l_lpips: 1.1725e-01 
2026-07-27 21:32:12,181 INFO: [000_U..][epoch:103, iter:  82,900, lr:(9.998e-05,6.999e-05,)] [eta: 12:42:45, time (data): 0.156 (0.002)] l_pix: 2.7752e-01 l_lpips: 2.6196e-01 
2026-07-27 21:32:27,746 INFO: [000_U..][epoch:103, iter:  83,000, lr:(9.998e-05,6.999e-05,)] [eta: 12:42:10, time (data): 0.156 (0.002)] l_pix: 2.1413e-01 l_lpips: 1.9788e-01 
2026-07-27 21:32:43,326 INFO: [000_U..][epoch:103, iter:  83,100, lr:(9.998e-05,6.999e-05,)] [eta: 12:41:34, time (data): 0.156 (0.002)] l_pix: 2.7911e-01 l_lpips: 2.7100e-01 
2026-07-27 21:32:59,006 INFO: [000_U..][epoch:103, iter:  83,200, lr:(9.998e-05,6.999e-05,)] [eta: 12:40:59, time (data): 0.156 (0.002)] l_pix: 2.9991e-01 l_lpips: 2.9541e-01 
2026-07-27 21:33:14,754 INFO: [000_U..][epoch:104, iter:  83,300, lr:(9.998e-05,6.999e-05,)] [eta: 12:40:24, time (data): 0.155 (0.002)] l_pix: 2.2562e-01 l_lpips: 2.1143e-01 
2026-07-27 21:33:30,232 INFO: [000_U..][epoch:104, iter:  83,400, lr:(9.998e-05,6.999e-05,)] [eta: 12:39:49, time (data): 0.155 (0.002)] l_pix: 1.3771e-01 l_lpips: 1.3220e-01 
2026-07-27 21:33:45,995 INFO: [000_U..][epoch:104, iter:  83,500, lr:(9.998e-05,6.999e-05,)] [eta: 12:39:14, time (data): 0.158 (0.002)] l_pix: 2.6111e-01 l_lpips: 2.2949e-01 
2026-07-27 21:34:01,603 INFO: [000_U..][epoch:104, iter:  83,600, lr:(9.998e-05,6.999e-05,)] [eta: 12:38:39, time (data): 0.157 (0.002)] l_pix: 1.2871e-01 l_lpips: 1.2286e-01 
2026-07-27 21:34:16,966 INFO: [000_U..][epoch:104, iter:  83,700, lr:(9.998e-05,6.999e-05,)] [eta: 12:38:03, time (data): 0.153 (0.002)] l_pix: 1.6043e-01 l_lpips: 1.5601e-01 
2026-07-27 21:34:32,297 INFO: [000_U..][epoch:104, iter:  83,800, lr:(9.998e-05,6.999e-05,)] [eta: 12:37:28, time (data): 0.153 (0.002)] l_pix: 2.5365e-01 l_lpips: 2.1973e-01 
2026-07-27 21:34:48,000 INFO: [000_U..][epoch:104, iter:  83,900, lr:(9.998e-05,6.999e-05,)] [eta: 12:36:53, time (data): 0.157 (0.002)] l_pix: 2.0506e-01 l_lpips: 1.9238e-01 
2026-07-27 21:35:03,751 INFO: [000_U..][epoch:104, iter:  84,000, lr:(9.998e-05,6.999e-05,)] [eta: 12:36:18, time (data): 0.157 (0.002)] l_pix: 1.6260e-01 l_lpips: 1.5442e-01 
2026-07-27 21:35:19,490 INFO: [000_U..][epoch:105, iter:  84,100, lr:(9.998e-05,6.999e-05,)] [eta: 12:35:44, time (data): 0.154 (0.002)] l_pix: 6.5493e-02 l_lpips: 6.1951e-02 
2026-07-27 21:35:34,839 INFO: [000_U..][epoch:105, iter:  84,200, lr:(9.998e-05,6.999e-05,)] [eta: 12:35:08, time (data): 0.154 (0.002)] l_pix: 1.7930e-01 l_lpips: 1.6748e-01 
2026-07-27 21:35:50,282 INFO: [000_U..][epoch:105, iter:  84,300, lr:(9.998e-05,6.999e-05,)] [eta: 12:34:33, time (data): 0.154 (0.002)] l_pix: 2.7891e-01 l_lpips: 2.3950e-01 
2026-07-27 21:36:05,750 INFO: [000_U..][epoch:105, iter:  84,400, lr:(9.998e-05,6.999e-05,)] [eta: 12:33:58, time (data): 0.154 (0.002)] l_pix: 1.2575e-01 l_lpips: 1.1609e-01 
2026-07-27 21:36:21,680 INFO: [000_U..][epoch:105, iter:  84,500, lr:(9.998e-05,6.999e-05,)] [eta: 12:33:24, time (data): 0.159 (0.002)] l_pix: 2.3002e-01 l_lpips: 2.1936e-01 
2026-07-27 21:36:37,398 INFO: [000_U..][epoch:105, iter:  84,600, lr:(9.998e-05,6.999e-05,)] [eta: 12:32:50, time (data): 0.158 (0.002)] l_pix: 1.8625e-01 l_lpips: 1.8005e-01 
2026-07-27 21:36:53,135 INFO: [000_U..][epoch:105, iter:  84,700, lr:(9.998e-05,6.999e-05,)] [eta: 12:32:15, time (data): 0.158 (0.002)] l_pix: 2.1517e-01 l_lpips: 2.0874e-01 
2026-07-27 21:37:08,774 INFO: [000_U..][epoch:105, iter:  84,800, lr:(9.998e-05,6.999e-05,)] [eta: 12:31:41, time (data): 0.157 (0.002)] l_pix: 2.3634e-01 l_lpips: 2.3291e-01 
2026-07-27 21:37:24,407 INFO: [000_U..][epoch:106, iter:  84,900, lr:(9.998e-05,6.999e-05,)] [eta: 12:31:07, time (data): 0.153 (0.002)] l_pix: 2.5743e-01 l_lpips: 2.5366e-01 
2026-07-27 21:37:40,037 INFO: [000_U..][epoch:106, iter:  85,000, lr:(9.998e-05,6.999e-05,)] [eta: 12:30:32, time (data): 0.155 (0.002)] l_pix: 9.0639e-02 l_lpips: 8.7219e-02 
2026-07-27 21:42:10,780 INFO: Validation RealSRV3
	 # psnr: 23.4919	Best: 23.7708 @ 55000 iter
	 # ssim: 0.6674	Best: 0.6674 @ 85000 iter
	 # lpips: 0.3741	Best: 0.3741 @ 85000 iter

2026-07-27 21:42:26,263 INFO: [000_U..][epoch:106, iter:  85,100, lr:(9.998e-05,6.999e-05,)] [eta: 12:41:21, time (data): 0.155 (0.002)] l_pix: 3.0230e-01 l_lpips: 2.7344e-01 
2026-07-27 21:42:41,774 INFO: [000_U..][epoch:106, iter:  85,200, lr:(9.998e-05,6.999e-05,)] [eta: 12:40:45, time (data): 0.155 (0.002)] l_pix: 1.6621e-01 l_lpips: 1.6052e-01 
2026-07-27 21:42:57,365 INFO: [000_U..][epoch:106, iter:  85,300, lr:(9.998e-05,6.999e-05,)] [eta: 12:40:10, time (data): 0.156 (0.002)] l_pix: 3.1885e-01 l_lpips: 2.7637e-01 
2026-07-27 21:43:12,957 INFO: [000_U..][epoch:106, iter:  85,400, lr:(9.998e-05,6.999e-05,)] [eta: 12:39:34, time (data): 0.156 (0.002)] l_pix: 2.2451e-01 l_lpips: 2.1387e-01 
2026-07-27 21:43:28,543 INFO: [000_U..][epoch:106, iter:  85,500, lr:(9.998e-05,6.999e-05,)] [eta: 12:38:59, time (data): 0.156 (0.002)] l_pix: 1.5231e-01 l_lpips: 1.4502e-01 
2026-07-27 21:43:44,274 INFO: [000_U..][epoch:106, iter:  85,600, lr:(9.998e-05,6.999e-05,)] [eta: 12:38:24, time (data): 0.157 (0.002)] l_pix: 7.1499e-02 l_lpips: 6.8726e-02 
2026-07-27 21:44:00,103 INFO: [000_U..][epoch:107, iter:  85,700, lr:(9.998e-05,6.999e-05,)] [eta: 12:37:49, time (data): 0.156 (0.002)] l_pix: 6.1631e-02 l_lpips: 5.8746e-02 
2026-07-27 21:44:15,630 INFO: [000_U..][epoch:107, iter:  85,800, lr:(9.998e-05,6.999e-05,)] [eta: 12:37:14, time (data): 0.155 (0.002)] l_pix: 2.2405e-01 l_lpips: 2.1619e-01 
2026-07-27 21:44:31,150 INFO: [000_U..][epoch:107, iter:  85,900, lr:(9.998e-05,6.999e-05,)] [eta: 12:36:38, time (data): 0.155 (0.002)] l_pix: 1.9577e-01 l_lpips: 1.9165e-01 
2026-07-27 21:44:46,666 INFO: [000_U..][epoch:107, iter:  86,000, lr:(9.998e-05,6.999e-05,)] [eta: 12:36:03, time (data): 0.155 (0.002)] l_pix: 3.1958e-01 l_lpips: 3.0762e-01 
2026-07-27 21:45:02,183 INFO: [000_U..][epoch:107, iter:  86,100, lr:(9.998e-05,6.999e-05,)] [eta: 12:35:28, time (data): 0.155 (0.002)] l_pix: 9.3839e-02 l_lpips: 9.1492e-02 
2026-07-27 21:45:17,492 INFO: [000_U..][epoch:107, iter:  86,200, lr:(9.998e-05,6.999e-05,)] [eta: 12:34:52, time (data): 0.154 (0.002)] l_pix: 1.7365e-01 l_lpips: 1.6919e-01 
2026-07-27 21:45:32,739 INFO: [000_U..][epoch:107, iter:  86,300, lr:(9.998e-05,6.999e-05,)] [eta: 12:34:16, time (data): 0.152 (0.002)] l_pix: 8.6438e-02 l_lpips: 7.4280e-02 
2026-07-27 21:45:48,005 INFO: [000_U..][epoch:107, iter:  86,400, lr:(9.998e-05,6.999e-05,)] [eta: 12:33:40, time (data): 0.153 (0.002)] l_pix: 1.2587e-01 l_lpips: 1.2042e-01 
2026-07-27 21:46:04,217 INFO: [000_U..][epoch:108, iter:  86,500, lr:(9.998e-05,6.999e-05,)] [eta: 12:33:07, time (data): 0.160 (0.002)] l_pix: 2.4605e-01 l_lpips: 2.3877e-01 
2026-07-27 21:46:20,643 INFO: [000_U..][epoch:108, iter:  86,600, lr:(9.998e-05,6.999e-05,)] [eta: 12:32:34, time (data): 0.163 (0.002)] l_pix: 1.9256e-01 l_lpips: 1.8115e-01 
2026-07-27 21:46:36,844 INFO: [000_U..][epoch:108, iter:  86,700, lr:(9.998e-05,6.999e-05,)] [eta: 12:32:01, time (data): 0.162 (0.002)] l_pix: 2.9458e-01 l_lpips: 2.7539e-01 
2026-07-27 21:46:52,875 INFO: [000_U..][epoch:108, iter:  86,800, lr:(9.998e-05,6.999e-05,)] [eta: 12:31:27, time (data): 0.161 (0.002)] l_pix: 2.6107e-01 l_lpips: 2.3413e-01 
2026-07-27 21:47:08,952 INFO: [000_U..][epoch:108, iter:  86,900, lr:(9.998e-05,6.999e-05,)] [eta: 12:30:53, time (data): 0.162 (0.002)] l_pix: 1.0872e-01 l_lpips: 1.0657e-01 
2026-07-27 21:47:25,231 INFO: [000_U..][epoch:108, iter:  87,000, lr:(9.998e-05,6.999e-05,)] [eta: 12:30:20, time (data): 0.163 (0.002)] l_pix: 1.7671e-01 l_lpips: 1.7236e-01 
2026-07-27 21:47:41,540 INFO: [000_U..][epoch:108, iter:  87,100, lr:(9.998e-05,6.999e-05,)] [eta: 12:29:47, time (data): 0.164 (0.002)] l_pix: 1.7572e-01 l_lpips: 1.7114e-01 
2026-07-27 21:47:57,323 INFO: [000_U..][epoch:108, iter:  87,200, lr:(9.998e-05,6.999e-05,)] [eta: 12:29:13, time (data): 0.160 (0.002)] l_pix: 2.6376e-01 l_lpips: 2.4976e-01 
2026-07-27 21:48:13,411 INFO: [000_U..][epoch:109, iter:  87,300, lr:(9.998e-05,6.999e-05,)] [eta: 12:28:40, time (data): 0.158 (0.002)] l_pix: 2.5131e-01 l_lpips: 2.3657e-01 
2026-07-27 21:48:29,093 INFO: [000_U..][epoch:109, iter:  87,400, lr:(9.998e-05,6.999e-05,)] [eta: 12:28:05, time (data): 0.157 (0.002)] l_pix: 1.8485e-01 l_lpips: 1.7456e-01 
2026-07-27 21:48:45,070 INFO: [000_U..][epoch:109, iter:  87,500, lr:(9.998e-05,6.999e-05,)] [eta: 12:27:32, time (data): 0.159 (0.002)] l_pix: 1.6573e-01 l_lpips: 1.6211e-01 
2026-07-27 21:49:00,697 INFO: [000_U..][epoch:109, iter:  87,600, lr:(9.998e-05,6.999e-05,)] [eta: 12:26:58, time (data): 0.157 (0.002)] l_pix: 2.2691e-01 l_lpips: 2.1094e-01 
2026-07-27 21:49:16,000 INFO: [000_U..][epoch:109, iter:  87,700, lr:(9.998e-05,6.999e-05,)] [eta: 12:26:22, time (data): 0.153 (0.002)] l_pix: 7.2030e-02 l_lpips: 7.0190e-02 
2026-07-27 21:49:31,259 INFO: [000_U..][epoch:109, iter:  87,800, lr:(9.998e-05,6.999e-05,)] [eta: 12:25:47, time (data): 0.153 (0.002)] l_pix: 8.6108e-02 l_lpips: 8.2520e-02 
2026-07-27 21:49:46,535 INFO: [000_U..][epoch:109, iter:  87,900, lr:(9.998e-05,6.999e-05,)] [eta: 12:25:12, time (data): 0.153 (0.002)] l_pix: 5.8896e-02 l_lpips: 5.5176e-02 
2026-07-27 21:50:01,827 INFO: [000_U..][epoch:109, iter:  88,000, lr:(9.998e-05,6.999e-05,)] [eta: 12:24:37, time (data): 0.153 (0.002)] l_pix: 1.6993e-01 l_lpips: 1.6333e-01 
2026-07-27 21:50:17,538 INFO: [000_U..][epoch:110, iter:  88,100, lr:(9.998e-05,6.999e-05,)] [eta: 12:24:03, time (data): 0.154 (0.002)] l_pix: 1.5909e-01 l_lpips: 1.5320e-01 
2026-07-27 21:50:32,839 INFO: [000_U..][epoch:110, iter:  88,200, lr:(9.998e-05,6.999e-05,)] [eta: 12:23:28, time (data): 0.153 (0.002)] l_pix: 1.2606e-01 l_lpips: 1.2219e-01 
2026-07-27 21:50:48,270 INFO: [000_U..][epoch:110, iter:  88,300, lr:(9.998e-05,6.999e-05,)] [eta: 12:22:54, time (data): 0.155 (0.002)] l_pix: 2.4395e-01 l_lpips: 2.2986e-01 
2026-07-27 21:51:03,603 INFO: [000_U..][epoch:110, iter:  88,400, lr:(9.998e-05,6.999e-05,)] [eta: 12:22:19, time (data): 0.154 (0.002)] l_pix: 2.2170e-01 l_lpips: 2.1582e-01 
2026-07-27 21:51:18,933 INFO: [000_U..][epoch:110, iter:  88,500, lr:(9.998e-05,6.999e-05,)] [eta: 12:21:44, time (data): 0.153 (0.002)] l_pix: 1.1343e-01 l_lpips: 1.0962e-01 
2026-07-27 21:51:34,556 INFO: [000_U..][epoch:110, iter:  88,600, lr:(9.998e-05,6.999e-05,)] [eta: 12:21:10, time (data): 0.155 (0.002)] l_pix: 1.9230e-01 l_lpips: 1.8176e-01 
2026-07-27 21:51:50,221 INFO: [000_U..][epoch:110, iter:  88,700, lr:(9.998e-05,6.999e-05,)] [eta: 12:20:36, time (data): 0.157 (0.002)] l_pix: 8.3745e-02 l_lpips: 8.1116e-02 
2026-07-27 21:52:05,818 INFO: [000_U..][epoch:110, iter:  88,800, lr:(9.998e-05,6.999e-05,)] [eta: 12:20:02, time (data): 0.157 (0.002)] l_pix: 2.1838e-01 l_lpips: 2.0728e-01 
2026-07-27 21:52:21,871 INFO: [000_U..][epoch:111, iter:  88,900, lr:(9.998e-05,6.999e-05,)] [eta: 12:19:30, time (data): 0.156 (0.002)] l_pix: 1.9126e-01 l_lpips: 1.8823e-01 
2026-07-27 21:52:37,449 INFO: [000_U..][epoch:111, iter:  89,000, lr:(9.998e-05,6.999e-05,)] [eta: 12:18:56, time (data): 0.156 (0.002)] l_pix: 2.7637e-01 l_lpips: 2.6245e-01 
2026-07-27 21:52:52,875 INFO: [000_U..][epoch:111, iter:  89,100, lr:(9.998e-05,6.999e-05,)] [eta: 12:18:21, time (data): 0.153 (0.002)] l_pix: 3.0270e-01 l_lpips: 2.7759e-01 
2026-07-27 21:53:08,289 INFO: [000_U..][epoch:111, iter:  89,200, lr:(9.998e-05,6.999e-05,)] [eta: 12:17:47, time (data): 0.154 (0.002)] l_pix: 1.3666e-01 l_lpips: 1.3110e-01 
2026-07-27 21:53:23,810 INFO: [000_U..][epoch:111, iter:  89,300, lr:(9.998e-05,6.999e-05,)] [eta: 12:17:13, time (data): 0.157 (0.002)] l_pix: 1.4795e-01 l_lpips: 1.4307e-01 
2026-07-27 21:53:39,331 INFO: [000_U..][epoch:111, iter:  89,400, lr:(9.998e-05,6.999e-05,)] [eta: 12:16:39, time (data): 0.156 (0.002)] l_pix: 2.1924e-01 l_lpips: 2.0483e-01 
2026-07-27 21:53:54,618 INFO: [000_U..][epoch:111, iter:  89,500, lr:(9.998e-05,6.999e-05,)] [eta: 12:16:05, time (data): 0.153 (0.002)] l_pix: 2.0623e-01 l_lpips: 2.0166e-01 
2026-07-27 21:54:10,078 INFO: [000_U..][epoch:111, iter:  89,600, lr:(9.998e-05,6.999e-05,)] [eta: 12:15:31, time (data): 0.154 (0.002)] l_pix: 2.6790e-01 l_lpips: 2.4365e-01 
2026-07-27 21:54:26,111 INFO: [000_U..][epoch:112, iter:  89,700, lr:(9.998e-05,6.999e-05,)] [eta: 12:14:58, time (data): 0.157 (0.002)] l_pix: 1.3602e-01 l_lpips: 1.2659e-01 
2026-07-27 21:54:41,887 INFO: [000_U..][epoch:112, iter:  89,800, lr:(9.998e-05,6.999e-05,)] [eta: 12:14:25, time (data): 0.158 (0.002)] l_pix: 3.6527e-02 l_lpips: 3.2715e-02 
2026-07-27 21:54:57,505 INFO: [000_U..][epoch:112, iter:  89,900, lr:(9.998e-05,6.999e-05,)] [eta: 12:13:52, time (data): 0.156 (0.002)] l_pix: 2.0838e-01 l_lpips: 2.0435e-01 
2026-07-27 21:55:13,000 INFO: [000_U..][epoch:112, iter:  90,000, lr:(9.998e-05,6.999e-05,)] [eta: 12:13:18, time (data): 0.155 (0.002)] l_pix: 2.2498e-01 l_lpips: 2.1436e-01 
2026-07-27 21:55:13,001 INFO: Saving models and training states.
2026-07-27 21:59:45,558 INFO: Validation RealSRV3
	 # psnr: 23.9873	Best: 23.9873 @ 90000 iter
	 # ssim: 0.6661	Best: 0.6674 @ 85000 iter
	 # lpips: 0.3750	Best: 0.3741 @ 85000 iter

2026-07-27 22:00:00,981 INFO: [000_U..][epoch:112, iter:  90,100, lr:(9.998e-05,6.999e-05,)] [eta: 12:23:19, time (data): 0.154 (0.002)] l_pix: 2.3812e-01 l_lpips: 2.2583e-01 
2026-07-27 22:00:16,275 INFO: [000_U..][epoch:112, iter:  90,200, lr:(9.998e-05,6.999e-05,)] [eta: 12:22:44, time (data): 0.153 (0.002)] l_pix: 2.1033e-01 l_lpips: 2.0093e-01 
2026-07-27 22:00:31,692 INFO: [000_U..][epoch:112, iter:  90,300, lr:(9.998e-05,6.999e-05,)] [eta: 12:22:09, time (data): 0.154 (0.002)] l_pix: 5.7089e-02 l_lpips: 5.4565e-02 
2026-07-27 22:00:47,317 INFO: [000_U..][epoch:112, iter:  90,400, lr:(9.998e-05,6.999e-05,)] [eta: 12:21:35, time (data): 0.156 (0.002)] l_pix: 1.9042e-01 l_lpips: 1.8018e-01 
2026-07-27 22:01:03,402 INFO: [000_U..][epoch:113, iter:  90,500, lr:(9.998e-05,6.999e-05,)] [eta: 12:21:02, time (data): 0.159 (0.002)] l_pix: 2.9722e-01 l_lpips: 2.6709e-01 
2026-07-27 22:01:19,154 INFO: [000_U..][epoch:113, iter:  90,600, lr:(9.998e-05,6.999e-05,)] [eta: 12:20:28, time (data): 0.158 (0.002)] l_pix: 1.6893e-01 l_lpips: 1.6284e-01 
2026-07-27 22:01:34,557 INFO: [000_U..][epoch:113, iter:  90,700, lr:(9.998e-05,6.999e-05,)] [eta: 12:19:54, time (data): 0.153 (0.002)] l_pix: 2.8977e-01 l_lpips: 2.5952e-01 
2026-07-27 22:01:49,931 INFO: [000_U..][epoch:113, iter:  90,800, lr:(9.998e-05,6.999e-05,)] [eta: 12:19:19, time (data): 0.153 (0.002)] l_pix: 1.5989e-01 l_lpips: 1.5125e-01 
2026-07-27 22:02:05,340 INFO: [000_U..][epoch:113, iter:  90,900, lr:(9.998e-05,6.999e-05,)] [eta: 12:18:44, time (data): 0.154 (0.002)] l_pix: 2.8055e-01 l_lpips: 2.7344e-01 
2026-07-27 22:02:20,735 INFO: [000_U..][epoch:113, iter:  91,000, lr:(9.998e-05,6.999e-05,)] [eta: 12:18:10, time (data): 0.154 (0.002)] l_pix: 1.5371e-01 l_lpips: 1.5002e-01 
2026-07-27 22:02:36,205 INFO: [000_U..][epoch:113, iter:  91,100, lr:(9.998e-05,6.999e-05,)] [eta: 12:17:35, time (data): 0.153 (0.002)] l_pix: 8.7295e-02 l_lpips: 8.5632e-02 
2026-07-27 22:02:51,497 INFO: [000_U..][epoch:113, iter:  91,200, lr:(9.998e-05,6.999e-05,)] [eta: 12:17:01, time (data): 0.153 (0.002)] l_pix: 1.9409e-01 l_lpips: 1.7944e-01 
2026-07-27 22:03:07,205 INFO: [000_U..][epoch:114, iter:  91,300, lr:(9.998e-05,6.999e-05,)] [eta: 12:16:27, time (data): 0.153 (0.002)] l_pix: 1.2221e-01 l_lpips: 1.1829e-01 
2026-07-27 22:03:22,545 INFO: [000_U..][epoch:114, iter:  91,400, lr:(9.998e-05,6.999e-05,)] [eta: 12:15:53, time (data): 0.153 (0.002)] l_pix: 2.3017e-01 l_lpips: 2.1606e-01 
2026-07-27 22:03:38,146 INFO: [000_U..][epoch:114, iter:  91,500, lr:(9.998e-05,6.999e-05,)] [eta: 12:15:19, time (data): 0.156 (0.002)] l_pix: 2.0597e-01 l_lpips: 1.9946e-01 
2026-07-27 22:03:53,885 INFO: [000_U..][epoch:114, iter:  91,600, lr:(9.998e-05,6.999e-05,)] [eta: 12:14:45, time (data): 0.157 (0.002)] l_pix: 2.2564e-01 l_lpips: 2.1851e-01 
2026-07-27 22:04:09,411 INFO: [000_U..][epoch:114, iter:  91,700, lr:(9.998e-05,6.999e-05,)] [eta: 12:14:11, time (data): 0.155 (0.002)] l_pix: 1.2678e-01 l_lpips: 1.2451e-01 
2026-07-27 22:04:24,932 INFO: [000_U..][epoch:114, iter:  91,800, lr:(9.998e-05,6.999e-05,)] [eta: 12:13:37, time (data): 0.155 (0.002)] l_pix: 2.5075e-01 l_lpips: 2.2559e-01 
2026-07-27 22:04:40,441 INFO: [000_U..][epoch:114, iter:  91,900, lr:(9.998e-05,6.999e-05,)] [eta: 12:13:04, time (data): 0.155 (0.002)] l_pix: 2.6740e-01 l_lpips: 2.4683e-01 
2026-07-27 22:04:55,947 INFO: [000_U..][epoch:114, iter:  92,000, lr:(9.998e-05,6.999e-05,)] [eta: 12:12:30, time (data): 0.155 (0.002)] l_pix: 2.2460e-01 l_lpips: 2.1313e-01 
2026-07-27 22:05:12,085 INFO: [000_U..][epoch:115, iter:  92,100, lr:(9.998e-05,6.999e-05,)] [eta: 12:11:57, time (data): 0.161 (0.002)] l_pix: 2.3335e-01 l_lpips: 2.2046e-01 
2026-07-27 22:05:27,502 INFO: [000_U..][epoch:115, iter:  92,200, lr:(9.998e-05,6.999e-05,)] [eta: 12:11:23, time (data): 0.156 (0.002)] l_pix: 1.3271e-01 l_lpips: 1.2793e-01 
2026-07-27 22:05:42,843 INFO: [000_U..][epoch:115, iter:  92,300, lr:(9.998e-05,6.999e-05,)] [eta: 12:10:49, time (data): 0.154 (0.002)] l_pix: 9.4063e-02 l_lpips: 9.2407e-02 
2026-07-27 22:05:58,195 INFO: [000_U..][epoch:115, iter:  92,400, lr:(9.998e-05,6.999e-05,)] [eta: 12:10:15, time (data): 0.154 (0.002)] l_pix: 1.2968e-01 l_lpips: 1.1749e-01 
2026-07-27 22:06:13,533 INFO: [000_U..][epoch:115, iter:  92,500, lr:(9.998e-05,6.999e-05,)] [eta: 12:09:41, time (data): 0.154 (0.002)] l_pix: 6.6899e-02 l_lpips: 6.2134e-02 
2026-07-27 22:06:28,998 INFO: [000_U..][epoch:115, iter:  92,600, lr:(9.998e-05,6.999e-05,)] [eta: 12:09:07, time (data): 0.154 (0.002)] l_pix: 6.6294e-02 l_lpips: 6.3049e-02 
2026-07-27 22:06:44,309 INFO: [000_U..][epoch:115, iter:  92,700, lr:(9.998e-05,6.999e-05,)] [eta: 12:08:33, time (data): 0.153 (0.002)] l_pix: 1.5777e-01 l_lpips: 1.5173e-01 
2026-07-27 22:06:59,542 INFO: [000_U..][epoch:115, iter:  92,800, lr:(9.998e-05,6.999e-05,)] [eta: 12:07:59, time (data): 0.153 (0.002)] l_pix: 1.0257e-01 l_lpips: 1.0101e-01 
2026-07-27 22:07:15,669 INFO: [000_U..][epoch:116, iter:  92,900, lr:(9.998e-05,6.999e-05,)] [eta: 12:07:27, time (data): 0.159 (0.002)] l_pix: 2.4415e-01 l_lpips: 2.4194e-01 
2026-07-27 22:07:31,491 INFO: [000_U..][epoch:116, iter:  93,000, lr:(9.998e-05,6.999e-05,)] [eta: 12:06:54, time (data): 0.158 (0.002)] l_pix: 1.5617e-01 l_lpips: 1.4880e-01 
2026-07-27 22:07:47,107 INFO: [000_U..][epoch:116, iter:  93,100, lr:(9.998e-05,6.999e-05,)] [eta: 12:06:21, time (data): 0.153 (0.002)] l_pix: 1.3117e-01 l_lpips: 1.2769e-01 
2026-07-27 22:08:02,465 INFO: [000_U..][epoch:116, iter:  93,200, lr:(9.998e-05,6.999e-05,)] [eta: 12:05:47, time (data): 0.153 (0.002)] l_pix: 2.0803e-01 l_lpips: 2.0117e-01 
2026-07-27 22:08:17,796 INFO: [000_U..][epoch:116, iter:  93,300, lr:(9.998e-05,6.999e-05,)] [eta: 12:05:14, time (data): 0.154 (0.002)] l_pix: 2.5053e-01 l_lpips: 2.4365e-01 
2026-07-27 22:08:33,180 INFO: [000_U..][epoch:116, iter:  93,400, lr:(9.998e-05,6.999e-05,)] [eta: 12:04:40, time (data): 0.154 (0.002)] l_pix: 2.2595e-01 l_lpips: 2.1118e-01 
2026-07-27 22:08:48,611 INFO: [000_U..][epoch:116, iter:  93,500, lr:(9.998e-05,6.999e-05,)] [eta: 12:04:07, time (data): 0.154 (0.002)] l_pix: 2.6320e-01 l_lpips: 2.5488e-01 
2026-07-27 22:09:04,199 INFO: [000_U..][epoch:116, iter:  93,600, lr:(9.998e-05,6.999e-05,)] [eta: 12:03:34, time (data): 0.155 (0.002)] l_pix: 2.1986e-01 l_lpips: 2.1204e-01 
2026-07-27 22:09:20,064 INFO: [000_U..][epoch:117, iter:  93,700, lr:(9.998e-05,6.999e-05,)] [eta: 12:03:01, time (data): 0.155 (0.002)] l_pix: 9.0711e-02 l_lpips: 8.4351e-02 
2026-07-27 22:09:35,743 INFO: [000_U..][epoch:117, iter:  93,800, lr:(9.998e-05,6.999e-05,)] [eta: 12:02:28, time (data): 0.156 (0.002)] l_pix: 1.8146e-01 l_lpips: 1.8005e-01 
2026-07-27 22:09:51,404 INFO: [000_U..][epoch:117, iter:  93,900, lr:(9.998e-05,6.999e-05,)] [eta: 12:01:56, time (data): 0.155 (0.002)] l_pix: 1.3911e-01 l_lpips: 1.3342e-01 
2026-07-27 22:10:06,982 INFO: [000_U..][epoch:117, iter:  94,000, lr:(9.998e-05,6.999e-05,)] [eta: 12:01:23, time (data): 0.156 (0.002)] l_pix: 2.1070e-01 l_lpips: 2.0605e-01 
2026-07-27 22:10:22,500 INFO: [000_U..][epoch:117, iter:  94,100, lr:(9.998e-05,6.999e-05,)] [eta: 12:00:50, time (data): 0.154 (0.002)] l_pix: 2.2871e-01 l_lpips: 2.2192e-01 
2026-07-27 22:10:37,883 INFO: [000_U..][epoch:117, iter:  94,200, lr:(9.998e-05,6.999e-05,)] [eta: 12:00:16, time (data): 0.154 (0.002)] l_pix: 2.2087e-01 l_lpips: 2.1814e-01 
2026-07-27 22:10:53,204 INFO: [000_U..][epoch:117, iter:  94,300, lr:(9.998e-05,6.999e-05,)] [eta: 11:59:43, time (data): 0.153 (0.002)] l_pix: 1.9457e-01 l_lpips: 1.8896e-01 
2026-07-27 22:11:08,550 INFO: [000_U..][epoch:117, iter:  94,400, lr:(9.998e-05,6.999e-05,)] [eta: 11:59:10, time (data): 0.153 (0.002)] l_pix: 2.0444e-01 l_lpips: 1.9678e-01 
2026-07-27 22:11:24,418 INFO: [000_U..][epoch:118, iter:  94,500, lr:(9.998e-05,6.999e-05,)] [eta: 11:58:37, time (data): 0.156 (0.002)] l_pix: 1.8886e-01 l_lpips: 1.6589e-01 
2026-07-27 22:11:39,743 INFO: [000_U..][epoch:118, iter:  94,600, lr:(9.998e-05,6.999e-05,)] [eta: 11:58:04, time (data): 0.154 (0.002)] l_pix: 7.6269e-02 l_lpips: 7.1472e-02 
2026-07-27 22:11:55,153 INFO: [000_U..][epoch:118, iter:  94,700, lr:(9.998e-05,6.999e-05,)] [eta: 11:57:31, time (data): 0.152 (0.002)] l_pix: 2.2192e-01 l_lpips: 2.1814e-01 
2026-07-27 22:12:10,422 INFO: [000_U..][epoch:118, iter:  94,800, lr:(9.998e-05,6.999e-05,)] [eta: 11:56:58, time (data): 0.153 (0.002)] l_pix: 2.7430e-01 l_lpips: 2.5806e-01 
2026-07-27 22:12:25,720 INFO: [000_U..][epoch:118, iter:  94,900, lr:(9.998e-05,6.999e-05,)] [eta: 11:56:25, time (data): 0.153 (0.002)] l_pix: 2.3988e-01 l_lpips: 2.1582e-01 
2026-07-27 22:12:40,980 INFO: [000_U..][epoch:118, iter:  95,000, lr:(9.998e-05,6.999e-05,)] [eta: 11:55:51, time (data): 0.153 (0.002)] l_pix: 1.0921e-01 l_lpips: 1.0608e-01 
2026-07-27 22:17:13,598 INFO: Validation RealSRV3
	 # psnr: 23.0815	Best: 23.9873 @ 90000 iter
	 # ssim: 0.6603	Best: 0.6674 @ 85000 iter
	 # lpips: 0.3798	Best: 0.3741 @ 85000 iter

2026-07-27 22:17:29,249 INFO: [000_U..][epoch:118, iter:  95,100, lr:(9.998e-05,6.999e-05,)] [eta: 12:05:06, time (data): 0.155 (0.002)] l_pix: 1.2301e-01 l_lpips: 1.1523e-01 
2026-07-27 22:17:44,675 INFO: [000_U..][epoch:118, iter:  95,200, lr:(9.998e-05,6.999e-05,)] [eta: 12:04:33, time (data): 0.154 (0.002)] l_pix: 1.8918e-01 l_lpips: 1.7358e-01 
2026-07-27 22:18:00,370 INFO: [000_U..][epoch:119, iter:  95,300, lr:(9.998e-05,6.999e-05,)] [eta: 12:04:00, time (data): 0.153 (0.002)] l_pix: 1.4469e-01 l_lpips: 1.3672e-01 
2026-07-27 22:18:15,682 INFO: [000_U..][epoch:119, iter:  95,400, lr:(9.998e-05,6.999e-05,)] [eta: 12:03:26, time (data): 0.153 (0.002)] l_pix: 1.0853e-01 l_lpips: 1.0522e-01 
2026-07-27 22:18:31,000 INFO: [000_U..][epoch:119, iter:  95,500, lr:(9.998e-05,6.999e-05,)] [eta: 12:02:52, time (data): 0.153 (0.002)] l_pix: 9.6880e-02 l_lpips: 9.2224e-02 
2026-07-27 22:18:46,314 INFO: [000_U..][epoch:119, iter:  95,600, lr:(9.998e-05,6.999e-05,)] [eta: 12:02:18, time (data): 0.153 (0.002)] l_pix: 1.8847e-01 l_lpips: 1.8030e-01 
2026-07-27 22:19:01,800 INFO: [000_U..][epoch:119, iter:  95,700, lr:(9.998e-05,6.999e-05,)] [eta: 12:01:45, time (data): 0.152 (0.002)] l_pix: 2.3608e-01 l_lpips: 2.1814e-01 
2026-07-27 22:19:17,105 INFO: [000_U..][epoch:119, iter:  95,800, lr:(9.998e-05,6.999e-05,)] [eta: 12:01:11, time (data): 0.153 (0.002)] l_pix: 1.4919e-01 l_lpips: 1.4453e-01 
2026-07-27 22:19:32,415 INFO: [000_U..][epoch:119, iter:  95,900, lr:(9.998e-05,6.999e-05,)] [eta: 12:00:37, time (data): 0.153 (0.002)] l_pix: 8.3207e-02 l_lpips: 7.1716e-02 
2026-07-27 22:19:47,700 INFO: [000_U..][epoch:119, iter:  96,000, lr:(9.998e-05,6.999e-05,)] [eta: 12:00:03, time (data): 0.153 (0.002)] l_pix: 2.1009e-01 l_lpips: 2.0361e-01 
2026-07-27 22:20:03,526 INFO: [000_U..][epoch:120, iter:  96,100, lr:(9.998e-05,6.999e-05,)] [eta: 11:59:31, time (data): 0.155 (0.002)] l_pix: 1.6403e-01 l_lpips: 1.6125e-01 
2026-07-27 22:20:19,246 INFO: [000_U..][epoch:120, iter:  96,200, lr:(9.998e-05,6.999e-05,)] [eta: 11:58:58, time (data): 0.157 (0.002)] l_pix: 2.2971e-01 l_lpips: 2.1265e-01 
2026-07-27 22:20:34,718 INFO: [000_U..][epoch:120, iter:  96,300, lr:(9.998e-05,6.999e-05,)] [eta: 11:58:25, time (data): 0.156 (0.002)] l_pix: 1.1280e-01 l_lpips: 1.0608e-01 
2026-07-27 22:20:50,122 INFO: [000_U..][epoch:120, iter:  96,400, lr:(9.998e-05,6.999e-05,)] [eta: 11:57:52, time (data): 0.154 (0.002)] l_pix: 1.8152e-01 l_lpips: 1.4868e-01 
2026-07-27 22:21:05,534 INFO: [000_U..][epoch:120, iter:  96,500, lr:(9.998e-05,6.999e-05,)] [eta: 11:57:18, time (data): 0.153 (0.002)] l_pix: 1.5417e-01 l_lpips: 1.4697e-01 
2026-07-27 22:21:20,890 INFO: [000_U..][epoch:120, iter:  96,600, lr:(9.998e-05,6.999e-05,)] [eta: 11:56:45, time (data): 0.153 (0.002)] l_pix: 1.2439e-01 l_lpips: 1.1792e-01 
2026-07-27 22:21:36,562 INFO: [000_U..][epoch:120, iter:  96,700, lr:(9.998e-05,6.999e-05,)] [eta: 11:56:12, time (data): 0.154 (0.002)] l_pix: 5.4345e-02 l_lpips: 5.1880e-02 
2026-07-27 22:21:51,949 INFO: [000_U..][epoch:120, iter:  96,800, lr:(9.998e-05,6.999e-05,)] [eta: 11:55:39, time (data): 0.154 (0.002)] l_pix: 2.8986e-01 l_lpips: 2.7734e-01 
2026-07-27 22:22:08,289 INFO: [000_U..][epoch:121, iter:  96,900, lr:(9.998e-05,6.999e-05,)] [eta: 11:55:08, time (data): 0.160 (0.002)] l_pix: 8.9720e-02 l_lpips: 8.2031e-02 
2026-07-27 22:22:24,327 INFO: [000_U..][epoch:121, iter:  97,000, lr:(9.998e-05,6.999e-05,)] [eta: 11:54:36, time (data): 0.160 (0.002)] l_pix: 2.1122e-01 l_lpips: 1.9934e-01 
2026-07-27 22:22:40,373 INFO: [000_U..][epoch:121, iter:  97,100, lr:(9.998e-05,6.999e-05,)] [eta: 11:54:04, time (data): 0.159 (0.002)] l_pix: 1.5539e-01 l_lpips: 1.4417e-01 
2026-07-27 22:22:56,419 INFO: [000_U..][epoch:121, iter:  97,200, lr:(9.998e-05,6.999e-05,)] [eta: 11:53:33, time (data): 0.160 (0.002)] l_pix: 9.1435e-02 l_lpips: 8.7158e-02 
2026-07-27 22:23:12,418 INFO: [000_U..][epoch:121, iter:  97,300, lr:(9.998e-05,6.999e-05,)] [eta: 11:53:01, time (data): 0.161 (0.002)] l_pix: 1.8856e-01 l_lpips: 1.8066e-01 
2026-07-27 22:23:28,392 INFO: [000_U..][epoch:121, iter:  97,400, lr:(9.998e-05,6.999e-05,)] [eta: 11:52:29, time (data): 0.160 (0.002)] l_pix: 1.2265e-01 l_lpips: 1.1755e-01 
2026-07-27 22:23:44,256 INFO: [000_U..][epoch:121, iter:  97,500, lr:(9.998e-05,6.999e-05,)] [eta: 11:51:57, time (data): 0.159 (0.002)] l_pix: 1.8067e-01 l_lpips: 1.7139e-01 
2026-07-27 22:24:00,197 INFO: [000_U..][epoch:121, iter:  97,600, lr:(9.998e-05,6.999e-05,)] [eta: 11:51:25, time (data): 0.159 (0.002)] l_pix: 1.3336e-01 l_lpips: 1.2878e-01 
2026-07-27 22:24:16,332 INFO: [000_U..][epoch:122, iter:  97,700, lr:(9.998e-05,6.999e-05,)] [eta: 11:50:54, time (data): 0.158 (0.002)] l_pix: 6.7579e-02 l_lpips: 5.8411e-02 
2026-07-27 22:24:32,295 INFO: [000_U..][epoch:122, iter:  97,800, lr:(9.998e-05,6.999e-05,)] [eta: 11:50:22, time (data): 0.159 (0.002)] l_pix: 1.1299e-01 l_lpips: 1.0583e-01 
2026-07-27 22:24:48,068 INFO: [000_U..][epoch:122, iter:  97,900, lr:(9.998e-05,6.999e-05,)] [eta: 11:49:50, time (data): 0.157 (0.002)] l_pix: 2.6142e-01 l_lpips: 2.4219e-01 
2026-07-27 22:25:04,231 INFO: [000_U..][epoch:122, iter:  98,000, lr:(9.998e-05,6.999e-05,)] [eta: 11:49:19, time (data): 0.161 (0.002)] l_pix: 1.6229e-01 l_lpips: 1.5649e-01 
2026-07-27 22:25:20,517 INFO: [000_U..][epoch:122, iter:  98,100, lr:(9.998e-05,6.999e-05,)] [eta: 11:48:48, time (data): 0.165 (0.002)] l_pix: 2.2493e-01 l_lpips: 2.1350e-01 
2026-07-27 22:25:36,838 INFO: [000_U..][epoch:122, iter:  98,200, lr:(9.998e-05,6.999e-05,)] [eta: 11:48:17, time (data): 0.163 (0.002)] l_pix: 1.3395e-01 l_lpips: 1.2988e-01 
2026-07-27 22:25:52,806 INFO: [000_U..][epoch:122, iter:  98,300, lr:(9.998e-05,6.999e-05,)] [eta: 11:47:46, time (data): 0.160 (0.002)] l_pix: 2.5468e-01 l_lpips: 2.3584e-01 
2026-07-27 22:26:08,685 INFO: [000_U..][epoch:122, iter:  98,400, lr:(9.998e-05,6.999e-05,)] [eta: 11:47:14, time (data): 0.159 (0.002)] l_pix: 1.8644e-01 l_lpips: 1.7371e-01 
2026-07-27 22:26:24,868 INFO: [000_U..][epoch:123, iter:  98,500, lr:(9.998e-05,6.999e-05,)] [eta: 11:46:43, time (data): 0.163 (0.002)] l_pix: 1.5360e-01 l_lpips: 1.4868e-01 
2026-07-27 22:26:41,187 INFO: [000_U..][epoch:123, iter:  98,600, lr:(9.998e-05,6.999e-05,)] [eta: 11:46:13, time (data): 0.163 (0.002)] l_pix: 1.6667e-01 l_lpips: 1.6125e-01 
2026-07-27 22:26:57,075 INFO: [000_U..][epoch:123, iter:  98,700, lr:(9.998e-05,6.999e-05,)] [eta: 11:45:41, time (data): 0.154 (0.002)] l_pix: 2.7950e-01 l_lpips: 2.6514e-01 
2026-07-27 22:27:12,742 INFO: [000_U..][epoch:123, iter:  98,800, lr:(9.998e-05,6.999e-05,)] [eta: 11:45:09, time (data): 0.156 (0.002)] l_pix: 3.4153e-01 l_lpips: 3.1543e-01 
2026-07-27 22:27:28,854 INFO: [000_U..][epoch:123, iter:  98,900, lr:(9.998e-05,6.999e-05,)] [eta: 11:44:38, time (data): 0.165 (0.002)] l_pix: 2.5967e-01 l_lpips: 2.5195e-01 
2026-07-27 22:27:44,853 INFO: [000_U..][epoch:123, iter:  99,000, lr:(9.998e-05,6.999e-05,)] [eta: 11:44:07, time (data): 0.160 (0.002)] l_pix: 1.0715e-01 l_lpips: 9.9060e-02 
2026-07-27 22:28:00,921 INFO: [000_U..][epoch:123, iter:  99,100, lr:(9.998e-05,6.999e-05,)] [eta: 11:43:36, time (data): 0.158 (0.002)] l_pix: 1.6364e-01 l_lpips: 1.5137e-01 
2026-07-27 22:28:17,376 INFO: [000_U..][epoch:123, iter:  99,200, lr:(9.998e-05,6.999e-05,)] [eta: 11:43:06, time (data): 0.164 (0.002)] l_pix: 2.9117e-01 l_lpips: 2.7905e-01 
2026-07-27 22:28:35,033 INFO: [000_U..][epoch:124, iter:  99,300, lr:(9.998e-05,6.999e-05,)] [eta: 11:42:38, time (data): 0.156 (0.002)] l_pix: 1.9959e-01 l_lpips: 1.9495e-01 
2026-07-27 22:28:50,965 INFO: [000_U..][epoch:124, iter:  99,400, lr:(9.998e-05,6.999e-05,)] [eta: 11:42:07, time (data): 0.159 (0.002)] l_pix: 2.6184e-01 l_lpips: 2.5903e-01 
2026-07-27 22:29:06,943 INFO: [000_U..][epoch:124, iter:  99,500, lr:(9.998e-05,6.999e-05,)] [eta: 11:41:35, time (data): 0.162 (0.002)] l_pix: 1.9827e-01 l_lpips: 1.8860e-01 
2026-07-27 22:29:22,845 INFO: [000_U..][epoch:124, iter:  99,600, lr:(9.998e-05,6.999e-05,)] [eta: 11:41:04, time (data): 0.159 (0.002)] l_pix: 1.7699e-01 l_lpips: 1.6772e-01 
2026-07-27 22:29:38,980 INFO: [000_U..][epoch:124, iter:  99,700, lr:(9.998e-05,6.999e-05,)] [eta: 11:40:33, time (data): 0.158 (0.002)] l_pix: 1.4601e-01 l_lpips: 1.3989e-01 
2026-07-27 22:29:54,966 INFO: [000_U..][epoch:124, iter:  99,800, lr:(9.998e-05,6.999e-05,)] [eta: 11:40:02, time (data): 0.160 (0.002)] l_pix: 9.5954e-02 l_lpips: 8.9844e-02 
2026-07-27 22:30:10,871 INFO: [000_U..][epoch:124, iter:  99,900, lr:(9.998e-05,6.999e-05,)] [eta: 11:39:31, time (data): 0.160 (0.002)] l_pix: 1.9531e-01 l_lpips: 1.8262e-01 
2026-07-27 22:30:27,332 INFO: [000_U..][epoch:124, iter: 100,000, lr:(9.998e-05,6.999e-05,)] [eta: 11:39:01, time (data): 0.164 (0.002)] l_pix: 2.3425e-01 l_lpips: 2.2632e-01 
2026-07-27 22:30:27,333 INFO: Saving models and training states.
2026-07-27 22:34:59,327 INFO: Validation RealSRV3
	 # psnr: 23.6991	Best: 23.9873 @ 90000 iter
	 # ssim: 0.6693	Best: 0.6693 @ 100000 iter
	 # lpips: 0.3697	Best: 0.3697 @ 100000 iter

2026-07-27 22:35:15,394 INFO: [000_U..][epoch:125, iter: 100,100, lr:(4.999e-05,3.499e-05,)] [eta: 11:47:34, time (data): 0.160 (0.002)] l_pix: 1.7878e-01 l_lpips: 1.6943e-01 
2026-07-27 22:35:30,880 INFO: [000_U..][epoch:125, iter: 100,200, lr:(4.999e-05,3.499e-05,)] [eta: 11:47:01, time (data): 0.155 (0.002)] l_pix: 2.2982e-01 l_lpips: 2.2021e-01 
2026-07-27 22:35:46,435 INFO: [000_U..][epoch:125, iter: 100,300, lr:(4.999e-05,3.499e-05,)] [eta: 11:46:28, time (data): 0.156 (0.002)] l_pix: 2.1601e-01 l_lpips: 2.0789e-01 
2026-07-27 22:36:02,011 INFO: [000_U..][epoch:125, iter: 100,400, lr:(4.999e-05,3.499e-05,)] [eta: 11:45:56, time (data): 0.156 (0.002)] l_pix: 2.1820e-01 l_lpips: 2.1094e-01 
2026-07-27 22:36:17,415 INFO: [000_U..][epoch:125, iter: 100,500, lr:(4.999e-05,3.499e-05,)] [eta: 11:45:23, time (data): 0.155 (0.002)] l_pix: 2.9906e-01 l_lpips: 2.8906e-01 
2026-07-27 22:36:32,696 INFO: [000_U..][epoch:125, iter: 100,600, lr:(4.999e-05,3.499e-05,)] [eta: 11:44:50, time (data): 0.153 (0.002)] l_pix: 6.0685e-02 l_lpips: 5.8868e-02 
2026-07-27 22:36:47,975 INFO: [000_U..][epoch:125, iter: 100,700, lr:(4.999e-05,3.499e-05,)] [eta: 11:44:17, time (data): 0.153 (0.002)] l_pix: 2.4125e-01 l_lpips: 2.2339e-01 
2026-07-27 22:37:03,512 INFO: [000_U..][epoch:125, iter: 100,800, lr:(4.999e-05,3.499e-05,)] [eta: 11:43:45, time (data): 0.155 (0.002)] l_pix: 2.3987e-01 l_lpips: 2.2754e-01 
2026-07-27 22:37:19,173 INFO: [000_U..][epoch:126, iter: 100,900, lr:(4.999e-05,3.499e-05,)] [eta: 11:43:13, time (data): 0.156 (0.003)] l_pix: 2.4256e-01 l_lpips: 2.3486e-01 
2026-07-27 22:37:34,933 INFO: [000_U..][epoch:126, iter: 101,000, lr:(4.999e-05,3.499e-05,)] [eta: 11:42:41, time (data): 0.158 (0.002)] l_pix: 2.1175e-01 l_lpips: 1.8506e-01 
2026-07-27 22:37:50,391 INFO: [000_U..][epoch:126, iter: 101,100, lr:(4.999e-05,3.499e-05,)] [eta: 11:42:08, time (data): 0.156 (0.002)] l_pix: 3.0921e-01 l_lpips: 2.6294e-01 
2026-07-27 22:38:05,974 INFO: [000_U..][epoch:126, iter: 101,200, lr:(4.999e-05,3.499e-05,)] [eta: 11:41:36, time (data): 0.156 (0.002)] l_pix: 2.1962e-01 l_lpips: 2.1289e-01 
2026-07-27 22:38:21,405 INFO: [000_U..][epoch:126, iter: 101,300, lr:(4.999e-05,3.499e-05,)] [eta: 11:41:04, time (data): 0.155 (0.002)] l_pix: 1.8899e-01 l_lpips: 1.8787e-01 
2026-07-27 22:38:36,724 INFO: [000_U..][epoch:126, iter: 101,400, lr:(4.999e-05,3.499e-05,)] [eta: 11:40:31, time (data): 0.153 (0.002)] l_pix: 1.9409e-01 l_lpips: 1.9080e-01 
2026-07-27 22:38:51,980 INFO: [000_U..][epoch:126, iter: 101,500, lr:(4.999e-05,3.499e-05,)] [eta: 11:39:58, time (data): 0.153 (0.002)] l_pix: 2.0622e-01 l_lpips: 1.8909e-01 
2026-07-27 22:39:07,222 INFO: [000_U..][epoch:126, iter: 101,600, lr:(4.999e-05,3.499e-05,)] [eta: 11:39:26, time (data): 0.152 (0.002)] l_pix: 1.7353e-01 l_lpips: 1.6772e-01 
2026-07-27 22:39:23,324 INFO: [000_U..][epoch:127, iter: 101,700, lr:(4.999e-05,3.499e-05,)] [eta: 11:38:55, time (data): 0.157 (0.003)] l_pix: 1.1702e-01 l_lpips: 1.1267e-01 
2026-07-27 22:39:38,763 INFO: [000_U..][epoch:127, iter: 101,800, lr:(4.999e-05,3.499e-05,)] [eta: 11:38:22, time (data): 0.154 (0.002)] l_pix: 2.2478e-01 l_lpips: 2.1631e-01 
2026-07-27 22:39:53,975 INFO: [000_U..][epoch:127, iter: 101,900, lr:(4.999e-05,3.499e-05,)] [eta: 11:37:50, time (data): 0.153 (0.002)] l_pix: 1.4425e-01 l_lpips: 1.3892e-01 
2026-07-27 22:40:09,185 INFO: [000_U..][epoch:127, iter: 102,000, lr:(4.999e-05,3.499e-05,)] [eta: 11:37:17, time (data): 0.152 (0.002)] l_pix: 1.6361e-01 l_lpips: 1.5063e-01 
2026-07-27 22:40:24,678 INFO: [000_U..][epoch:127, iter: 102,100, lr:(4.999e-05,3.499e-05,)] [eta: 11:36:45, time (data): 0.154 (0.002)] l_pix: 2.2115e-01 l_lpips: 2.0837e-01 
2026-07-27 22:40:40,369 INFO: [000_U..][epoch:127, iter: 102,200, lr:(4.999e-05,3.499e-05,)] [eta: 11:36:13, time (data): 0.157 (0.002)] l_pix: 1.1107e-01 l_lpips: 1.0443e-01 
2026-07-27 22:40:56,016 INFO: [000_U..][epoch:127, iter: 102,300, lr:(4.999e-05,3.499e-05,)] [eta: 11:35:42, time (data): 0.157 (0.002)] l_pix: 2.5094e-01 l_lpips: 2.3047e-01 
2026-07-27 22:41:11,599 INFO: [000_U..][epoch:127, iter: 102,400, lr:(4.999e-05,3.499e-05,)] [eta: 11:35:10, time (data): 0.156 (0.002)] l_pix: 1.8916e-01 l_lpips: 1.8164e-01 
2026-07-27 22:41:27,126 INFO: [000_U..][epoch:128, iter: 102,500, lr:(4.999e-05,3.499e-05,)] [eta: 11:34:38, time (data): 0.156 (0.003)] l_pix: 2.2547e-01 l_lpips: 2.0508e-01 
2026-07-27 22:41:42,983 INFO: [000_U..][epoch:128, iter: 102,600, lr:(4.999e-05,3.499e-05,)] [eta: 11:34:07, time (data): 0.159 (0.002)] l_pix: 2.3340e-01 l_lpips: 2.2668e-01 
2026-07-27 22:41:59,145 INFO: [000_U..][epoch:128, iter: 102,700, lr:(4.999e-05,3.499e-05,)] [eta: 11:33:36, time (data): 0.160 (0.002)] l_pix: 1.5204e-01 l_lpips: 1.4941e-01 
2026-07-27 22:42:15,129 INFO: [000_U..][epoch:128, iter: 102,800, lr:(4.999e-05,3.499e-05,)] [eta: 11:33:05, time (data): 0.160 (0.002)] l_pix: 2.1617e-01 l_lpips: 2.1265e-01 
2026-07-27 22:42:30,896 INFO: [000_U..][epoch:128, iter: 102,900, lr:(4.999e-05,3.499e-05,)] [eta: 11:32:34, time (data): 0.159 (0.002)] l_pix: 1.1885e-01 l_lpips: 1.1664e-01 
2026-07-27 22:42:47,201 INFO: [000_U..][epoch:128, iter: 103,000, lr:(4.999e-05,3.499e-05,)] [eta: 11:32:04, time (data): 0.163 (0.002)] l_pix: 2.4546e-01 l_lpips: 2.3914e-01 
2026-07-27 22:43:03,154 INFO: [000_U..][epoch:128, iter: 103,100, lr:(4.999e-05,3.499e-05,)] [eta: 11:31:33, time (data): 0.161 (0.002)] l_pix: 1.6241e-01 l_lpips: 1.4941e-01 
2026-07-27 22:43:18,866 INFO: [000_U..][epoch:128, iter: 103,200, lr:(4.999e-05,3.499e-05,)] [eta: 11:31:02, time (data): 0.157 (0.002)] l_pix: 1.8011e-01 l_lpips: 1.7261e-01 
2026-07-27 22:43:34,726 INFO: [000_U..][epoch:129, iter: 103,300, lr:(4.999e-05,3.499e-05,)] [eta: 11:30:31, time (data): 0.158 (0.003)] l_pix: 1.5219e-01 l_lpips: 1.4478e-01 
2026-07-27 22:43:50,446 INFO: [000_U..][epoch:129, iter: 103,400, lr:(4.999e-05,3.499e-05,)] [eta: 11:30:00, time (data): 0.156 (0.002)] l_pix: 8.8605e-02 l_lpips: 8.5754e-02 
2026-07-27 22:44:06,142 INFO: [000_U..][epoch:129, iter: 103,500, lr:(4.999e-05,3.499e-05,)] [eta: 11:29:28, time (data): 0.157 (0.002)] l_pix: 1.9018e-01 l_lpips: 1.8201e-01 
2026-07-27 22:44:21,695 INFO: [000_U..][epoch:129, iter: 103,600, lr:(4.999e-05,3.499e-05,)] [eta: 11:28:57, time (data): 0.155 (0.002)] l_pix: 6.2342e-02 l_lpips: 5.9753e-02 
2026-07-27 22:44:37,475 INFO: [000_U..][epoch:129, iter: 103,700, lr:(4.999e-05,3.499e-05,)] [eta: 11:28:26, time (data): 0.157 (0.002)] l_pix: 3.1227e-01 l_lpips: 3.0078e-01 
2026-07-27 22:44:54,029 INFO: [000_U..][epoch:129, iter: 103,800, lr:(4.999e-05,3.499e-05,)] [eta: 11:27:56, time (data): 0.167 (0.002)] l_pix: 2.1676e-01 l_lpips: 2.1301e-01 
2026-07-27 22:45:10,151 INFO: [000_U..][epoch:129, iter: 103,900, lr:(4.999e-05,3.499e-05,)] [eta: 11:27:26, time (data): 0.164 (0.002)] l_pix: 1.8976e-01 l_lpips: 1.8591e-01 
2026-07-27 22:45:26,128 INFO: [000_U..][epoch:129, iter: 104,000, lr:(4.999e-05,3.499e-05,)] [eta: 11:26:55, time (data): 0.160 (0.002)] l_pix: 1.0392e-01 l_lpips: 9.7717e-02 
2026-07-27 22:45:42,260 INFO: [000_U..][epoch:130, iter: 104,100, lr:(4.999e-05,3.499e-05,)] [eta: 11:26:25, time (data): 0.161 (0.003)] l_pix: 1.8578e-01 l_lpips: 1.7749e-01 
2026-07-27 22:45:57,880 INFO: [000_U..][epoch:130, iter: 104,200, lr:(4.999e-05,3.499e-05,)] [eta: 11:25:54, time (data): 0.156 (0.002)] l_pix: 2.4123e-01 l_lpips: 2.1582e-01 
2026-07-27 22:46:13,475 INFO: [000_U..][epoch:130, iter: 104,300, lr:(4.999e-05,3.499e-05,)] [eta: 11:25:23, time (data): 0.156 (0.002)] l_pix: 2.2445e-01 l_lpips: 1.9702e-01 
2026-07-27 22:46:29,130 INFO: [000_U..][epoch:130, iter: 104,400, lr:(4.999e-05,3.499e-05,)] [eta: 11:24:52, time (data): 0.157 (0.002)] l_pix: 8.6055e-02 l_lpips: 8.0444e-02 
2026-07-27 22:46:44,476 INFO: [000_U..][epoch:130, iter: 104,500, lr:(4.999e-05,3.499e-05,)] [eta: 11:24:20, time (data): 0.155 (0.002)] l_pix: 1.8849e-01 l_lpips: 1.8127e-01 
2026-07-27 22:46:59,828 INFO: [000_U..][epoch:130, iter: 104,600, lr:(4.999e-05,3.499e-05,)] [eta: 11:23:49, time (data): 0.154 (0.002)] l_pix: 2.1342e-01 l_lpips: 2.0264e-01 
2026-07-27 22:47:15,204 INFO: [000_U..][epoch:130, iter: 104,700, lr:(4.999e-05,3.499e-05,)] [eta: 11:23:17, time (data): 0.154 (0.002)] l_pix: 5.9882e-02 l_lpips: 5.7922e-02 
2026-07-27 22:47:30,957 INFO: [000_U..][epoch:130, iter: 104,800, lr:(4.999e-05,3.499e-05,)] [eta: 11:22:46, time (data): 0.158 (0.002)] l_pix: 2.0355e-01 l_lpips: 1.9885e-01 
2026-07-27 22:47:47,162 INFO: [000_U..][epoch:131, iter: 104,900, lr:(4.999e-05,3.499e-05,)] [eta: 11:22:16, time (data): 0.160 (0.003)] l_pix: 6.7032e-02 l_lpips: 6.4514e-02 
2026-07-27 22:48:02,578 INFO: [000_U..][epoch:131, iter: 105,000, lr:(4.999e-05,3.499e-05,)] [eta: 11:21:45, time (data): 0.153 (0.002)] l_pix: 1.8849e-01 l_lpips: 1.8213e-01 
2026-07-27 22:52:32,995 INFO: Validation RealSRV3
	 # psnr: 24.0430	Best: 24.0430 @ 105000 iter
	 # ssim: 0.6814	Best: 0.6814 @ 105000 iter
	 # lpips: 0.3614	Best: 0.3614 @ 105000 iter

2026-07-27 22:52:48,725 INFO: [000_U..][epoch:131, iter: 105,100, lr:(4.999e-05,3.499e-05,)] [eta: 11:29:36, time (data): 0.155 (0.002)] l_pix: 1.4276e-01 l_lpips: 1.4075e-01 
2026-07-27 22:53:04,355 INFO: [000_U..][epoch:131, iter: 105,200, lr:(4.999e-05,3.499e-05,)] [eta: 11:29:04, time (data): 0.157 (0.002)] l_pix: 6.7257e-02 l_lpips: 6.0974e-02 
2026-07-27 22:53:19,821 INFO: [000_U..][epoch:131, iter: 105,300, lr:(4.999e-05,3.499e-05,)] [eta: 11:28:32, time (data): 0.156 (0.002)] l_pix: 1.6874e-01 l_lpips: 1.6125e-01 
2026-07-27 22:53:35,457 INFO: [000_U..][epoch:131, iter: 105,400, lr:(4.999e-05,3.499e-05,)] [eta: 11:28:01, time (data): 0.156 (0.002)] l_pix: 2.5135e-01 l_lpips: 2.3877e-01 
2026-07-27 22:53:51,467 INFO: [000_U..][epoch:131, iter: 105,500, lr:(4.999e-05,3.499e-05,)] [eta: 11:27:30, time (data): 0.158 (0.002)] l_pix: 1.9348e-01 l_lpips: 1.8201e-01 
2026-07-27 22:54:07,446 INFO: [000_U..][epoch:131, iter: 105,600, lr:(4.999e-05,3.499e-05,)] [eta: 11:26:59, time (data): 0.160 (0.002)] l_pix: 1.3778e-01 l_lpips: 1.3208e-01 
2026-07-27 22:54:23,166 INFO: [000_U..][epoch:132, iter: 105,700, lr:(4.999e-05,3.499e-05,)] [eta: 11:26:28, time (data): 0.159 (0.003)] l_pix: 1.7722e-01 l_lpips: 1.7139e-01 
2026-07-27 22:54:39,050 INFO: [000_U..][epoch:132, iter: 105,800, lr:(4.999e-05,3.499e-05,)] [eta: 11:25:57, time (data): 0.160 (0.002)] l_pix: 2.2604e-01 l_lpips: 2.1277e-01 
2026-07-27 22:54:55,284 INFO: [000_U..][epoch:132, iter: 105,900, lr:(4.999e-05,3.499e-05,)] [eta: 11:25:27, time (data): 0.161 (0.002)] l_pix: 1.7972e-01 l_lpips: 1.7383e-01 
2026-07-27 22:55:10,657 INFO: [000_U..][epoch:132, iter: 106,000, lr:(4.999e-05,3.499e-05,)] [eta: 11:24:55, time (data): 0.154 (0.002)] l_pix: 1.9156e-01 l_lpips: 1.7981e-01 
2026-07-27 22:55:26,521 INFO: [000_U..][epoch:132, iter: 106,100, lr:(4.999e-05,3.499e-05,)] [eta: 11:24:24, time (data): 0.157 (0.002)] l_pix: 2.3745e-01 l_lpips: 2.1094e-01 
2026-07-27 22:55:42,447 INFO: [000_U..][epoch:132, iter: 106,200, lr:(4.999e-05,3.499e-05,)] [eta: 11:23:53, time (data): 0.159 (0.002)] l_pix: 1.1678e-01 l_lpips: 1.1401e-01 
2026-07-27 22:55:58,103 INFO: [000_U..][epoch:132, iter: 106,300, lr:(4.999e-05,3.499e-05,)] [eta: 11:23:22, time (data): 0.158 (0.002)] l_pix: 8.1162e-02 l_lpips: 7.6050e-02 
2026-07-27 22:56:13,711 INFO: [000_U..][epoch:132, iter: 106,400, lr:(4.999e-05,3.499e-05,)] [eta: 11:22:51, time (data): 0.156 (0.002)] l_pix: 2.2381e-01 l_lpips: 2.0581e-01 
2026-07-27 22:56:30,343 INFO: [000_U..][epoch:133, iter: 106,500, lr:(4.999e-05,3.499e-05,)] [eta: 11:22:21, time (data): 0.162 (0.003)] l_pix: 2.7128e-01 l_lpips: 2.5903e-01 
2026-07-27 22:56:46,692 INFO: [000_U..][epoch:133, iter: 106,600, lr:(4.999e-05,3.499e-05,)] [eta: 11:21:51, time (data): 0.163 (0.002)] l_pix: 2.6399e-01 l_lpips: 2.5098e-01 
2026-07-27 22:57:02,969 INFO: [000_U..][epoch:133, iter: 106,700, lr:(4.999e-05,3.499e-05,)] [eta: 11:21:21, time (data): 0.163 (0.002)] l_pix: 9.0365e-02 l_lpips: 8.6365e-02 
2026-07-27 22:57:19,308 INFO: [000_U..][epoch:133, iter: 106,800, lr:(4.999e-05,3.499e-05,)] [eta: 11:20:52, time (data): 0.164 (0.002)] l_pix: 2.3809e-01 l_lpips: 2.1558e-01 
2026-07-27 22:57:35,816 INFO: [000_U..][epoch:133, iter: 106,900, lr:(4.999e-05,3.499e-05,)] [eta: 11:20:22, time (data): 0.165 (0.002)] l_pix: 1.3013e-01 l_lpips: 1.2756e-01 
2026-07-27 22:57:51,760 INFO: [000_U..][epoch:133, iter: 107,000, lr:(4.999e-05,3.499e-05,)] [eta: 11:19:52, time (data): 0.157 (0.002)] l_pix: 2.4605e-01 l_lpips: 2.3059e-01 
2026-07-27 22:58:07,415 INFO: [000_U..][epoch:133, iter: 107,100, lr:(4.999e-05,3.499e-05,)] [eta: 11:19:21, time (data): 0.157 (0.002)] l_pix: 1.0568e-01 l_lpips: 1.0199e-01 
2026-07-27 22:58:23,301 INFO: [000_U..][epoch:133, iter: 107,200, lr:(4.999e-05,3.499e-05,)] [eta: 11:18:50, time (data): 0.159 (0.002)] l_pix: 2.1193e-01 l_lpips: 1.9580e-01 
2026-07-27 22:58:39,371 INFO: [000_U..][epoch:134, iter: 107,300, lr:(4.999e-05,3.499e-05,)] [eta: 11:18:20, time (data): 0.160 (0.003)] l_pix: 1.7133e-01 l_lpips: 1.7004e-01 
2026-07-27 22:58:55,038 INFO: [000_U..][epoch:134, iter: 107,400, lr:(4.999e-05,3.499e-05,)] [eta: 11:17:49, time (data): 0.155 (0.002)] l_pix: 1.6277e-01 l_lpips: 1.5796e-01 
2026-07-27 22:59:10,584 INFO: [000_U..][epoch:134, iter: 107,500, lr:(4.999e-05,3.499e-05,)] [eta: 11:17:18, time (data): 0.155 (0.002)] l_pix: 2.3771e-01 l_lpips: 2.0630e-01 
2026-07-27 22:59:25,976 INFO: [000_U..][epoch:134, iter: 107,600, lr:(4.999e-05,3.499e-05,)] [eta: 11:16:46, time (data): 0.154 (0.002)] l_pix: 2.6270e-01 l_lpips: 2.5098e-01 
2026-07-27 22:59:41,539 INFO: [000_U..][epoch:134, iter: 107,700, lr:(4.999e-05,3.499e-05,)] [eta: 11:16:15, time (data): 0.155 (0.002)] l_pix: 2.4360e-01 l_lpips: 2.1545e-01 
2026-07-27 22:59:57,129 INFO: [000_U..][epoch:134, iter: 107,800, lr:(4.999e-05,3.499e-05,)] [eta: 11:15:45, time (data): 0.156 (0.002)] l_pix: 2.3519e-01 l_lpips: 2.2510e-01 
2026-07-27 23:00:12,884 INFO: [000_U..][epoch:134, iter: 107,900, lr:(4.999e-05,3.499e-05,)] [eta: 11:15:14, time (data): 0.157 (0.002)] l_pix: 2.3514e-01 l_lpips: 2.1924e-01 
2026-07-27 23:00:28,204 INFO: [000_U..][epoch:134, iter: 108,000, lr:(4.999e-05,3.499e-05,)] [eta: 11:14:43, time (data): 0.153 (0.002)] l_pix: 2.2143e-01 l_lpips: 2.1997e-01 
2026-07-27 23:00:44,147 INFO: [000_U..][epoch:135, iter: 108,100, lr:(4.999e-05,3.499e-05,)] [eta: 11:14:12, time (data): 0.157 (0.003)] l_pix: 2.6136e-01 l_lpips: 2.4365e-01 
2026-07-27 23:00:59,743 INFO: [000_U..][epoch:135, iter: 108,200, lr:(4.999e-05,3.499e-05,)] [eta: 11:13:42, time (data): 0.156 (0.002)] l_pix: 2.5510e-01 l_lpips: 2.4194e-01 
2026-07-27 23:01:15,355 INFO: [000_U..][epoch:135, iter: 108,300, lr:(4.999e-05,3.499e-05,)] [eta: 11:13:11, time (data): 0.156 (0.002)] l_pix: 2.4615e-01 l_lpips: 2.3730e-01 
2026-07-27 23:01:30,958 INFO: [000_U..][epoch:135, iter: 108,400, lr:(4.999e-05,3.499e-05,)] [eta: 11:12:40, time (data): 0.156 (0.002)] l_pix: 1.2865e-01 l_lpips: 1.2317e-01 
2026-07-27 23:01:46,613 INFO: [000_U..][epoch:135, iter: 108,500, lr:(4.999e-05,3.499e-05,)] [eta: 11:12:09, time (data): 0.156 (0.002)] l_pix: 1.2487e-01 l_lpips: 1.0718e-01 
2026-07-27 23:02:01,896 INFO: [000_U..][epoch:135, iter: 108,600, lr:(4.999e-05,3.499e-05,)] [eta: 11:11:38, time (data): 0.153 (0.002)] l_pix: 2.2428e-01 l_lpips: 2.1521e-01 
2026-07-27 23:02:17,382 INFO: [000_U..][epoch:135, iter: 108,700, lr:(4.999e-05,3.499e-05,)] [eta: 11:11:07, time (data): 0.154 (0.002)] l_pix: 2.8834e-02 l_lpips: 2.6794e-02 
2026-07-27 23:02:32,947 INFO: [000_U..][epoch:135, iter: 108,800, lr:(4.999e-05,3.499e-05,)] [eta: 11:10:37, time (data): 0.156 (0.002)] l_pix: 2.2524e-01 l_lpips: 2.0959e-01 
2026-07-27 23:02:48,687 INFO: [000_U..][epoch:136, iter: 108,900, lr:(4.999e-05,3.499e-05,)] [eta: 11:10:06, time (data): 0.157 (0.003)] l_pix: 1.9907e-01 l_lpips: 1.8335e-01 
2026-07-27 23:03:03,971 INFO: [000_U..][epoch:136, iter: 109,000, lr:(4.999e-05,3.499e-05,)] [eta: 11:09:35, time (data): 0.153 (0.002)] l_pix: 9.5473e-02 l_lpips: 9.3872e-02 
2026-07-27 23:03:19,499 INFO: [000_U..][epoch:136, iter: 109,100, lr:(4.999e-05,3.499e-05,)] [eta: 11:09:05, time (data): 0.154 (0.002)] l_pix: 2.4752e-01 l_lpips: 2.3853e-01 
2026-07-27 23:03:35,110 INFO: [000_U..][epoch:136, iter: 109,200, lr:(4.999e-05,3.499e-05,)] [eta: 11:08:34, time (data): 0.156 (0.002)] l_pix: 2.0509e-01 l_lpips: 2.0239e-01 
2026-07-27 23:03:50,798 INFO: [000_U..][epoch:136, iter: 109,300, lr:(4.999e-05,3.499e-05,)] [eta: 11:08:04, time (data): 0.157 (0.002)] l_pix: 2.8533e-01 l_lpips: 2.4670e-01 
2026-07-27 23:04:06,423 INFO: [000_U..][epoch:136, iter: 109,400, lr:(4.999e-05,3.499e-05,)] [eta: 11:07:33, time (data): 0.156 (0.002)] l_pix: 2.0656e-01 l_lpips: 1.9458e-01 
2026-07-27 23:04:22,044 INFO: [000_U..][epoch:136, iter: 109,500, lr:(4.999e-05,3.499e-05,)] [eta: 11:07:03, time (data): 0.156 (0.002)] l_pix: 2.4246e-01 l_lpips: 2.2168e-01 
2026-07-27 23:04:37,537 INFO: [000_U..][epoch:136, iter: 109,600, lr:(4.999e-05,3.499e-05,)] [eta: 11:06:32, time (data): 0.154 (0.002)] l_pix: 2.3640e-01 l_lpips: 2.2668e-01 
2026-07-27 23:04:53,177 INFO: [000_U..][epoch:137, iter: 109,700, lr:(4.999e-05,3.499e-05,)] [eta: 11:06:02, time (data): 0.156 (0.003)] l_pix: 1.4281e-01 l_lpips: 1.4136e-01 
2026-07-27 23:05:08,773 INFO: [000_U..][epoch:137, iter: 109,800, lr:(4.999e-05,3.499e-05,)] [eta: 11:05:32, time (data): 0.154 (0.002)] l_pix: 1.3830e-01 l_lpips: 1.2866e-01 
2026-07-27 23:05:24,689 INFO: [000_U..][epoch:137, iter: 109,900, lr:(4.999e-05,3.499e-05,)] [eta: 11:05:02, time (data): 0.157 (0.002)] l_pix: 1.9252e-01 l_lpips: 1.8628e-01 
2026-07-27 23:05:40,330 INFO: [000_U..][epoch:137, iter: 110,000, lr:(4.999e-05,3.499e-05,)] [eta: 11:04:32, time (data): 0.157 (0.002)] l_pix: 2.6743e-01 l_lpips: 2.6489e-01 
2026-07-27 23:05:40,330 INFO: Saving models and training states.
2026-07-27 23:10:13,673 INFO: Validation RealSRV3
	 # psnr: 24.0871	Best: 24.0871 @ 110000 iter
	 # ssim: 0.6816	Best: 0.6816 @ 110000 iter
	 # lpips: 0.3548	Best: 0.3548 @ 110000 iter

2026-07-27 23:10:29,003 INFO: [000_U..][epoch:137, iter: 110,100, lr:(4.999e-05,3.499e-05,)] [eta: 11:11:52, time (data): 0.154 (0.002)] l_pix: 2.2661e-01 l_lpips: 2.1765e-01 
2026-07-27 23:10:44,596 INFO: [000_U..][epoch:137, iter: 110,200, lr:(4.999e-05,3.499e-05,)] [eta: 11:11:21, time (data): 0.156 (0.002)] l_pix: 1.0949e-01 l_lpips: 1.0242e-01 
2026-07-27 23:11:00,078 INFO: [000_U..][epoch:137, iter: 110,300, lr:(4.999e-05,3.499e-05,)] [eta: 11:10:50, time (data): 0.155 (0.002)] l_pix: 2.0399e-01 l_lpips: 1.9092e-01 
2026-07-27 23:11:15,303 INFO: [000_U..][epoch:137, iter: 110,400, lr:(4.999e-05,3.499e-05,)] [eta: 11:10:19, time (data): 0.152 (0.002)] l_pix: 1.7945e-01 l_lpips: 1.7200e-01 
2026-07-27 23:11:31,314 INFO: [000_U..][epoch:138, iter: 110,500, lr:(4.999e-05,3.499e-05,)] [eta: 11:09:49, time (data): 0.157 (0.004)] l_pix: 7.0759e-02 l_lpips: 6.6650e-02 
2026-07-27 23:11:46,569 INFO: [000_U..][epoch:138, iter: 110,600, lr:(4.999e-05,3.499e-05,)] [eta: 11:09:17, time (data): 0.152 (0.002)] l_pix: 1.1771e-01 l_lpips: 1.1163e-01 
2026-07-27 23:12:02,481 INFO: [000_U..][epoch:138, iter: 110,700, lr:(4.999e-05,3.499e-05,)] [eta: 11:08:47, time (data): 0.157 (0.002)] l_pix: 2.5516e-01 l_lpips: 2.4194e-01 
2026-07-27 23:12:19,299 INFO: [000_U..][epoch:138, iter: 110,800, lr:(4.999e-05,3.499e-05,)] [eta: 11:08:18, time (data): 0.166 (0.002)] l_pix: 1.8542e-01 l_lpips: 1.8018e-01 
2026-07-27 23:12:35,911 INFO: [000_U..][epoch:138, iter: 110,900, lr:(4.999e-05,3.499e-05,)] [eta: 11:07:49, time (data): 0.166 (0.002)] l_pix: 2.2889e-01 l_lpips: 2.2021e-01 
2026-07-27 23:12:51,696 INFO: [000_U..][epoch:138, iter: 111,000, lr:(4.999e-05,3.499e-05,)] [eta: 11:07:19, time (data): 0.159 (0.002)] l_pix: 1.1688e-01 l_lpips: 1.1487e-01 
2026-07-27 23:13:07,483 INFO: [000_U..][epoch:138, iter: 111,100, lr:(4.999e-05,3.499e-05,)] [eta: 11:06:49, time (data): 0.158 (0.002)] l_pix: 2.3794e-01 l_lpips: 2.3486e-01 
2026-07-27 23:13:23,159 INFO: [000_U..][epoch:138, iter: 111,200, lr:(4.999e-05,3.499e-05,)] [eta: 11:06:18, time (data): 0.155 (0.002)] l_pix: 9.2589e-02 l_lpips: 8.9600e-02 
2026-07-27 23:13:38,902 INFO: [000_U..][epoch:139, iter: 111,300, lr:(4.999e-05,3.499e-05,)] [eta: 11:05:48, time (data): 0.157 (0.003)] l_pix: 2.6863e-01 l_lpips: 2.5439e-01 
2026-07-27 23:13:54,363 INFO: [000_U..][epoch:139, iter: 111,400, lr:(4.999e-05,3.499e-05,)] [eta: 11:05:17, time (data): 0.156 (0.002)] l_pix: 1.4455e-01 l_lpips: 1.3770e-01 
2026-07-27 23:14:09,697 INFO: [000_U..][epoch:139, iter: 111,500, lr:(4.999e-05,3.499e-05,)] [eta: 11:04:46, time (data): 0.154 (0.002)] l_pix: 2.5293e-01 l_lpips: 2.3779e-01 
2026-07-27 23:14:24,995 INFO: [000_U..][epoch:139, iter: 111,600, lr:(4.999e-05,3.499e-05,)] [eta: 11:04:15, time (data): 0.153 (0.002)] l_pix: 6.3495e-02 l_lpips: 5.7098e-02 
2026-07-27 23:14:40,477 INFO: [000_U..][epoch:139, iter: 111,700, lr:(4.999e-05,3.499e-05,)] [eta: 11:03:44, time (data): 0.154 (0.002)] l_pix: 2.5044e-01 l_lpips: 2.4243e-01 
2026-07-27 23:14:56,507 INFO: [000_U..][epoch:139, iter: 111,800, lr:(4.999e-05,3.499e-05,)] [eta: 11:03:14, time (data): 0.162 (0.002)] l_pix: 1.9152e-01 l_lpips: 1.8677e-01 
2026-07-27 23:15:12,266 INFO: [000_U..][epoch:139, iter: 111,900, lr:(4.999e-05,3.499e-05,)] [eta: 11:02:44, time (data): 0.159 (0.002)] l_pix: 9.7824e-02 l_lpips: 9.6069e-02 
2026-07-27 23:15:28,337 INFO: [000_U..][epoch:139, iter: 112,000, lr:(4.999e-05,3.499e-05,)] [eta: 11:02:14, time (data): 0.169 (0.002)] l_pix: 4.4129e-02 l_lpips: 4.1687e-02 
2026-07-27 23:15:44,681 INFO: [000_U..][epoch:140, iter: 112,100, lr:(4.999e-05,3.499e-05,)] [eta: 11:01:45, time (data): 0.165 (0.003)] l_pix: 1.6292e-01 l_lpips: 1.5991e-01 
2026-07-27 23:16:00,597 INFO: [000_U..][epoch:140, iter: 112,200, lr:(4.999e-05,3.499e-05,)] [eta: 11:01:15, time (data): 0.160 (0.002)] l_pix: 1.4322e-01 l_lpips: 1.3855e-01 
2026-07-27 23:16:16,694 INFO: [000_U..][epoch:140, iter: 112,300, lr:(4.999e-05,3.499e-05,)] [eta: 11:00:46, time (data): 0.161 (0.002)] l_pix: 1.8364e-01 l_lpips: 1.7725e-01 
2026-07-27 23:16:32,224 INFO: [000_U..][epoch:140, iter: 112,400, lr:(4.999e-05,3.499e-05,)] [eta: 11:00:15, time (data): 0.155 (0.002)] l_pix: 2.0731e-01 l_lpips: 1.9836e-01 
2026-07-27 23:16:48,012 INFO: [000_U..][epoch:140, iter: 112,500, lr:(4.999e-05,3.499e-05,)] [eta: 10:59:45, time (data): 0.157 (0.002)] l_pix: 2.7322e-01 l_lpips: 2.5781e-01 
2026-07-27 23:17:03,714 INFO: [000_U..][epoch:140, iter: 112,600, lr:(4.999e-05,3.499e-05,)] [eta: 10:59:15, time (data): 0.154 (0.002)] l_pix: 1.4977e-01 l_lpips: 1.4319e-01 
2026-07-27 23:17:19,498 INFO: [000_U..][epoch:140, iter: 112,700, lr:(4.999e-05,3.499e-05,)] [eta: 10:58:45, time (data): 0.157 (0.002)] l_pix: 2.3091e-01 l_lpips: 2.1875e-01 
2026-07-27 23:17:35,008 INFO: [000_U..][epoch:140, iter: 112,800, lr:(4.999e-05,3.499e-05,)] [eta: 10:58:15, time (data): 0.157 (0.002)] l_pix: 2.4535e-01 l_lpips: 2.2729e-01 
2026-07-27 23:17:50,878 INFO: [000_U..][epoch:141, iter: 112,900, lr:(4.999e-05,3.499e-05,)] [eta: 10:57:45, time (data): 0.158 (0.003)] l_pix: 1.9024e-01 l_lpips: 1.8579e-01 
2026-07-27 23:18:06,172 INFO: [000_U..][epoch:141, iter: 113,000, lr:(4.999e-05,3.499e-05,)] [eta: 10:57:14, time (data): 0.153 (0.002)] l_pix: 2.2223e-01 l_lpips: 2.0068e-01 
2026-07-27 23:18:21,680 INFO: [000_U..][epoch:141, iter: 113,100, lr:(4.999e-05,3.499e-05,)] [eta: 10:56:44, time (data): 0.155 (0.002)] l_pix: 2.3470e-01 l_lpips: 2.2192e-01 
2026-07-27 23:18:37,485 INFO: [000_U..][epoch:141, iter: 113,200, lr:(4.999e-05,3.499e-05,)] [eta: 10:56:14, time (data): 0.156 (0.002)] l_pix: 9.5576e-02 l_lpips: 9.3567e-02 
2026-07-27 23:18:52,878 INFO: [000_U..][epoch:141, iter: 113,300, lr:(4.999e-05,3.499e-05,)] [eta: 10:55:44, time (data): 0.155 (0.002)] l_pix: 1.9006e-01 l_lpips: 1.8286e-01 
2026-07-27 23:19:08,518 INFO: [000_U..][epoch:141, iter: 113,400, lr:(4.999e-05,3.499e-05,)] [eta: 10:55:14, time (data): 0.158 (0.002)] l_pix: 2.2470e-01 l_lpips: 2.0959e-01 
2026-07-27 23:19:24,326 INFO: [000_U..][epoch:141, iter: 113,500, lr:(4.999e-05,3.499e-05,)] [eta: 10:54:44, time (data): 0.158 (0.002)] l_pix: 1.9705e-01 l_lpips: 1.8738e-01 
2026-07-27 23:19:39,861 INFO: [000_U..][epoch:141, iter: 113,600, lr:(4.999e-05,3.499e-05,)] [eta: 10:54:14, time (data): 0.155 (0.002)] l_pix: 2.3602e-01 l_lpips: 2.2339e-01 
2026-07-27 23:19:55,688 INFO: [000_U..][epoch:142, iter: 113,700, lr:(4.999e-05,3.499e-05,)] [eta: 10:53:44, time (data): 0.157 (0.003)] l_pix: 1.9328e-01 l_lpips: 1.8286e-01 
2026-07-27 23:20:11,490 INFO: [000_U..][epoch:142, iter: 113,800, lr:(4.999e-05,3.499e-05,)] [eta: 10:53:15, time (data): 0.160 (0.002)] l_pix: 3.1455e-01 l_lpips: 3.1104e-01 
2026-07-27 23:20:27,207 INFO: [000_U..][epoch:142, iter: 113,900, lr:(4.999e-05,3.499e-05,)] [eta: 10:52:45, time (data): 0.158 (0.002)] l_pix: 2.5857e-01 l_lpips: 2.4634e-01 
2026-07-27 23:20:42,619 INFO: [000_U..][epoch:142, iter: 114,000, lr:(4.999e-05,3.499e-05,)] [eta: 10:52:15, time (data): 0.154 (0.002)] l_pix: 9.7968e-02 l_lpips: 8.5266e-02 
2026-07-27 23:20:58,309 INFO: [000_U..][epoch:142, iter: 114,100, lr:(4.999e-05,3.499e-05,)] [eta: 10:51:45, time (data): 0.156 (0.002)] l_pix: 2.3316e-01 l_lpips: 2.1936e-01 
2026-07-27 23:21:14,115 INFO: [000_U..][epoch:142, iter: 114,200, lr:(4.999e-05,3.499e-05,)] [eta: 10:51:15, time (data): 0.158 (0.002)] l_pix: 1.7201e-01 l_lpips: 1.6418e-01 
2026-07-27 23:21:29,695 INFO: [000_U..][epoch:142, iter: 114,300, lr:(4.999e-05,3.499e-05,)] [eta: 10:50:46, time (data): 0.156 (0.002)] l_pix: 2.2171e-01 l_lpips: 2.0435e-01 
2026-07-27 23:21:45,178 INFO: [000_U..][epoch:142, iter: 114,400, lr:(4.999e-05,3.499e-05,)] [eta: 10:50:16, time (data): 0.155 (0.002)] l_pix: 1.9816e-01 l_lpips: 1.9116e-01 
2026-07-27 23:22:00,912 INFO: [000_U..][epoch:143, iter: 114,500, lr:(4.999e-05,3.499e-05,)] [eta: 10:49:46, time (data): 0.157 (0.004)] l_pix: 1.7881e-01 l_lpips: 1.7078e-01 
2026-07-27 23:22:16,174 INFO: [000_U..][epoch:143, iter: 114,600, lr:(4.999e-05,3.499e-05,)] [eta: 10:49:16, time (data): 0.152 (0.002)] l_pix: 2.0553e-01 l_lpips: 1.8872e-01 
2026-07-27 23:22:31,426 INFO: [000_U..][epoch:143, iter: 114,700, lr:(4.999e-05,3.499e-05,)] [eta: 10:48:45, time (data): 0.152 (0.002)] l_pix: 2.7299e-01 l_lpips: 2.4231e-01 
2026-07-27 23:22:47,038 INFO: [000_U..][epoch:143, iter: 114,800, lr:(4.999e-05,3.499e-05,)] [eta: 10:48:16, time (data): 0.159 (0.002)] l_pix: 2.3258e-01 l_lpips: 2.2388e-01 
2026-07-27 23:23:02,540 INFO: [000_U..][epoch:143, iter: 114,900, lr:(4.999e-05,3.499e-05,)] [eta: 10:47:46, time (data): 0.156 (0.002)] l_pix: 1.2741e-01 l_lpips: 1.2476e-01 
2026-07-27 23:23:18,105 INFO: [000_U..][epoch:143, iter: 115,000, lr:(4.999e-05,3.499e-05,)] [eta: 10:47:16, time (data): 0.153 (0.002)] l_pix: 2.0375e-01 l_lpips: 1.9678e-01 
2026-07-27 23:27:52,771 INFO: Validation RealSRV3
	 # psnr: 24.0174	Best: 24.0871 @ 110000 iter
	 # ssim: 0.6837	Best: 0.6837 @ 115000 iter
	 # lpips: 0.3583	Best: 0.3548 @ 110000 iter

2026-07-27 23:28:08,085 INFO: [000_U..][epoch:143, iter: 115,100, lr:(4.999e-05,3.499e-05,)] [eta: 10:54:07, time (data): 0.153 (0.002)] l_pix: 1.2374e-01 l_lpips: 1.2006e-01 
2026-07-27 23:28:23,385 INFO: [000_U..][epoch:143, iter: 115,200, lr:(4.999e-05,3.499e-05,)] [eta: 10:53:36, time (data): 0.153 (0.002)] l_pix: 1.4142e-01 l_lpips: 1.2939e-01 
2026-07-27 23:28:39,467 INFO: [000_U..][epoch:144, iter: 115,300, lr:(4.999e-05,3.499e-05,)] [eta: 10:53:07, time (data): 0.159 (0.003)] l_pix: 9.9396e-02 l_lpips: 9.3994e-02 
2026-07-27 23:28:55,130 INFO: [000_U..][epoch:144, iter: 115,400, lr:(4.999e-05,3.499e-05,)] [eta: 10:52:37, time (data): 0.156 (0.002)] l_pix: 2.5849e-02 l_lpips: 2.3743e-02 
2026-07-27 23:29:10,695 INFO: [000_U..][epoch:144, iter: 115,500, lr:(4.999e-05,3.499e-05,)] [eta: 10:52:07, time (data): 0.156 (0.002)] l_pix: 6.0822e-02 l_lpips: 5.7495e-02 
2026-07-27 23:29:26,268 INFO: [000_U..][epoch:144, iter: 115,600, lr:(4.999e-05,3.499e-05,)] [eta: 10:51:36, time (data): 0.156 (0.002)] l_pix: 1.6977e-01 l_lpips: 1.6553e-01 
2026-07-27 23:29:41,847 INFO: [000_U..][epoch:144, iter: 115,700, lr:(4.999e-05,3.499e-05,)] [eta: 10:51:06, time (data): 0.156 (0.002)] l_pix: 1.4642e-01 l_lpips: 1.4392e-01 
2026-07-27 23:29:57,491 INFO: [000_U..][epoch:144, iter: 115,800, lr:(4.999e-05,3.499e-05,)] [eta: 10:50:36, time (data): 0.156 (0.002)] l_pix: 2.2357e-01 l_lpips: 2.1313e-01 
2026-07-27 23:30:12,958 INFO: [000_U..][epoch:144, iter: 115,900, lr:(4.999e-05,3.499e-05,)] [eta: 10:50:06, time (data): 0.155 (0.002)] l_pix: 1.9772e-01 l_lpips: 1.8823e-01 
2026-07-27 23:30:28,591 INFO: [000_U..][epoch:144, iter: 116,000, lr:(4.999e-05,3.499e-05,)] [eta: 10:49:36, time (data): 0.154 (0.002)] l_pix: 1.7682e-01 l_lpips: 1.7419e-01 
2026-07-27 23:30:44,306 INFO: [000_U..][epoch:145, iter: 116,100, lr:(4.999e-05,3.499e-05,)] [eta: 10:49:06, time (data): 0.157 (0.003)] l_pix: 1.7797e-01 l_lpips: 1.7261e-01 
2026-07-27 23:30:59,997 INFO: [000_U..][epoch:145, iter: 116,200, lr:(4.999e-05,3.499e-05,)] [eta: 10:48:36, time (data): 0.158 (0.002)] l_pix: 1.8095e-01 l_lpips: 1.6943e-01 
2026-07-27 23:31:15,309 INFO: [000_U..][epoch:145, iter: 116,300, lr:(4.999e-05,3.499e-05,)] [eta: 10:48:06, time (data): 0.154 (0.002)] l_pix: 2.5984e-01 l_lpips: 2.5049e-01 
2026-07-27 23:31:30,588 INFO: [000_U..][epoch:145, iter: 116,400, lr:(4.999e-05,3.499e-05,)] [eta: 10:47:35, time (data): 0.152 (0.002)] l_pix: 2.1065e-01 l_lpips: 2.0093e-01 
2026-07-27 23:31:45,882 INFO: [000_U..][epoch:145, iter: 116,500, lr:(4.999e-05,3.499e-05,)] [eta: 10:47:05, time (data): 0.153 (0.002)] l_pix: 2.6041e-01 l_lpips: 2.5391e-01 
2026-07-27 23:32:01,206 INFO: [000_U..][epoch:145, iter: 116,600, lr:(4.999e-05,3.499e-05,)] [eta: 10:46:35, time (data): 0.152 (0.002)] l_pix: 2.4464e-01 l_lpips: 2.3901e-01 
2026-07-27 23:32:16,549 INFO: [000_U..][epoch:145, iter: 116,700, lr:(4.999e-05,3.499e-05,)] [eta: 10:46:04, time (data): 0.153 (0.002)] l_pix: 2.9177e-02 l_lpips: 2.4109e-02 
2026-07-27 23:32:31,870 INFO: [000_U..][epoch:145, iter: 116,800, lr:(4.999e-05,3.499e-05,)] [eta: 10:45:34, time (data): 0.155 (0.002)] l_pix: 3.0445e-01 l_lpips: 2.8809e-01 
2026-07-27 23:32:47,731 INFO: [000_U..][epoch:146, iter: 116,900, lr:(4.999e-05,3.499e-05,)] [eta: 10:45:05, time (data): 0.158 (0.004)] l_pix: 1.9480e-01 l_lpips: 1.8774e-01 
2026-07-27 23:33:03,208 INFO: [000_U..][epoch:146, iter: 117,000, lr:(4.999e-05,3.499e-05,)] [eta: 10:44:35, time (data): 0.157 (0.002)] l_pix: 5.1246e-02 l_lpips: 4.7241e-02 
2026-07-27 23:33:18,918 INFO: [000_U..][epoch:146, iter: 117,100, lr:(4.999e-05,3.499e-05,)] [eta: 10:44:05, time (data): 0.157 (0.002)] l_pix: 2.8902e-01 l_lpips: 2.5195e-01 
2026-07-27 23:33:34,758 INFO: [000_U..][epoch:146, iter: 117,200, lr:(4.999e-05,3.499e-05,)] [eta: 10:43:36, time (data): 0.157 (0.002)] l_pix: 4.9338e-02 l_lpips: 4.6417e-02 
2026-07-27 23:33:50,572 INFO: [000_U..][epoch:146, iter: 117,300, lr:(4.999e-05,3.499e-05,)] [eta: 10:43:06, time (data): 0.158 (0.002)] l_pix: 7.4725e-02 l_lpips: 7.2998e-02 
2026-07-27 23:34:05,894 INFO: [000_U..][epoch:146, iter: 117,400, lr:(4.999e-05,3.499e-05,)] [eta: 10:42:36, time (data): 0.152 (0.002)] l_pix: 1.4060e-01 l_lpips: 1.2573e-01 
2026-07-27 23:34:21,283 INFO: [000_U..][epoch:146, iter: 117,500, lr:(4.999e-05,3.499e-05,)] [eta: 10:42:06, time (data): 0.154 (0.002)] l_pix: 2.3604e-01 l_lpips: 2.3352e-01 
2026-07-27 23:34:36,649 INFO: [000_U..][epoch:146, iter: 117,600, lr:(4.999e-05,3.499e-05,)] [eta: 10:41:36, time (data): 0.152 (0.002)] l_pix: 1.9628e-01 l_lpips: 1.9324e-01 
2026-07-27 23:34:52,269 INFO: [000_U..][epoch:147, iter: 117,700, lr:(4.999e-05,3.499e-05,)] [eta: 10:41:06, time (data): 0.156 (0.003)] l_pix: 2.7316e-01 l_lpips: 2.6733e-01 
2026-07-27 23:35:07,565 INFO: [000_U..][epoch:147, iter: 117,800, lr:(4.999e-05,3.499e-05,)] [eta: 10:40:36, time (data): 0.154 (0.002)] l_pix: 1.8371e-01 l_lpips: 1.7578e-01 
2026-07-27 23:35:23,264 INFO: [000_U..][epoch:147, iter: 117,900, lr:(4.999e-05,3.499e-05,)] [eta: 10:40:07, time (data): 0.157 (0.002)] l_pix: 2.5685e-01 l_lpips: 2.2412e-01 
2026-07-27 23:35:39,083 INFO: [000_U..][epoch:147, iter: 118,000, lr:(4.999e-05,3.499e-05,)] [eta: 10:39:38, time (data): 0.157 (0.002)] l_pix: 1.8963e-01 l_lpips: 1.8823e-01 
2026-07-27 23:35:54,563 INFO: [000_U..][epoch:147, iter: 118,100, lr:(4.999e-05,3.499e-05,)] [eta: 10:39:08, time (data): 0.155 (0.002)] l_pix: 2.3465e-01 l_lpips: 2.2119e-01 
2026-07-27 23:36:10,126 INFO: [000_U..][epoch:147, iter: 118,200, lr:(4.999e-05,3.499e-05,)] [eta: 10:38:38, time (data): 0.156 (0.002)] l_pix: 2.0629e-01 l_lpips: 2.0483e-01 
2026-07-27 23:36:25,640 INFO: [000_U..][epoch:147, iter: 118,300, lr:(4.999e-05,3.499e-05,)] [eta: 10:38:09, time (data): 0.155 (0.002)] l_pix: 2.3657e-01 l_lpips: 2.3181e-01 
2026-07-27 23:36:41,205 INFO: [000_U..][epoch:147, iter: 118,400, lr:(4.999e-05,3.499e-05,)] [eta: 10:37:39, time (data): 0.155 (0.002)] l_pix: 1.6453e-01 l_lpips: 1.5625e-01 
2026-07-27 23:36:57,571 INFO: [000_U..][epoch:148, iter: 118,500, lr:(4.999e-05,3.499e-05,)] [eta: 10:37:11, time (data): 0.163 (0.004)] l_pix: 2.6709e-01 l_lpips: 2.6465e-01 
2026-07-27 23:37:13,525 INFO: [000_U..][epoch:148, iter: 118,600, lr:(4.999e-05,3.499e-05,)] [eta: 10:36:42, time (data): 0.157 (0.002)] l_pix: 2.2903e-01 l_lpips: 2.1948e-01 
2026-07-27 23:37:29,215 INFO: [000_U..][epoch:148, iter: 118,700, lr:(4.999e-05,3.499e-05,)] [eta: 10:36:13, time (data): 0.157 (0.002)] l_pix: 1.1961e-01 l_lpips: 1.1584e-01 
2026-07-27 23:37:44,852 INFO: [000_U..][epoch:148, iter: 118,800, lr:(4.999e-05,3.499e-05,)] [eta: 10:35:44, time (data): 0.156 (0.002)] l_pix: 2.5437e-01 l_lpips: 2.4170e-01 
2026-07-27 23:38:00,392 INFO: [000_U..][epoch:148, iter: 118,900, lr:(4.999e-05,3.499e-05,)] [eta: 10:35:14, time (data): 0.155 (0.002)] l_pix: 1.1438e-01 l_lpips: 1.1127e-01 
2026-07-27 23:38:15,868 INFO: [000_U..][epoch:148, iter: 119,000, lr:(4.999e-05,3.499e-05,)] [eta: 10:34:45, time (data): 0.152 (0.002)] l_pix: 2.7096e-01 l_lpips: 2.6758e-01 
2026-07-27 23:38:31,087 INFO: [000_U..][epoch:148, iter: 119,100, lr:(4.999e-05,3.499e-05,)] [eta: 10:34:15, time (data): 0.152 (0.002)] l_pix: 2.6427e-01 l_lpips: 2.5879e-01 
2026-07-27 23:38:46,468 INFO: [000_U..][epoch:148, iter: 119,200, lr:(4.999e-05,3.499e-05,)] [eta: 10:33:45, time (data): 0.156 (0.002)] l_pix: 1.6249e-01 l_lpips: 1.4941e-01 
2026-07-27 23:39:02,213 INFO: [000_U..][epoch:149, iter: 119,300, lr:(4.999e-05,3.499e-05,)] [eta: 10:33:16, time (data): 0.157 (0.004)] l_pix: 1.6818e-01 l_lpips: 1.6272e-01 
2026-07-27 23:39:17,528 INFO: [000_U..][epoch:149, iter: 119,400, lr:(4.999e-05,3.499e-05,)] [eta: 10:32:46, time (data): 0.153 (0.002)] l_pix: 2.0267e-01 l_lpips: 1.9629e-01 
2026-07-27 23:39:32,862 INFO: [000_U..][epoch:149, iter: 119,500, lr:(4.999e-05,3.499e-05,)] [eta: 10:32:17, time (data): 0.153 (0.002)] l_pix: 5.5172e-02 l_lpips: 5.2612e-02 
2026-07-27 23:39:48,192 INFO: [000_U..][epoch:149, iter: 119,600, lr:(4.999e-05,3.499e-05,)] [eta: 10:31:47, time (data): 0.153 (0.002)] l_pix: 2.0026e-01 l_lpips: 1.8677e-01 
2026-07-27 23:40:03,596 INFO: [000_U..][epoch:149, iter: 119,700, lr:(4.999e-05,3.499e-05,)] [eta: 10:31:18, time (data): 0.154 (0.002)] l_pix: 8.8359e-02 l_lpips: 8.7219e-02 
2026-07-27 23:40:18,904 INFO: [000_U..][epoch:149, iter: 119,800, lr:(4.999e-05,3.499e-05,)] [eta: 10:30:48, time (data): 0.152 (0.002)] l_pix: 2.4684e-01 l_lpips: 2.3267e-01 
2026-07-27 23:40:34,200 INFO: [000_U..][epoch:149, iter: 119,900, lr:(4.999e-05,3.499e-05,)] [eta: 10:30:19, time (data): 0.153 (0.002)] l_pix: 2.2268e-02 l_lpips: 2.0416e-02 
2026-07-27 23:40:49,671 INFO: [000_U..][epoch:149, iter: 120,000, lr:(4.999e-05,3.499e-05,)] [eta: 10:29:49, time (data): 0.152 (0.002)] l_pix: 2.1966e-01 l_lpips: 2.0337e-01 
2026-07-27 23:40:49,672 INFO: Saving models and training states.
2026-07-27 23:45:20,199 INFO: Validation RealSRV3
	 # psnr: 24.0678	Best: 24.0871 @ 110000 iter
	 # ssim: 0.6807	Best: 0.6837 @ 115000 iter
	 # lpips: 0.3527	Best: 0.3527 @ 120000 iter

2026-07-27 23:45:36,070 INFO: [000_U..][epoch:150, iter: 120,100, lr:(4.999e-05,3.499e-05,)] [eta: 10:36:06, time (data): 0.158 (0.005)] l_pix: 3.0239e-01 l_lpips: 2.9370e-01 
2026-07-27 23:45:51,484 INFO: [000_U..][epoch:150, iter: 120,200, lr:(4.999e-05,3.499e-05,)] [eta: 10:35:36, time (data): 0.158 (0.002)] l_pix: 1.1279e-01 l_lpips: 1.0962e-01 
2026-07-27 23:46:06,765 INFO: [000_U..][epoch:150, iter: 120,300, lr:(4.999e-05,3.499e-05,)] [eta: 10:35:06, time (data): 0.153 (0.002)] l_pix: 1.7721e-01 l_lpips: 1.6406e-01 
2026-07-27 23:46:22,057 INFO: [000_U..][epoch:150, iter: 120,400, lr:(4.999e-05,3.499e-05,)] [eta: 10:34:36, time (data): 0.152 (0.002)] l_pix: 2.0573e-01 l_lpips: 1.8628e-01 
2026-07-27 23:46:37,383 INFO: [000_U..][epoch:150, iter: 120,500, lr:(4.999e-05,3.499e-05,)] [eta: 10:34:06, time (data): 0.153 (0.002)] l_pix: 1.4030e-01 l_lpips: 1.2891e-01 
2026-07-27 23:46:52,744 INFO: [000_U..][epoch:150, iter: 120,600, lr:(4.999e-05,3.499e-05,)] [eta: 10:33:36, time (data): 0.153 (0.002)] l_pix: 1.5391e-01 l_lpips: 1.4868e-01 
2026-07-27 23:47:08,038 INFO: [000_U..][epoch:150, iter: 120,700, lr:(4.999e-05,3.499e-05,)] [eta: 10:33:06, time (data): 0.153 (0.002)] l_pix: 9.2749e-02 l_lpips: 9.0210e-02 
2026-07-27 23:47:23,564 INFO: [000_U..][epoch:150, iter: 120,800, lr:(4.999e-05,3.499e-05,)] [eta: 10:32:36, time (data): 0.154 (0.002)] l_pix: 7.0452e-02 l_lpips: 6.6833e-02 
2026-07-27 23:47:39,540 INFO: [000_U..][epoch:151, iter: 120,900, lr:(4.999e-05,3.499e-05,)] [eta: 10:32:08, time (data): 0.157 (0.002)] l_pix: 1.8122e-01 l_lpips: 1.7725e-01 
2026-07-27 23:47:55,167 INFO: [000_U..][epoch:151, iter: 121,000, lr:(4.999e-05,3.499e-05,)] [eta: 10:31:38, time (data): 0.157 (0.002)] l_pix: 2.9326e-01 l_lpips: 2.6074e-01 
2026-07-27 23:48:10,920 INFO: [000_U..][epoch:151, iter: 121,100, lr:(4.999e-05,3.499e-05,)] [eta: 10:31:09, time (data): 0.158 (0.002)] l_pix: 1.7994e-01 l_lpips: 1.7358e-01 
2026-07-27 23:48:26,596 INFO: [000_U..][epoch:151, iter: 121,200, lr:(4.999e-05,3.499e-05,)] [eta: 10:30:40, time (data): 0.157 (0.002)] l_pix: 4.7818e-02 l_lpips: 4.5837e-02 
2026-07-27 23:48:42,435 INFO: [000_U..][epoch:151, iter: 121,300, lr:(4.999e-05,3.499e-05,)] [eta: 10:30:11, time (data): 0.158 (0.002)] l_pix: 1.0465e-01 l_lpips: 1.0297e-01 
2026-07-27 23:48:58,181 INFO: [000_U..][epoch:151, iter: 121,400, lr:(4.999e-05,3.499e-05,)] [eta: 10:29:42, time (data): 0.158 (0.002)] l_pix: 1.1338e-01 l_lpips: 1.0901e-01 
2026-07-27 23:49:13,639 INFO: [000_U..][epoch:151, iter: 121,500, lr:(4.999e-05,3.499e-05,)] [eta: 10:29:12, time (data): 0.155 (0.002)] l_pix: 4.7038e-02 l_lpips: 4.5166e-02 
2026-07-27 23:49:28,953 INFO: [000_U..][epoch:151, iter: 121,600, lr:(4.999e-05,3.499e-05,)] [eta: 10:28:42, time (data): 0.154 (0.002)] l_pix: 7.7085e-02 l_lpips: 7.3914e-02 
2026-07-27 23:49:45,094 INFO: [000_U..][epoch:152, iter: 121,700, lr:(4.999e-05,3.499e-05,)] [eta: 10:28:14, time (data): 0.158 (0.002)] l_pix: 1.3973e-01 l_lpips: 1.3684e-01 
2026-07-27 23:50:00,782 INFO: [000_U..][epoch:152, iter: 121,800, lr:(4.999e-05,3.499e-05,)] [eta: 10:27:45, time (data): 0.158 (0.002)] l_pix: 2.4237e-01 l_lpips: 2.2485e-01 
2026-07-27 23:50:16,523 INFO: [000_U..][epoch:152, iter: 121,900, lr:(4.999e-05,3.499e-05,)] [eta: 10:27:16, time (data): 0.158 (0.002)] l_pix: 4.7204e-02 l_lpips: 4.3335e-02 
2026-07-27 23:50:32,130 INFO: [000_U..][epoch:152, iter: 122,000, lr:(4.999e-05,3.499e-05,)] [eta: 10:26:47, time (data): 0.157 (0.002)] l_pix: 8.0339e-02 l_lpips: 7.4585e-02 
2026-07-27 23:50:48,023 INFO: [000_U..][epoch:152, iter: 122,100, lr:(4.999e-05,3.499e-05,)] [eta: 10:26:18, time (data): 0.159 (0.002)] l_pix: 2.4572e-01 l_lpips: 2.1228e-01 
2026-07-27 23:51:03,402 INFO: [000_U..][epoch:152, iter: 122,200, lr:(4.999e-05,3.499e-05,)] [eta: 10:25:48, time (data): 0.156 (0.002)] l_pix: 7.0409e-02 l_lpips: 6.7078e-02 
2026-07-27 23:51:18,680 INFO: [000_U..][epoch:152, iter: 122,300, lr:(4.999e-05,3.499e-05,)] [eta: 10:25:19, time (data): 0.153 (0.002)] l_pix: 2.0686e-01 l_lpips: 1.9641e-01 
2026-07-27 23:51:33,945 INFO: [000_U..][epoch:152, iter: 122,400, lr:(4.999e-05,3.499e-05,)] [eta: 10:24:49, time (data): 0.153 (0.002)] l_pix: 1.2149e-01 l_lpips: 1.1755e-01 
2026-07-27 23:51:49,555 INFO: [000_U..][epoch:153, iter: 122,500, lr:(4.999e-05,3.499e-05,)] [eta: 10:24:20, time (data): 0.153 (0.002)] l_pix: 2.1329e-01 l_lpips: 1.9995e-01 
2026-07-27 23:52:04,792 INFO: [000_U..][epoch:153, iter: 122,600, lr:(4.999e-05,3.499e-05,)] [eta: 10:23:50, time (data): 0.153 (0.002)] l_pix: 2.2667e-01 l_lpips: 2.2070e-01 
2026-07-27 23:52:20,032 INFO: [000_U..][epoch:153, iter: 122,700, lr:(4.999e-05,3.499e-05,)] [eta: 10:23:21, time (data): 0.152 (0.002)] l_pix: 1.7320e-01 l_lpips: 1.7151e-01 
2026-07-27 23:52:35,299 INFO: [000_U..][epoch:153, iter: 122,800, lr:(4.999e-05,3.499e-05,)] [eta: 10:22:51, time (data): 0.153 (0.002)] l_pix: 1.5344e-01 l_lpips: 1.5063e-01 
2026-07-27 23:52:50,507 INFO: [000_U..][epoch:153, iter: 122,900, lr:(4.999e-05,3.499e-05,)] [eta: 10:22:22, time (data): 0.152 (0.002)] l_pix: 2.5078e-01 l_lpips: 2.4463e-01 
2026-07-27 23:53:05,919 INFO: [000_U..][epoch:153, iter: 123,000, lr:(4.999e-05,3.499e-05,)] [eta: 10:21:53, time (data): 0.153 (0.002)] l_pix: 1.8158e-01 l_lpips: 1.7896e-01 
2026-07-27 23:53:21,520 INFO: [000_U..][epoch:153, iter: 123,100, lr:(4.999e-05,3.499e-05,)] [eta: 10:21:24, time (data): 0.156 (0.002)] l_pix: 1.2537e-01 l_lpips: 1.1560e-01 
2026-07-27 23:53:37,137 INFO: [000_U..][epoch:153, iter: 123,200, lr:(4.999e-05,3.499e-05,)] [eta: 10:20:55, time (data): 0.156 (0.002)] l_pix: 7.2455e-02 l_lpips: 7.0068e-02 
2026-07-27 23:53:53,124 INFO: [000_U..][epoch:154, iter: 123,300, lr:(4.999e-05,3.499e-05,)] [eta: 10:20:26, time (data): 0.157 (0.002)] l_pix: 9.2708e-02 l_lpips: 8.5327e-02 
2026-07-27 23:54:08,640 INFO: [000_U..][epoch:154, iter: 123,400, lr:(4.999e-05,3.499e-05,)] [eta: 10:19:57, time (data): 0.156 (0.002)] l_pix: 1.9591e-01 l_lpips: 1.8530e-01 
2026-07-27 23:54:23,855 INFO: [000_U..][epoch:154, iter: 123,500, lr:(4.999e-05,3.499e-05,)] [eta: 10:19:28, time (data): 0.152 (0.002)] l_pix: 1.9741e-01 l_lpips: 1.8042e-01 
2026-07-27 23:54:39,060 INFO: [000_U..][epoch:154, iter: 123,600, lr:(4.999e-05,3.499e-05,)] [eta: 10:18:59, time (data): 0.152 (0.002)] l_pix: 9.1231e-02 l_lpips: 8.9111e-02 
2026-07-27 23:54:54,262 INFO: [000_U..][epoch:154, iter: 123,700, lr:(4.999e-05,3.499e-05,)] [eta: 10:18:29, time (data): 0.152 (0.002)] l_pix: 2.0196e-01 l_lpips: 1.9189e-01 
2026-07-27 23:55:09,467 INFO: [000_U..][epoch:154, iter: 123,800, lr:(4.999e-05,3.499e-05,)] [eta: 10:18:00, time (data): 0.152 (0.002)] l_pix: 8.6046e-02 l_lpips: 8.2642e-02 
2026-07-27 23:55:24,689 INFO: [000_U..][epoch:154, iter: 123,900, lr:(4.999e-05,3.499e-05,)] [eta: 10:17:30, time (data): 0.152 (0.002)] l_pix: 6.5402e-02 l_lpips: 6.2805e-02 
2026-07-27 23:55:40,019 INFO: [000_U..][epoch:154, iter: 124,000, lr:(4.999e-05,3.499e-05,)] [eta: 10:17:01, time (data): 0.153 (0.002)] l_pix: 5.6657e-02 l_lpips: 5.5237e-02 
2026-07-27 23:55:56,227 INFO: [000_U..][epoch:155, iter: 124,100, lr:(4.999e-05,3.499e-05,)] [eta: 10:16:33, time (data): 0.159 (0.002)] l_pix: 2.7976e-01 l_lpips: 2.7295e-01 
2026-07-27 23:56:11,895 INFO: [000_U..][epoch:155, iter: 124,200, lr:(4.999e-05,3.499e-05,)] [eta: 10:16:05, time (data): 0.158 (0.002)] l_pix: 7.2541e-02 l_lpips: 6.7932e-02 
2026-07-27 23:56:27,447 INFO: [000_U..][epoch:155, iter: 124,300, lr:(4.999e-05,3.499e-05,)] [eta: 10:15:36, time (data): 0.155 (0.002)] l_pix: 1.8454e-01 l_lpips: 1.7529e-01 
2026-07-27 23:56:42,934 INFO: [000_U..][epoch:155, iter: 124,400, lr:(4.999e-05,3.499e-05,)] [eta: 10:15:07, time (data): 0.155 (0.002)] l_pix: 2.9605e-01 l_lpips: 2.6611e-01 
2026-07-27 23:56:58,274 INFO: [000_U..][epoch:155, iter: 124,500, lr:(4.999e-05,3.499e-05,)] [eta: 10:14:38, time (data): 0.154 (0.002)] l_pix: 2.4160e-01 l_lpips: 2.2290e-01 
2026-07-27 23:57:13,577 INFO: [000_U..][epoch:155, iter: 124,600, lr:(4.999e-05,3.499e-05,)] [eta: 10:14:09, time (data): 0.153 (0.002)] l_pix: 3.2770e-01 l_lpips: 3.1323e-01 
2026-07-27 23:57:28,849 INFO: [000_U..][epoch:155, iter: 124,700, lr:(4.999e-05,3.499e-05,)] [eta: 10:13:40, time (data): 0.153 (0.002)] l_pix: 1.6190e-01 l_lpips: 1.5747e-01 
2026-07-27 23:57:44,522 INFO: [000_U..][epoch:155, iter: 124,800, lr:(4.999e-05,3.499e-05,)] [eta: 10:13:12, time (data): 0.155 (0.002)] l_pix: 2.5722e-01 l_lpips: 2.5415e-01 
2026-07-27 23:58:00,178 INFO: [000_U..][epoch:156, iter: 124,900, lr:(4.999e-05,3.499e-05,)] [eta: 10:12:43, time (data): 0.153 (0.002)] l_pix: 2.8475e-01 l_lpips: 2.5952e-01 
2026-07-27 23:58:15,566 INFO: [000_U..][epoch:156, iter: 125,000, lr:(4.999e-05,3.499e-05,)] [eta: 10:12:14, time (data): 0.154 (0.002)] l_pix: 2.6403e-01 l_lpips: 2.5244e-01 
2026-07-28 00:02:45,707 INFO: Validation RealSRV3
	 # psnr: 24.2371	Best: 24.2371 @ 125000 iter
	 # ssim: 0.6826	Best: 0.6837 @ 115000 iter
	 # lpips: 0.3530	Best: 0.3527 @ 120000 iter

2026-07-28 00:03:01,177 INFO: [000_U..][epoch:156, iter: 125,100, lr:(4.999e-05,3.499e-05,)] [eta: 10:18:03, time (data): 0.155 (0.002)] l_pix: 6.3551e-02 l_lpips: 5.8838e-02 
2026-07-28 00:03:16,495 INFO: [000_U..][epoch:156, iter: 125,200, lr:(4.999e-05,3.499e-05,)] [eta: 10:17:34, time (data): 0.154 (0.002)] l_pix: 1.6857e-01 l_lpips: 1.6150e-01 
2026-07-28 00:03:31,956 INFO: [000_U..][epoch:156, iter: 125,300, lr:(4.999e-05,3.499e-05,)] [eta: 10:17:05, time (data): 0.154 (0.002)] l_pix: 7.4717e-02 l_lpips: 7.2937e-02 
2026-07-28 00:03:47,482 INFO: [000_U..][epoch:156, iter: 125,400, lr:(4.999e-05,3.499e-05,)] [eta: 10:16:35, time (data): 0.155 (0.002)] l_pix: 2.6996e-01 l_lpips: 2.4658e-01 
2026-07-28 00:04:02,975 INFO: [000_U..][epoch:156, iter: 125,500, lr:(4.999e-05,3.499e-05,)] [eta: 10:16:06, time (data): 0.155 (0.002)] l_pix: 1.5638e-01 l_lpips: 1.4868e-01 
2026-07-28 00:04:18,530 INFO: [000_U..][epoch:156, iter: 125,600, lr:(4.999e-05,3.499e-05,)] [eta: 10:15:37, time (data): 0.155 (0.002)] l_pix: 1.9620e-01 l_lpips: 1.8970e-01 
2026-07-28 00:04:34,305 INFO: [000_U..][epoch:157, iter: 125,700, lr:(4.999e-05,3.499e-05,)] [eta: 10:15:09, time (data): 0.154 (0.002)] l_pix: 2.3145e-01 l_lpips: 2.1912e-01 
2026-07-28 00:04:49,617 INFO: [000_U..][epoch:157, iter: 125,800, lr:(4.999e-05,3.499e-05,)] [eta: 10:14:39, time (data): 0.153 (0.002)] l_pix: 3.7332e-02 l_lpips: 3.4576e-02 
2026-07-28 00:05:05,121 INFO: [000_U..][epoch:157, iter: 125,900, lr:(4.999e-05,3.499e-05,)] [eta: 10:14:10, time (data): 0.155 (0.002)] l_pix: 1.9364e-01 l_lpips: 1.7603e-01 
2026-07-28 00:05:20,578 INFO: [000_U..][epoch:157, iter: 126,000, lr:(4.999e-05,3.499e-05,)] [eta: 10:13:41, time (data): 0.155 (0.002)] l_pix: 1.9155e-01 l_lpips: 1.8359e-01 
2026-07-28 00:05:36,218 INFO: [000_U..][epoch:157, iter: 126,100, lr:(4.999e-05,3.499e-05,)] [eta: 10:13:13, time (data): 0.158 (0.002)] l_pix: 6.6814e-02 l_lpips: 6.4087e-02 
2026-07-28 00:05:51,969 INFO: [000_U..][epoch:157, iter: 126,200, lr:(4.999e-05,3.499e-05,)] [eta: 10:12:44, time (data): 0.158 (0.002)] l_pix: 2.6439e-01 l_lpips: 2.6294e-01 
2026-07-28 00:06:07,260 INFO: [000_U..][epoch:157, iter: 126,300, lr:(4.999e-05,3.499e-05,)] [eta: 10:12:15, time (data): 0.153 (0.002)] l_pix: 1.0288e-01 l_lpips: 9.9243e-02 
2026-07-28 00:06:22,671 INFO: [000_U..][epoch:157, iter: 126,400, lr:(4.999e-05,3.499e-05,)] [eta: 10:11:46, time (data): 0.154 (0.002)] l_pix: 6.6140e-02 l_lpips: 6.3477e-02 
2026-07-28 00:06:38,660 INFO: [000_U..][epoch:158, iter: 126,500, lr:(4.999e-05,3.499e-05,)] [eta: 10:11:17, time (data): 0.156 (0.002)] l_pix: 2.5339e-01 l_lpips: 2.3706e-01 
2026-07-28 00:06:54,087 INFO: [000_U..][epoch:158, iter: 126,600, lr:(4.999e-05,3.499e-05,)] [eta: 10:10:49, time (data): 0.155 (0.002)] l_pix: 1.7711e-01 l_lpips: 1.6968e-01 
2026-07-28 00:07:09,586 INFO: [000_U..][epoch:158, iter: 126,700, lr:(4.999e-05,3.499e-05,)] [eta: 10:10:20, time (data): 0.154 (0.002)] l_pix: 2.5415e-01 l_lpips: 2.2351e-01 
2026-07-28 00:07:25,555 INFO: [000_U..][epoch:158, iter: 126,800, lr:(4.999e-05,3.499e-05,)] [eta: 10:09:51, time (data): 0.157 (0.002)] l_pix: 1.3183e-01 l_lpips: 1.2793e-01 
2026-07-28 00:07:41,636 INFO: [000_U..][epoch:158, iter: 126,900, lr:(4.999e-05,3.499e-05,)] [eta: 10:09:23, time (data): 0.161 (0.002)] l_pix: 5.3869e-02 l_lpips: 5.0873e-02 
2026-07-28 00:07:57,136 INFO: [000_U..][epoch:158, iter: 127,000, lr:(4.999e-05,3.499e-05,)] [eta: 10:08:55, time (data): 0.157 (0.002)] l_pix: 2.4049e-01 l_lpips: 2.3022e-01 
2026-07-28 00:08:12,878 INFO: [000_U..][epoch:158, iter: 127,100, lr:(4.999e-05,3.499e-05,)] [eta: 10:08:26, time (data): 0.156 (0.002)] l_pix: 1.3284e-01 l_lpips: 1.2695e-01 
2026-07-28 00:08:28,809 INFO: [000_U..][epoch:158, iter: 127,200, lr:(4.999e-05,3.499e-05,)] [eta: 10:07:58, time (data): 0.158 (0.002)] l_pix: 1.0616e-01 l_lpips: 1.0101e-01 
2026-07-28 00:08:44,712 INFO: [000_U..][epoch:159, iter: 127,300, lr:(4.999e-05,3.499e-05,)] [eta: 10:07:30, time (data): 0.155 (0.002)] l_pix: 2.7390e-01 l_lpips: 2.4402e-01 
2026-07-28 00:09:00,023 INFO: [000_U..][epoch:159, iter: 127,400, lr:(4.999e-05,3.499e-05,)] [eta: 10:07:01, time (data): 0.154 (0.002)] l_pix: 2.6591e-01 l_lpips: 2.5439e-01 
2026-07-28 00:09:15,505 INFO: [000_U..][epoch:159, iter: 127,500, lr:(4.999e-05,3.499e-05,)] [eta: 10:06:32, time (data): 0.155 (0.002)] l_pix: 1.9016e-01 l_lpips: 1.7676e-01 
2026-07-28 00:09:31,099 INFO: [000_U..][epoch:159, iter: 127,600, lr:(4.999e-05,3.499e-05,)] [eta: 10:06:04, time (data): 0.156 (0.002)] l_pix: 1.9564e-01 l_lpips: 1.8909e-01 
2026-07-28 00:09:46,744 INFO: [000_U..][epoch:159, iter: 127,700, lr:(4.999e-05,3.499e-05,)] [eta: 10:05:35, time (data): 0.156 (0.002)] l_pix: 1.7401e-01 l_lpips: 1.6260e-01 
2026-07-28 00:10:02,346 INFO: [000_U..][epoch:159, iter: 127,800, lr:(4.999e-05,3.499e-05,)] [eta: 10:05:07, time (data): 0.156 (0.002)] l_pix: 1.6821e-01 l_lpips: 1.5991e-01 
2026-07-28 00:10:17,929 INFO: [000_U..][epoch:159, iter: 127,900, lr:(4.999e-05,3.499e-05,)] [eta: 10:04:38, time (data): 0.156 (0.002)] l_pix: 1.5304e-01 l_lpips: 1.4746e-01 
2026-07-28 00:10:33,473 INFO: [000_U..][epoch:159, iter: 128,000, lr:(4.999e-05,3.499e-05,)] [eta: 10:04:10, time (data): 0.156 (0.002)] l_pix: 1.7059e-01 l_lpips: 1.6760e-01 
2026-07-28 00:10:49,365 INFO: [000_U..][epoch:160, iter: 128,100, lr:(4.999e-05,3.499e-05,)] [eta: 10:03:42, time (data): 0.156 (0.002)] l_pix: 2.1428e-01 l_lpips: 2.1289e-01 
2026-07-28 00:11:05,185 INFO: [000_U..][epoch:160, iter: 128,200, lr:(4.999e-05,3.499e-05,)] [eta: 10:03:14, time (data): 0.157 (0.002)] l_pix: 1.9917e-01 l_lpips: 1.9116e-01 
2026-07-28 00:11:20,486 INFO: [000_U..][epoch:160, iter: 128,300, lr:(4.999e-05,3.499e-05,)] [eta: 10:02:45, time (data): 0.153 (0.002)] l_pix: 9.6131e-02 l_lpips: 9.4666e-02 
2026-07-28 00:11:36,024 INFO: [000_U..][epoch:160, iter: 128,400, lr:(4.999e-05,3.499e-05,)] [eta: 10:02:16, time (data): 0.154 (0.002)] l_pix: 2.6268e-01 l_lpips: 2.5000e-01 
2026-07-28 00:11:51,329 INFO: [000_U..][epoch:160, iter: 128,500, lr:(4.999e-05,3.499e-05,)] [eta: 10:01:48, time (data): 0.153 (0.002)] l_pix: 7.6176e-02 l_lpips: 7.1777e-02 
2026-07-28 00:12:06,739 INFO: [000_U..][epoch:160, iter: 128,600, lr:(4.999e-05,3.499e-05,)] [eta: 10:01:19, time (data): 0.154 (0.002)] l_pix: 1.7563e-01 l_lpips: 1.6553e-01 
2026-07-28 00:12:22,166 INFO: [000_U..][epoch:160, iter: 128,700, lr:(4.999e-05,3.499e-05,)] [eta: 10:00:51, time (data): 0.154 (0.002)] l_pix: 1.8129e-01 l_lpips: 1.7554e-01 
2026-07-28 00:12:37,676 INFO: [000_U..][epoch:160, iter: 128,800, lr:(4.999e-05,3.499e-05,)] [eta: 10:00:22, time (data): 0.154 (0.002)] l_pix: 2.1043e-01 l_lpips: 1.9458e-01 
2026-07-28 00:12:53,533 INFO: [000_U..][epoch:161, iter: 128,900, lr:(4.999e-05,3.499e-05,)] [eta: 9:59:54, time (data): 0.155 (0.002)] l_pix: 2.0799e-01 l_lpips: 1.9653e-01 
2026-07-28 00:13:09,164 INFO: [000_U..][epoch:161, iter: 129,000, lr:(4.999e-05,3.499e-05,)] [eta: 9:59:26, time (data): 0.156 (0.002)] l_pix: 2.5994e-01 l_lpips: 2.3242e-01 
2026-07-28 00:13:24,790 INFO: [000_U..][epoch:161, iter: 129,100, lr:(4.999e-05,3.499e-05,)] [eta: 9:58:58, time (data): 0.156 (0.002)] l_pix: 2.1727e-01 l_lpips: 2.0862e-01 
2026-07-28 00:13:40,371 INFO: [000_U..][epoch:161, iter: 129,200, lr:(4.999e-05,3.499e-05,)] [eta: 9:58:30, time (data): 0.156 (0.002)] l_pix: 2.2304e-01 l_lpips: 2.0874e-01 
2026-07-28 00:13:55,892 INFO: [000_U..][epoch:161, iter: 129,300, lr:(4.999e-05,3.499e-05,)] [eta: 9:58:01, time (data): 0.154 (0.002)] l_pix: 1.9060e-01 l_lpips: 1.7676e-01 
2026-07-28 00:14:11,208 INFO: [000_U..][epoch:161, iter: 129,400, lr:(4.999e-05,3.499e-05,)] [eta: 9:57:33, time (data): 0.153 (0.002)] l_pix: 2.9378e-01 l_lpips: 2.4805e-01 
2026-07-28 00:14:26,526 INFO: [000_U..][epoch:161, iter: 129,500, lr:(4.999e-05,3.499e-05,)] [eta: 9:57:04, time (data): 0.153 (0.002)] l_pix: 2.4448e-01 l_lpips: 2.3071e-01 
2026-07-28 00:14:41,854 INFO: [000_U..][epoch:161, iter: 129,600, lr:(4.999e-05,3.499e-05,)] [eta: 9:56:36, time (data): 0.153 (0.002)] l_pix: 2.0335e-01 l_lpips: 1.9556e-01 
2026-07-28 00:14:57,546 INFO: [000_U..][epoch:162, iter: 129,700, lr:(4.999e-05,3.499e-05,)] [eta: 9:56:08, time (data): 0.154 (0.002)] l_pix: 2.4848e-01 l_lpips: 2.2827e-01 
2026-07-28 00:15:12,866 INFO: [000_U..][epoch:162, iter: 129,800, lr:(4.999e-05,3.499e-05,)] [eta: 9:55:39, time (data): 0.153 (0.002)] l_pix: 1.1922e-01 l_lpips: 1.1084e-01 
2026-07-28 00:15:28,416 INFO: [000_U..][epoch:162, iter: 129,900, lr:(4.999e-05,3.499e-05,)] [eta: 9:55:11, time (data): 0.155 (0.002)] l_pix: 1.9376e-01 l_lpips: 1.8433e-01 
2026-07-28 00:15:44,055 INFO: [000_U..][epoch:162, iter: 130,000, lr:(4.999e-05,3.499e-05,)] [eta: 9:54:43, time (data): 0.156 (0.002)] l_pix: 7.7651e-02 l_lpips: 7.5623e-02 
2026-07-28 00:15:44,056 INFO: Saving models and training states.
2026-07-28 00:20:14,932 INFO: Validation RealSRV3
	 # psnr: 24.3453	Best: 24.3453 @ 130000 iter
	 # ssim: 0.6831	Best: 0.6837 @ 115000 iter
	 # lpips: 0.3553	Best: 0.3527 @ 120000 iter

2026-07-28 00:20:32,152 INFO: [000_U..][epoch:162, iter: 130,100, lr:(4.999e-05,3.499e-05,)] [eta: 10:00:11, time (data): 0.177 (0.002)] l_pix: 1.4887e-01 l_lpips: 1.4502e-01 
2026-07-28 00:20:48,690 INFO: [000_U..][epoch:162, iter: 130,200, lr:(4.999e-05,3.499e-05,)] [eta: 9:59:44, time (data): 0.169 (0.002)] l_pix: 1.5983e-01 l_lpips: 1.5747e-01 
2026-07-28 00:21:04,000 INFO: [000_U..][epoch:162, iter: 130,300, lr:(4.999e-05,3.499e-05,)] [eta: 9:59:15, time (data): 0.153 (0.002)] l_pix: 2.1385e-01 l_lpips: 2.0312e-01 
2026-07-28 00:21:19,319 INFO: [000_U..][epoch:162, iter: 130,400, lr:(4.999e-05,3.499e-05,)] [eta: 9:58:46, time (data): 0.153 (0.002)] l_pix: 6.5439e-02 l_lpips: 6.0577e-02 
2026-07-28 00:21:35,169 INFO: [000_U..][epoch:163, iter: 130,500, lr:(4.999e-05,3.499e-05,)] [eta: 9:58:18, time (data): 0.153 (0.002)] l_pix: 2.7697e-01 l_lpips: 2.6392e-01 
2026-07-28 00:21:50,554 INFO: [000_U..][epoch:163, iter: 130,600, lr:(4.999e-05,3.499e-05,)] [eta: 9:57:49, time (data): 0.153 (0.002)] l_pix: 1.0538e-01 l_lpips: 9.3201e-02 
2026-07-28 00:22:06,148 INFO: [000_U..][epoch:163, iter: 130,700, lr:(4.999e-05,3.499e-05,)] [eta: 9:57:21, time (data): 0.156 (0.002)] l_pix: 1.5984e-01 l_lpips: 1.5784e-01 
2026-07-28 00:22:21,787 INFO: [000_U..][epoch:163, iter: 130,800, lr:(4.999e-05,3.499e-05,)] [eta: 9:56:53, time (data): 0.156 (0.002)] l_pix: 2.2662e-01 l_lpips: 2.1985e-01 
2026-07-28 00:22:37,468 INFO: [000_U..][epoch:163, iter: 130,900, lr:(4.999e-05,3.499e-05,)] [eta: 9:56:24, time (data): 0.155 (0.002)] l_pix: 5.5108e-02 l_lpips: 5.2307e-02 
2026-07-28 00:22:53,634 INFO: [000_U..][epoch:163, iter: 131,000, lr:(4.999e-05,3.499e-05,)] [eta: 9:55:57, time (data): 0.160 (0.002)] l_pix: 6.2472e-02 l_lpips: 5.7129e-02 
2026-07-28 00:23:09,546 INFO: [000_U..][epoch:163, iter: 131,100, lr:(4.999e-05,3.499e-05,)] [eta: 9:55:29, time (data): 0.159 (0.002)] l_pix: 5.5732e-02 l_lpips: 5.3375e-02 
2026-07-28 00:23:25,564 INFO: [000_U..][epoch:163, iter: 131,200, lr:(4.999e-05,3.499e-05,)] [eta: 9:55:01, time (data): 0.160 (0.002)] l_pix: 1.0946e-01 l_lpips: 1.0205e-01 
2026-07-28 00:23:41,517 INFO: [000_U..][epoch:164, iter: 131,300, lr:(4.999e-05,3.499e-05,)] [eta: 9:54:33, time (data): 0.153 (0.002)] l_pix: 6.7680e-02 l_lpips: 6.5247e-02 
2026-07-28 00:23:56,840 INFO: [000_U..][epoch:164, iter: 131,400, lr:(4.999e-05,3.499e-05,)] [eta: 9:54:05, time (data): 0.153 (0.002)] l_pix: 1.2144e-01 l_lpips: 1.1719e-01 
2026-07-28 00:24:12,474 INFO: [000_U..][epoch:164, iter: 131,500, lr:(4.999e-05,3.499e-05,)] [eta: 9:53:36, time (data): 0.157 (0.002)] l_pix: 2.3300e-01 l_lpips: 2.1680e-01 
2026-07-28 00:24:28,589 INFO: [000_U..][epoch:164, iter: 131,600, lr:(4.999e-05,3.499e-05,)] [eta: 9:53:09, time (data): 0.160 (0.002)] l_pix: 2.2239e-01 l_lpips: 2.1436e-01 
2026-07-28 00:24:44,652 INFO: [000_U..][epoch:164, iter: 131,700, lr:(4.999e-05,3.499e-05,)] [eta: 9:52:41, time (data): 0.161 (0.002)] l_pix: 2.7679e-01 l_lpips: 2.6318e-01 
2026-07-28 00:25:00,734 INFO: [000_U..][epoch:164, iter: 131,800, lr:(4.999e-05,3.499e-05,)] [eta: 9:52:14, time (data): 0.161 (0.002)] l_pix: 2.2711e-01 l_lpips: 2.1094e-01 
2026-07-28 00:25:16,709 INFO: [000_U..][epoch:164, iter: 131,900, lr:(4.999e-05,3.499e-05,)] [eta: 9:51:46, time (data): 0.159 (0.002)] l_pix: 1.8727e-01 l_lpips: 1.8042e-01 
2026-07-28 00:25:32,918 INFO: [000_U..][epoch:164, iter: 132,000, lr:(4.999e-05,3.499e-05,)] [eta: 9:51:19, time (data): 0.161 (0.002)] l_pix: 2.2214e-01 l_lpips: 2.1570e-01 
2026-07-28 00:25:49,414 INFO: [000_U..][epoch:165, iter: 132,100, lr:(4.999e-05,3.499e-05,)] [eta: 9:50:52, time (data): 0.161 (0.002)] l_pix: 2.1525e-01 l_lpips: 2.0923e-01 
2026-07-28 00:26:05,554 INFO: [000_U..][epoch:165, iter: 132,200, lr:(4.999e-05,3.499e-05,)] [eta: 9:50:24, time (data): 0.161 (0.002)] l_pix: 2.0240e-01 l_lpips: 1.9922e-01 
2026-07-28 00:26:21,414 INFO: [000_U..][epoch:165, iter: 132,300, lr:(4.999e-05,3.499e-05,)] [eta: 9:49:56, time (data): 0.159 (0.002)] l_pix: 2.1383e-01 l_lpips: 2.0044e-01 
2026-07-28 00:26:37,336 INFO: [000_U..][epoch:165, iter: 132,400, lr:(4.999e-05,3.499e-05,)] [eta: 9:49:29, time (data): 0.159 (0.002)] l_pix: 2.8965e-01 l_lpips: 2.8271e-01 
2026-07-28 00:26:53,193 INFO: [000_U..][epoch:165, iter: 132,500, lr:(4.999e-05,3.499e-05,)] [eta: 9:49:01, time (data): 0.158 (0.002)] l_pix: 2.3701e-01 l_lpips: 2.1729e-01 
2026-07-28 00:27:09,022 INFO: [000_U..][epoch:165, iter: 132,600, lr:(4.999e-05,3.499e-05,)] [eta: 9:48:33, time (data): 0.158 (0.002)] l_pix: 2.2385e-01 l_lpips: 2.1851e-01 
2026-07-28 00:27:25,897 INFO: [000_U..][epoch:165, iter: 132,700, lr:(4.999e-05,3.499e-05,)] [eta: 9:48:07, time (data): 0.180 (0.002)] l_pix: 2.5693e-01 l_lpips: 2.2656e-01 
2026-07-28 00:27:43,098 INFO: [000_U..][epoch:165, iter: 132,800, lr:(4.999e-05,3.499e-05,)] [eta: 9:47:41, time (data): 0.174 (0.002)] l_pix: 1.3808e-01 l_lpips: 1.3452e-01 
2026-07-28 00:28:00,602 INFO: [000_U..][epoch:166, iter: 132,900, lr:(4.999e-05,3.499e-05,)] [eta: 9:47:15, time (data): 0.172 (0.002)] l_pix: 2.4695e-01 l_lpips: 2.4438e-01 
2026-07-28 00:28:17,575 INFO: [000_U..][epoch:166, iter: 133,000, lr:(4.999e-05,3.499e-05,)] [eta: 9:46:49, time (data): 0.170 (0.002)] l_pix: 2.8782e-01 l_lpips: 2.6367e-01 
2026-07-28 00:28:34,463 INFO: [000_U..][epoch:166, iter: 133,100, lr:(4.999e-05,3.499e-05,)] [eta: 9:46:23, time (data): 0.164 (0.002)] l_pix: 2.5922e-01 l_lpips: 2.5342e-01 
2026-07-28 00:28:51,973 INFO: [000_U..][epoch:166, iter: 133,200, lr:(4.999e-05,3.499e-05,)] [eta: 9:45:57, time (data): 0.172 (0.002)] l_pix: 1.1881e-01 l_lpips: 1.0944e-01 
2026-07-28 00:29:09,823 INFO: [000_U..][epoch:166, iter: 133,300, lr:(4.999e-05,3.499e-05,)] [eta: 9:45:32, time (data): 0.178 (0.002)] l_pix: 2.3791e-01 l_lpips: 2.3413e-01 
2026-07-28 00:29:27,329 INFO: [000_U..][epoch:166, iter: 133,400, lr:(4.999e-05,3.499e-05,)] [eta: 9:45:06, time (data): 0.176 (0.002)] l_pix: 1.9322e-01 l_lpips: 1.8652e-01 
2026-07-28 00:29:45,078 INFO: [000_U..][epoch:166, iter: 133,500, lr:(4.999e-05,3.499e-05,)] [eta: 9:44:41, time (data): 0.179 (0.002)] l_pix: 1.8383e-01 l_lpips: 1.7725e-01 
2026-07-28 00:30:03,250 INFO: [000_U..][epoch:166, iter: 133,600, lr:(4.999e-05,3.499e-05,)] [eta: 9:44:17, time (data): 0.181 (0.002)] l_pix: 2.0205e-01 l_lpips: 1.9519e-01 
2026-07-28 00:30:20,102 INFO: [000_U..][epoch:167, iter: 133,700, lr:(4.999e-05,3.499e-05,)] [eta: 9:43:50, time (data): 0.158 (0.002)] l_pix: 5.7364e-02 l_lpips: 5.4199e-02 
2026-07-28 00:30:36,011 INFO: [000_U..][epoch:167, iter: 133,800, lr:(4.999e-05,3.499e-05,)] [eta: 9:43:23, time (data): 0.159 (0.002)] l_pix: 2.1601e-01 l_lpips: 1.9604e-01 
2026-07-28 00:30:52,492 INFO: [000_U..][epoch:167, iter: 133,900, lr:(4.999e-05,3.499e-05,)] [eta: 9:42:56, time (data): 0.164 (0.002)] l_pix: 1.6449e-01 l_lpips: 1.5625e-01 
2026-07-28 00:31:08,588 INFO: [000_U..][epoch:167, iter: 134,000, lr:(4.999e-05,3.499e-05,)] [eta: 9:42:29, time (data): 0.162 (0.002)] l_pix: 2.4178e-01 l_lpips: 2.3523e-01 
2026-07-28 00:31:24,058 INFO: [000_U..][epoch:167, iter: 134,100, lr:(4.999e-05,3.499e-05,)] [eta: 9:42:01, time (data): 0.154 (0.002)] l_pix: 6.6188e-02 l_lpips: 6.3110e-02 
2026-07-28 00:31:39,472 INFO: [000_U..][epoch:167, iter: 134,200, lr:(4.999e-05,3.499e-05,)] [eta: 9:41:33, time (data): 0.154 (0.002)] l_pix: 3.1899e-01 l_lpips: 2.8491e-01 
2026-07-28 00:31:55,102 INFO: [000_U..][epoch:167, iter: 134,300, lr:(4.999e-05,3.499e-05,)] [eta: 9:41:05, time (data): 0.154 (0.002)] l_pix: 2.6366e-01 l_lpips: 2.4866e-01 
2026-07-28 00:32:10,543 INFO: [000_U..][epoch:167, iter: 134,400, lr:(4.999e-05,3.499e-05,)] [eta: 9:40:37, time (data): 0.154 (0.002)] l_pix: 2.2959e-01 l_lpips: 2.1753e-01 
2026-07-28 00:32:26,182 INFO: [000_U..][epoch:168, iter: 134,500, lr:(4.999e-05,3.499e-05,)] [eta: 9:40:09, time (data): 0.154 (0.002)] l_pix: 1.2905e-01 l_lpips: 1.2354e-01 
2026-07-28 00:32:41,729 INFO: [000_U..][epoch:168, iter: 134,600, lr:(4.999e-05,3.499e-05,)] [eta: 9:39:42, time (data): 0.155 (0.002)] l_pix: 2.3989e-01 l_lpips: 2.1704e-01 
2026-07-28 00:32:57,354 INFO: [000_U..][epoch:168, iter: 134,700, lr:(4.999e-05,3.499e-05,)] [eta: 9:39:14, time (data): 0.155 (0.002)] l_pix: 7.1402e-02 l_lpips: 6.5063e-02 
2026-07-28 00:33:12,713 INFO: [000_U..][epoch:168, iter: 134,800, lr:(4.999e-05,3.499e-05,)] [eta: 9:38:46, time (data): 0.154 (0.002)] l_pix: 2.4771e-01 l_lpips: 2.4561e-01 
2026-07-28 00:33:28,071 INFO: [000_U..][epoch:168, iter: 134,900, lr:(4.999e-05,3.499e-05,)] [eta: 9:38:18, time (data): 0.154 (0.002)] l_pix: 2.3106e-01 l_lpips: 2.2437e-01 
2026-07-28 00:33:43,422 INFO: [000_U..][epoch:168, iter: 135,000, lr:(4.999e-05,3.499e-05,)] [eta: 9:37:50, time (data): 0.154 (0.002)] l_pix: 2.2423e-01 l_lpips: 2.1802e-01 
2026-07-28 00:38:13,258 INFO: Validation RealSRV3
	 # psnr: 24.2552	Best: 24.3453 @ 130000 iter
	 # ssim: 0.6784	Best: 0.6837 @ 115000 iter
	 # lpips: 0.3589	Best: 0.3527 @ 120000 iter

2026-07-28 00:38:28,643 INFO: [000_U..][epoch:168, iter: 135,100, lr:(4.999e-05,3.499e-05,)] [eta: 9:42:52, time (data): 0.153 (0.002)] l_pix: 1.5688e-01 l_lpips: 1.5137e-01 
2026-07-28 00:38:44,231 INFO: [000_U..][epoch:168, iter: 135,200, lr:(4.999e-05,3.499e-05,)] [eta: 9:42:24, time (data): 0.155 (0.002)] l_pix: 1.6985e-01 l_lpips: 1.6235e-01 
2026-07-28 00:39:00,662 INFO: [000_U..][epoch:169, iter: 135,300, lr:(4.999e-05,3.499e-05,)] [eta: 9:41:57, time (data): 0.160 (0.002)] l_pix: 3.2780e-01 l_lpips: 2.5879e-01 
2026-07-28 00:39:16,749 INFO: [000_U..][epoch:169, iter: 135,400, lr:(4.999e-05,3.499e-05,)] [eta: 9:41:29, time (data): 0.161 (0.002)] l_pix: 1.4321e-01 l_lpips: 1.3550e-01 
2026-07-28 00:39:32,772 INFO: [000_U..][epoch:169, iter: 135,500, lr:(4.999e-05,3.499e-05,)] [eta: 9:41:02, time (data): 0.161 (0.002)] l_pix: 2.3859e-01 l_lpips: 2.2266e-01 
2026-07-28 00:39:48,660 INFO: [000_U..][epoch:169, iter: 135,600, lr:(4.999e-05,3.499e-05,)] [eta: 9:40:34, time (data): 0.159 (0.002)] l_pix: 2.8152e-01 l_lpips: 2.7002e-01 
2026-07-28 00:40:04,612 INFO: [000_U..][epoch:169, iter: 135,700, lr:(4.999e-05,3.499e-05,)] [eta: 9:40:07, time (data): 0.161 (0.002)] l_pix: 1.9877e-01 l_lpips: 1.9360e-01 
2026-07-28 00:40:20,646 INFO: [000_U..][epoch:169, iter: 135,800, lr:(4.999e-05,3.499e-05,)] [eta: 9:39:39, time (data): 0.160 (0.002)] l_pix: 1.7069e-01 l_lpips: 1.6248e-01 
2026-07-28 00:40:36,713 INFO: [000_U..][epoch:169, iter: 135,900, lr:(4.999e-05,3.499e-05,)] [eta: 9:39:12, time (data): 0.161 (0.002)] l_pix: 2.3673e-01 l_lpips: 2.3096e-01 
2026-07-28 00:40:52,687 INFO: [000_U..][epoch:169, iter: 136,000, lr:(4.999e-05,3.499e-05,)] [eta: 9:38:44, time (data): 0.160 (0.002)] l_pix: 1.3794e-01 l_lpips: 1.3708e-01 
2026-07-28 00:41:08,812 INFO: [000_U..][epoch:170, iter: 136,100, lr:(4.999e-05,3.499e-05,)] [eta: 9:38:17, time (data): 0.160 (0.002)] l_pix: 1.6229e-01 l_lpips: 1.5454e-01 
2026-07-28 00:41:25,157 INFO: [000_U..][epoch:170, iter: 136,200, lr:(4.999e-05,3.499e-05,)] [eta: 9:37:50, time (data): 0.163 (0.002)] l_pix: 2.7044e-01 l_lpips: 2.5439e-01 
2026-07-28 00:41:41,300 INFO: [000_U..][epoch:170, iter: 136,300, lr:(4.999e-05,3.499e-05,)] [eta: 9:37:23, time (data): 0.161 (0.002)] l_pix: 2.7607e-02 l_lpips: 2.2919e-02 
2026-07-28 00:41:57,108 INFO: [000_U..][epoch:170, iter: 136,400, lr:(4.999e-05,3.499e-05,)] [eta: 9:36:55, time (data): 0.159 (0.002)] l_pix: 2.2327e-01 l_lpips: 2.0947e-01 
2026-07-28 00:42:12,536 INFO: [000_U..][epoch:170, iter: 136,500, lr:(4.999e-05,3.499e-05,)] [eta: 9:36:27, time (data): 0.154 (0.002)] l_pix: 1.0273e-01 l_lpips: 9.7351e-02 
2026-07-28 00:42:27,980 INFO: [000_U..][epoch:170, iter: 136,600, lr:(4.999e-05,3.499e-05,)] [eta: 9:35:59, time (data): 0.154 (0.002)] l_pix: 6.7407e-02 l_lpips: 6.5186e-02 
2026-07-28 00:42:43,426 INFO: [000_U..][epoch:170, iter: 136,700, lr:(4.999e-05,3.499e-05,)] [eta: 9:35:31, time (data): 0.154 (0.002)] l_pix: 1.9025e-01 l_lpips: 1.7700e-01 
2026-07-28 00:42:58,872 INFO: [000_U..][epoch:170, iter: 136,800, lr:(4.999e-05,3.499e-05,)] [eta: 9:35:03, time (data): 0.154 (0.002)] l_pix: 3.7540e-01 l_lpips: 3.5449e-01 
2026-07-28 00:43:14,907 INFO: [000_U..][epoch:171, iter: 136,900, lr:(4.999e-05,3.499e-05,)] [eta: 9:34:36, time (data): 0.156 (0.002)] l_pix: 7.2783e-02 l_lpips: 6.7566e-02 
2026-07-28 00:43:30,495 INFO: [000_U..][epoch:171, iter: 137,000, lr:(4.999e-05,3.499e-05,)] [eta: 9:34:08, time (data): 0.156 (0.002)] l_pix: 1.2899e-01 l_lpips: 1.2244e-01 
2026-07-28 00:43:46,124 INFO: [000_U..][epoch:171, iter: 137,100, lr:(4.999e-05,3.499e-05,)] [eta: 9:33:41, time (data): 0.157 (0.002)] l_pix: 1.9104e-01 l_lpips: 1.7834e-01 
2026-07-28 00:44:01,755 INFO: [000_U..][epoch:171, iter: 137,200, lr:(4.999e-05,3.499e-05,)] [eta: 9:33:13, time (data): 0.156 (0.002)] l_pix: 2.1267e-01 l_lpips: 2.0605e-01 
2026-07-28 00:44:17,741 INFO: [000_U..][epoch:171, iter: 137,300, lr:(4.999e-05,3.499e-05,)] [eta: 9:32:46, time (data): 0.158 (0.002)] l_pix: 2.2406e-01 l_lpips: 2.1826e-01 
2026-07-28 00:44:33,522 INFO: [000_U..][epoch:171, iter: 137,400, lr:(4.999e-05,3.499e-05,)] [eta: 9:32:18, time (data): 0.158 (0.002)] l_pix: 2.5984e-01 l_lpips: 2.5537e-01 
2026-07-28 00:44:48,912 INFO: [000_U..][epoch:171, iter: 137,500, lr:(4.999e-05,3.499e-05,)] [eta: 9:31:51, time (data): 0.156 (0.002)] l_pix: 6.0016e-02 l_lpips: 5.7312e-02 
2026-07-28 00:45:04,404 INFO: [000_U..][epoch:171, iter: 137,600, lr:(4.999e-05,3.499e-05,)] [eta: 9:31:23, time (data): 0.155 (0.002)] l_pix: 2.0941e-01 l_lpips: 1.9165e-01 
2026-07-28 00:45:20,547 INFO: [000_U..][epoch:172, iter: 137,700, lr:(4.999e-05,3.499e-05,)] [eta: 9:30:56, time (data): 0.161 (0.002)] l_pix: 2.1574e-01 l_lpips: 2.0679e-01 
2026-07-28 00:45:36,217 INFO: [000_U..][epoch:172, iter: 137,800, lr:(4.999e-05,3.499e-05,)] [eta: 9:30:28, time (data): 0.157 (0.002)] l_pix: 2.5000e-01 l_lpips: 2.2119e-01 
2026-07-28 00:45:51,941 INFO: [000_U..][epoch:172, iter: 137,900, lr:(4.999e-05,3.499e-05,)] [eta: 9:30:01, time (data): 0.157 (0.002)] l_pix: 2.5536e-01 l_lpips: 2.2046e-01 
2026-07-28 00:46:07,741 INFO: [000_U..][epoch:172, iter: 138,000, lr:(4.999e-05,3.499e-05,)] [eta: 9:29:34, time (data): 0.158 (0.002)] l_pix: 7.0895e-02 l_lpips: 6.6040e-02 
2026-07-28 00:46:23,512 INFO: [000_U..][epoch:172, iter: 138,100, lr:(4.999e-05,3.499e-05,)] [eta: 9:29:06, time (data): 0.157 (0.002)] l_pix: 8.6472e-02 l_lpips: 8.3862e-02 
2026-07-28 00:46:39,295 INFO: [000_U..][epoch:172, iter: 138,200, lr:(4.999e-05,3.499e-05,)] [eta: 9:28:39, time (data): 0.158 (0.002)] l_pix: 1.1601e-01 l_lpips: 1.1444e-01 
2026-07-28 00:46:55,197 INFO: [000_U..][epoch:172, iter: 138,300, lr:(4.999e-05,3.499e-05,)] [eta: 9:28:12, time (data): 0.170 (0.002)] l_pix: 2.2996e-01 l_lpips: 2.2852e-01 
2026-07-28 00:47:10,907 INFO: [000_U..][epoch:172, iter: 138,400, lr:(4.999e-05,3.499e-05,)] [eta: 9:27:44, time (data): 0.158 (0.002)] l_pix: 1.0983e-01 l_lpips: 1.0840e-01 
2026-07-28 00:47:26,972 INFO: [000_U..][epoch:173, iter: 138,500, lr:(4.999e-05,3.499e-05,)] [eta: 9:27:17, time (data): 0.157 (0.002)] l_pix: 2.0529e-01 l_lpips: 1.9360e-01 
2026-07-28 00:47:42,917 INFO: [000_U..][epoch:173, iter: 138,600, lr:(4.999e-05,3.499e-05,)] [eta: 9:26:50, time (data): 0.159 (0.002)] l_pix: 1.6050e-01 l_lpips: 1.5063e-01 
2026-07-28 00:47:58,349 INFO: [000_U..][epoch:173, iter: 138,700, lr:(4.999e-05,3.499e-05,)] [eta: 9:26:23, time (data): 0.154 (0.002)] l_pix: 2.1548e-01 l_lpips: 2.0264e-01 
2026-07-28 00:48:14,077 INFO: [000_U..][epoch:173, iter: 138,800, lr:(4.999e-05,3.499e-05,)] [eta: 9:25:56, time (data): 0.157 (0.002)] l_pix: 2.7210e-01 l_lpips: 2.6538e-01 
2026-07-28 00:48:30,014 INFO: [000_U..][epoch:173, iter: 138,900, lr:(4.999e-05,3.499e-05,)] [eta: 9:25:28, time (data): 0.161 (0.002)] l_pix: 2.3874e-01 l_lpips: 2.3291e-01 
2026-07-28 00:48:45,613 INFO: [000_U..][epoch:173, iter: 139,000, lr:(4.999e-05,3.499e-05,)] [eta: 9:25:01, time (data): 0.156 (0.002)] l_pix: 2.0684e-01 l_lpips: 2.0105e-01 
2026-07-28 00:49:00,955 INFO: [000_U..][epoch:173, iter: 139,100, lr:(4.999e-05,3.499e-05,)] [eta: 9:24:33, time (data): 0.153 (0.002)] l_pix: 6.5045e-02 l_lpips: 6.3599e-02 
2026-07-28 00:49:16,281 INFO: [000_U..][epoch:173, iter: 139,200, lr:(4.999e-05,3.499e-05,)] [eta: 9:24:06, time (data): 0.153 (0.002)] l_pix: 1.5262e-01 l_lpips: 1.4697e-01 
2026-07-28 00:49:32,084 INFO: [000_U..][epoch:174, iter: 139,300, lr:(4.999e-05,3.499e-05,)] [eta: 9:23:39, time (data): 0.155 (0.002)] l_pix: 1.5839e-01 l_lpips: 1.5393e-01 
2026-07-28 00:49:47,808 INFO: [000_U..][epoch:174, iter: 139,400, lr:(4.999e-05,3.499e-05,)] [eta: 9:23:11, time (data): 0.157 (0.002)] l_pix: 1.9386e-01 l_lpips: 1.8872e-01 
2026-07-28 00:50:03,372 INFO: [000_U..][epoch:174, iter: 139,500, lr:(4.999e-05,3.499e-05,)] [eta: 9:22:44, time (data): 0.155 (0.002)] l_pix: 1.2564e-01 l_lpips: 1.2476e-01 
2026-07-28 00:50:18,920 INFO: [000_U..][epoch:174, iter: 139,600, lr:(4.999e-05,3.499e-05,)] [eta: 9:22:17, time (data): 0.155 (0.002)] l_pix: 2.7011e-01 l_lpips: 2.4219e-01 
2026-07-28 00:50:34,456 INFO: [000_U..][epoch:174, iter: 139,700, lr:(4.999e-05,3.499e-05,)] [eta: 9:21:49, time (data): 0.154 (0.002)] l_pix: 1.3083e-01 l_lpips: 1.2646e-01 
2026-07-28 00:50:49,957 INFO: [000_U..][epoch:174, iter: 139,800, lr:(4.999e-05,3.499e-05,)] [eta: 9:21:22, time (data): 0.155 (0.002)] l_pix: 3.0229e-01 l_lpips: 2.7222e-01 
2026-07-28 00:51:05,522 INFO: [000_U..][epoch:174, iter: 139,900, lr:(4.999e-05,3.499e-05,)] [eta: 9:20:55, time (data): 0.157 (0.002)] l_pix: 2.1296e-01 l_lpips: 2.0935e-01 
2026-07-28 00:51:21,049 INFO: [000_U..][epoch:174, iter: 140,000, lr:(4.999e-05,3.499e-05,)] [eta: 9:20:28, time (data): 0.155 (0.002)] l_pix: 2.2809e-01 l_lpips: 2.1631e-01 
2026-07-28 00:51:21,050 INFO: Saving models and training states.
2026-07-28 00:55:53,758 INFO: Validation RealSRV3
	 # psnr: 24.4604	Best: 24.4604 @ 140000 iter
	 # ssim: 0.6865	Best: 0.6865 @ 140000 iter
	 # lpips: 0.3616	Best: 0.3527 @ 120000 iter

2026-07-28 00:56:09,528 INFO: [000_U..][epoch:175, iter: 140,100, lr:(4.999e-05,3.499e-05,)] [eta: 9:25:12, time (data): 0.159 (0.002)] l_pix: 2.5552e-01 l_lpips: 2.4487e-01 
2026-07-28 00:56:25,835 INFO: [000_U..][epoch:175, iter: 140,200, lr:(4.999e-05,3.499e-05,)] [eta: 9:24:45, time (data): 0.163 (0.002)] l_pix: 1.9269e-01 l_lpips: 1.8579e-01 
2026-07-28 00:56:42,527 INFO: [000_U..][epoch:175, iter: 140,300, lr:(4.999e-05,3.499e-05,)] [eta: 9:24:19, time (data): 0.164 (0.002)] l_pix: 2.1945e-01 l_lpips: 2.1155e-01 
2026-07-28 00:56:59,162 INFO: [000_U..][epoch:175, iter: 140,400, lr:(4.999e-05,3.499e-05,)] [eta: 9:23:52, time (data): 0.166 (0.002)] l_pix: 1.7570e-01 l_lpips: 1.6138e-01 
2026-07-28 00:57:15,605 INFO: [000_U..][epoch:175, iter: 140,500, lr:(4.999e-05,3.499e-05,)] [eta: 9:23:26, time (data): 0.164 (0.002)] l_pix: 8.6693e-02 l_lpips: 8.2642e-02 
2026-07-28 00:57:31,922 INFO: [000_U..][epoch:175, iter: 140,600, lr:(4.999e-05,3.499e-05,)] [eta: 9:22:59, time (data): 0.163 (0.002)] l_pix: 1.0655e-01 l_lpips: 1.0559e-01 
2026-07-28 00:57:48,171 INFO: [000_U..][epoch:175, iter: 140,700, lr:(4.999e-05,3.499e-05,)] [eta: 9:22:32, time (data): 0.163 (0.002)] l_pix: 2.0356e-01 l_lpips: 1.9043e-01 
2026-07-28 00:58:04,026 INFO: [000_U..][epoch:175, iter: 140,800, lr:(4.999e-05,3.499e-05,)] [eta: 9:22:05, time (data): 0.159 (0.002)] l_pix: 7.1378e-02 l_lpips: 7.0496e-02 
2026-07-28 00:58:19,758 INFO: [000_U..][epoch:176, iter: 140,900, lr:(4.999e-05,3.499e-05,)] [eta: 9:21:38, time (data): 0.158 (0.003)] l_pix: 2.5935e-01 l_lpips: 2.5684e-01 
2026-07-28 00:58:35,675 INFO: [000_U..][epoch:176, iter: 141,000, lr:(4.999e-05,3.499e-05,)] [eta: 9:21:10, time (data): 0.159 (0.002)] l_pix: 1.6759e-01 l_lpips: 1.5930e-01 
2026-07-28 00:58:51,496 INFO: [000_U..][epoch:176, iter: 141,100, lr:(4.999e-05,3.499e-05,)] [eta: 9:20:43, time (data): 0.159 (0.002)] l_pix: 1.6997e-01 l_lpips: 1.5710e-01 
2026-07-28 00:59:07,392 INFO: [000_U..][epoch:176, iter: 141,200, lr:(4.999e-05,3.499e-05,)] [eta: 9:20:16, time (data): 0.159 (0.002)] l_pix: 2.3433e-01 l_lpips: 2.2266e-01 
2026-07-28 00:59:23,040 INFO: [000_U..][epoch:176, iter: 141,300, lr:(4.999e-05,3.499e-05,)] [eta: 9:19:49, time (data): 0.158 (0.002)] l_pix: 6.2559e-02 l_lpips: 6.0333e-02 
2026-07-28 00:59:38,890 INFO: [000_U..][epoch:176, iter: 141,400, lr:(4.999e-05,3.499e-05,)] [eta: 9:19:22, time (data): 0.158 (0.002)] l_pix: 5.4653e-02 l_lpips: 4.7119e-02 
2026-07-28 00:59:54,552 INFO: [000_U..][epoch:176, iter: 141,500, lr:(4.999e-05,3.499e-05,)] [eta: 9:18:54, time (data): 0.158 (0.002)] l_pix: 1.6186e-01 l_lpips: 1.5698e-01 
2026-07-28 01:00:10,056 INFO: [000_U..][epoch:176, iter: 141,600, lr:(4.999e-05,3.499e-05,)] [eta: 9:18:27, time (data): 0.155 (0.002)] l_pix: 1.9197e-01 l_lpips: 1.8140e-01 
2026-07-28 01:00:25,902 INFO: [000_U..][epoch:177, iter: 141,700, lr:(4.999e-05,3.499e-05,)] [eta: 9:18:00, time (data): 0.157 (0.003)] l_pix: 1.1591e-01 l_lpips: 1.1328e-01 
2026-07-28 01:00:41,485 INFO: [000_U..][epoch:177, iter: 141,800, lr:(4.999e-05,3.499e-05,)] [eta: 9:17:32, time (data): 0.156 (0.002)] l_pix: 2.0386e-01 l_lpips: 1.9556e-01 
2026-07-28 01:00:57,095 INFO: [000_U..][epoch:177, iter: 141,900, lr:(4.999e-05,3.499e-05,)] [eta: 9:17:05, time (data): 0.156 (0.002)] l_pix: 2.0146e-01 l_lpips: 1.9556e-01 
2026-07-28 01:01:12,673 INFO: [000_U..][epoch:177, iter: 142,000, lr:(4.999e-05,3.499e-05,)] [eta: 9:16:38, time (data): 0.156 (0.002)] l_pix: 2.4718e-01 l_lpips: 2.3682e-01 
2026-07-28 01:01:28,304 INFO: [000_U..][epoch:177, iter: 142,100, lr:(4.999e-05,3.499e-05,)] [eta: 9:16:10, time (data): 0.156 (0.002)] l_pix: 2.0854e-01 l_lpips: 1.9556e-01 
2026-07-28 01:01:43,910 INFO: [000_U..][epoch:177, iter: 142,200, lr:(4.999e-05,3.499e-05,)] [eta: 9:15:43, time (data): 0.156 (0.002)] l_pix: 2.3787e-01 l_lpips: 2.2522e-01 
2026-07-28 01:01:59,395 INFO: [000_U..][epoch:177, iter: 142,300, lr:(4.999e-05,3.499e-05,)] [eta: 9:15:16, time (data): 0.155 (0.002)] l_pix: 2.0011e-01 l_lpips: 1.7773e-01 
2026-07-28 01:02:14,851 INFO: [000_U..][epoch:177, iter: 142,400, lr:(4.999e-05,3.499e-05,)] [eta: 9:14:48, time (data): 0.154 (0.002)] l_pix: 2.1958e-01 l_lpips: 2.0544e-01 
2026-07-28 01:02:30,706 INFO: [000_U..][epoch:178, iter: 142,500, lr:(4.999e-05,3.499e-05,)] [eta: 9:14:21, time (data): 0.157 (0.003)] l_pix: 1.4075e-01 l_lpips: 1.3855e-01 
2026-07-28 01:02:46,235 INFO: [000_U..][epoch:178, iter: 142,600, lr:(4.999e-05,3.499e-05,)] [eta: 9:13:54, time (data): 0.155 (0.002)] l_pix: 2.7985e-01 l_lpips: 2.6758e-01 
2026-07-28 01:03:01,705 INFO: [000_U..][epoch:178, iter: 142,700, lr:(4.999e-05,3.499e-05,)] [eta: 9:13:27, time (data): 0.155 (0.002)] l_pix: 1.5840e-01 l_lpips: 1.5405e-01 
2026-07-28 01:03:17,203 INFO: [000_U..][epoch:178, iter: 142,800, lr:(4.999e-05,3.499e-05,)] [eta: 9:13:00, time (data): 0.155 (0.002)] l_pix: 2.0801e-01 l_lpips: 2.0154e-01 
2026-07-28 01:03:32,827 INFO: [000_U..][epoch:178, iter: 142,900, lr:(4.999e-05,3.499e-05,)] [eta: 9:12:32, time (data): 0.156 (0.002)] l_pix: 1.0974e-01 l_lpips: 1.0767e-01 
2026-07-28 01:03:48,304 INFO: [000_U..][epoch:178, iter: 143,000, lr:(4.999e-05,3.499e-05,)] [eta: 9:12:05, time (data): 0.155 (0.002)] l_pix: 2.1443e-01 l_lpips: 2.0801e-01 
2026-07-28 01:04:03,629 INFO: [000_U..][epoch:178, iter: 143,100, lr:(4.999e-05,3.499e-05,)] [eta: 9:11:38, time (data): 0.154 (0.002)] l_pix: 5.9745e-02 l_lpips: 5.6824e-02 
2026-07-28 01:04:18,919 INFO: [000_U..][epoch:178, iter: 143,200, lr:(4.999e-05,3.499e-05,)] [eta: 9:11:10, time (data): 0.153 (0.002)] l_pix: 7.0640e-02 l_lpips: 6.5735e-02 
2026-07-28 01:04:35,220 INFO: [000_U..][epoch:179, iter: 143,300, lr:(4.999e-05,3.499e-05,)] [eta: 9:10:44, time (data): 0.158 (0.003)] l_pix: 1.6767e-01 l_lpips: 1.5332e-01 
2026-07-28 01:04:51,019 INFO: [000_U..][epoch:179, iter: 143,400, lr:(4.999e-05,3.499e-05,)] [eta: 9:10:17, time (data): 0.158 (0.002)] l_pix: 1.7058e-01 l_lpips: 1.6772e-01 
2026-07-28 01:05:06,668 INFO: [000_U..][epoch:179, iter: 143,500, lr:(4.999e-05,3.499e-05,)] [eta: 9:09:50, time (data): 0.157 (0.002)] l_pix: 1.2624e-01 l_lpips: 1.2402e-01 
2026-07-28 01:05:22,155 INFO: [000_U..][epoch:179, iter: 143,600, lr:(4.999e-05,3.499e-05,)] [eta: 9:09:23, time (data): 0.155 (0.002)] l_pix: 2.1277e-01 l_lpips: 1.9702e-01 
2026-07-28 01:05:37,538 INFO: [000_U..][epoch:179, iter: 143,700, lr:(4.999e-05,3.499e-05,)] [eta: 9:08:56, time (data): 0.154 (0.002)] l_pix: 1.5944e-01 l_lpips: 1.4917e-01 
2026-07-28 01:05:52,994 INFO: [000_U..][epoch:179, iter: 143,800, lr:(4.999e-05,3.499e-05,)] [eta: 9:08:28, time (data): 0.155 (0.002)] l_pix: 2.7958e-01 l_lpips: 2.6343e-01 
2026-07-28 01:06:08,418 INFO: [000_U..][epoch:179, iter: 143,900, lr:(4.999e-05,3.499e-05,)] [eta: 9:08:01, time (data): 0.154 (0.002)] l_pix: 2.3429e-01 l_lpips: 2.1753e-01 
2026-07-28 01:06:23,811 INFO: [000_U..][epoch:179, iter: 144,000, lr:(4.999e-05,3.499e-05,)] [eta: 9:07:34, time (data): 0.154 (0.002)] l_pix: 1.3410e-01 l_lpips: 1.1975e-01 
2026-07-28 01:06:39,722 INFO: [000_U..][epoch:180, iter: 144,100, lr:(4.999e-05,3.499e-05,)] [eta: 9:07:07, time (data): 0.157 (0.004)] l_pix: 1.6486e-01 l_lpips: 1.5210e-01 
2026-07-28 01:06:55,028 INFO: [000_U..][epoch:180, iter: 144,200, lr:(4.999e-05,3.499e-05,)] [eta: 9:06:40, time (data): 0.153 (0.002)] l_pix: 3.9681e-01 l_lpips: 3.4668e-01 
2026-07-28 01:07:10,379 INFO: [000_U..][epoch:180, iter: 144,300, lr:(4.999e-05,3.499e-05,)] [eta: 9:06:13, time (data): 0.153 (0.002)] l_pix: 5.8369e-02 l_lpips: 5.6366e-02 
2026-07-28 01:07:25,833 INFO: [000_U..][epoch:180, iter: 144,400, lr:(4.999e-05,3.499e-05,)] [eta: 9:05:46, time (data): 0.155 (0.002)] l_pix: 2.5062e-01 l_lpips: 2.4316e-01 
2026-07-28 01:07:41,145 INFO: [000_U..][epoch:180, iter: 144,500, lr:(4.999e-05,3.499e-05,)] [eta: 9:05:19, time (data): 0.154 (0.002)] l_pix: 2.1201e-01 l_lpips: 1.9995e-01 
2026-07-28 01:07:56,474 INFO: [000_U..][epoch:180, iter: 144,600, lr:(4.999e-05,3.499e-05,)] [eta: 9:04:51, time (data): 0.153 (0.002)] l_pix: 2.2794e-01 l_lpips: 2.1790e-01 
2026-07-28 01:08:11,908 INFO: [000_U..][epoch:180, iter: 144,700, lr:(4.999e-05,3.499e-05,)] [eta: 9:04:24, time (data): 0.154 (0.002)] l_pix: 3.6104e-03 l_lpips: 1.7500e-04 
2026-07-28 01:08:27,343 INFO: [000_U..][epoch:180, iter: 144,800, lr:(4.999e-05,3.499e-05,)] [eta: 9:03:57, time (data): 0.155 (0.002)] l_pix: 1.8764e-01 l_lpips: 1.7456e-01 
2026-07-28 01:08:43,345 INFO: [000_U..][epoch:181, iter: 144,900, lr:(4.999e-05,3.499e-05,)] [eta: 9:03:31, time (data): 0.158 (0.003)] l_pix: 4.8199e-02 l_lpips: 4.4952e-02 
2026-07-28 01:08:59,211 INFO: [000_U..][epoch:181, iter: 145,000, lr:(4.999e-05,3.499e-05,)] [eta: 9:03:04, time (data): 0.159 (0.002)] l_pix: 2.1066e-01 l_lpips: 2.0190e-01 
2026-07-28 01:13:27,771 INFO: Validation RealSRV3
	 # psnr: 24.3316	Best: 24.4604 @ 140000 iter
	 # ssim: 0.6851	Best: 0.6865 @ 140000 iter
	 # lpips: 0.3647	Best: 0.3527 @ 120000 iter

2026-07-28 01:13:43,693 INFO: [000_U..][epoch:181, iter: 145,100, lr:(4.999e-05,3.499e-05,)] [eta: 9:07:25, time (data): 0.159 (0.002)] l_pix: 1.2686e-01 l_lpips: 1.2262e-01 
2026-07-28 01:13:59,385 INFO: [000_U..][epoch:181, iter: 145,200, lr:(4.999e-05,3.499e-05,)] [eta: 9:06:58, time (data): 0.156 (0.002)] l_pix: 2.2829e-01 l_lpips: 2.1436e-01 
2026-07-28 01:14:15,194 INFO: [000_U..][epoch:181, iter: 145,300, lr:(4.999e-05,3.499e-05,)] [eta: 9:06:31, time (data): 0.157 (0.002)] l_pix: 1.4115e-01 l_lpips: 1.3953e-01 
2026-07-28 01:14:30,749 INFO: [000_U..][epoch:181, iter: 145,400, lr:(4.999e-05,3.499e-05,)] [eta: 9:06:03, time (data): 0.156 (0.002)] l_pix: 2.6916e-01 l_lpips: 2.5488e-01 
2026-07-28 01:14:46,140 INFO: [000_U..][epoch:181, iter: 145,500, lr:(4.999e-05,3.499e-05,)] [eta: 9:05:36, time (data): 0.155 (0.002)] l_pix: 1.5941e-01 l_lpips: 1.4709e-01 
2026-07-28 01:15:01,668 INFO: [000_U..][epoch:181, iter: 145,600, lr:(4.999e-05,3.499e-05,)] [eta: 9:05:09, time (data): 0.156 (0.002)] l_pix: 1.2641e-01 l_lpips: 1.2207e-01 
2026-07-28 01:15:17,916 INFO: [000_U..][epoch:182, iter: 145,700, lr:(4.999e-05,3.499e-05,)] [eta: 9:04:42, time (data): 0.160 (0.003)] l_pix: 4.8548e-02 l_lpips: 4.6051e-02 
2026-07-28 01:15:33,811 INFO: [000_U..][epoch:182, iter: 145,800, lr:(4.999e-05,3.499e-05,)] [eta: 9:04:16, time (data): 0.159 (0.002)] l_pix: 2.3291e-01 l_lpips: 2.2827e-01 
2026-07-28 01:15:49,596 INFO: [000_U..][epoch:182, iter: 145,900, lr:(4.999e-05,3.499e-05,)] [eta: 9:03:49, time (data): 0.158 (0.002)] l_pix: 2.2155e-01 l_lpips: 2.1387e-01 
2026-07-28 01:16:05,365 INFO: [000_U..][epoch:182, iter: 146,000, lr:(4.999e-05,3.499e-05,)] [eta: 9:03:22, time (data): 0.158 (0.002)] l_pix: 1.5033e-01 l_lpips: 1.4661e-01 
2026-07-28 01:16:21,043 INFO: [000_U..][epoch:182, iter: 146,100, lr:(4.999e-05,3.499e-05,)] [eta: 9:02:55, time (data): 0.157 (0.002)] l_pix: 1.9370e-01 l_lpips: 1.8701e-01 
2026-07-28 01:16:36,606 INFO: [000_U..][epoch:182, iter: 146,200, lr:(4.999e-05,3.499e-05,)] [eta: 9:02:28, time (data): 0.156 (0.002)] l_pix: 1.9512e-01 l_lpips: 1.8835e-01 
2026-07-28 01:16:52,631 INFO: [000_U..][epoch:182, iter: 146,300, lr:(4.999e-05,3.499e-05,)] [eta: 9:02:01, time (data): 0.158 (0.002)] l_pix: 1.8423e-01 l_lpips: 1.7944e-01 
2026-07-28 01:17:08,497 INFO: [000_U..][epoch:182, iter: 146,400, lr:(4.999e-05,3.499e-05,)] [eta: 9:01:35, time (data): 0.160 (0.002)] l_pix: 2.5150e-01 l_lpips: 2.1655e-01 
2026-07-28 01:17:24,866 INFO: [000_U..][epoch:183, iter: 146,500, lr:(4.999e-05,3.499e-05,)] [eta: 9:01:08, time (data): 0.162 (0.003)] l_pix: 2.2310e-01 l_lpips: 2.0703e-01 
2026-07-28 01:17:40,763 INFO: [000_U..][epoch:183, iter: 146,600, lr:(4.999e-05,3.499e-05,)] [eta: 9:00:42, time (data): 0.159 (0.002)] l_pix: 2.4048e-01 l_lpips: 2.3560e-01 
2026-07-28 01:17:56,566 INFO: [000_U..][epoch:183, iter: 146,700, lr:(4.999e-05,3.499e-05,)] [eta: 9:00:15, time (data): 0.158 (0.002)] l_pix: 7.7922e-02 l_lpips: 7.3914e-02 
2026-07-28 01:18:12,590 INFO: [000_U..][epoch:183, iter: 146,800, lr:(4.999e-05,3.499e-05,)] [eta: 8:59:49, time (data): 0.161 (0.003)] l_pix: 2.2666e-01 l_lpips: 1.8701e-01 
2026-07-28 01:18:28,685 INFO: [000_U..][epoch:183, iter: 146,900, lr:(4.999e-05,3.499e-05,)] [eta: 8:59:22, time (data): 0.161 (0.002)] l_pix: 2.0678e-01 l_lpips: 1.9678e-01 
2026-07-28 01:18:44,854 INFO: [000_U..][epoch:183, iter: 147,000, lr:(4.999e-05,3.499e-05,)] [eta: 8:58:56, time (data): 0.161 (0.002)] l_pix: 1.4939e-01 l_lpips: 1.4294e-01 
2026-07-28 01:19:01,003 INFO: [000_U..][epoch:183, iter: 147,100, lr:(4.999e-05,3.499e-05,)] [eta: 8:58:30, time (data): 0.161 (0.002)] l_pix: 7.5070e-02 l_lpips: 7.1289e-02 
2026-07-28 01:19:17,166 INFO: [000_U..][epoch:183, iter: 147,200, lr:(4.999e-05,3.499e-05,)] [eta: 8:58:03, time (data): 0.162 (0.002)] l_pix: 1.1658e-01 l_lpips: 1.1151e-01 
2026-07-28 01:19:33,213 INFO: [000_U..][epoch:184, iter: 147,300, lr:(4.999e-05,3.499e-05,)] [eta: 8:57:37, time (data): 0.161 (0.003)] l_pix: 2.5138e-01 l_lpips: 2.3486e-01 
2026-07-28 01:19:48,955 INFO: [000_U..][epoch:184, iter: 147,400, lr:(4.999e-05,3.499e-05,)] [eta: 8:57:10, time (data): 0.157 (0.002)] l_pix: 5.3670e-02 l_lpips: 5.0476e-02 
2026-07-28 01:20:04,929 INFO: [000_U..][epoch:184, iter: 147,500, lr:(4.999e-05,3.499e-05,)] [eta: 8:56:44, time (data): 0.159 (0.002)] l_pix: 3.0727e-01 l_lpips: 2.5977e-01 
2026-07-28 01:20:20,710 INFO: [000_U..][epoch:184, iter: 147,600, lr:(4.999e-05,3.499e-05,)] [eta: 8:56:17, time (data): 0.157 (0.002)] l_pix: 6.8563e-02 l_lpips: 6.4697e-02 
2026-07-28 01:20:36,495 INFO: [000_U..][epoch:184, iter: 147,700, lr:(4.999e-05,3.499e-05,)] [eta: 8:55:51, time (data): 0.158 (0.002)] l_pix: 8.3485e-02 l_lpips: 7.9163e-02 
2026-07-28 01:20:52,318 INFO: [000_U..][epoch:184, iter: 147,800, lr:(4.999e-05,3.499e-05,)] [eta: 8:55:24, time (data): 0.158 (0.002)] l_pix: 2.3824e-01 l_lpips: 2.3340e-01 
2026-07-28 01:21:08,095 INFO: [000_U..][epoch:184, iter: 147,900, lr:(4.999e-05,3.499e-05,)] [eta: 8:54:57, time (data): 0.158 (0.002)] l_pix: 1.1572e-01 l_lpips: 1.1237e-01 
2026-07-28 01:21:24,020 INFO: [000_U..][epoch:184, iter: 148,000, lr:(4.999e-05,3.499e-05,)] [eta: 8:54:31, time (data): 0.160 (0.002)] l_pix: 7.8962e-02 l_lpips: 7.6782e-02 
2026-07-28 01:21:39,972 INFO: [000_U..][epoch:185, iter: 148,100, lr:(4.999e-05,3.499e-05,)] [eta: 8:54:05, time (data): 0.160 (0.003)] l_pix: 2.3330e-01 l_lpips: 2.1338e-01 
2026-07-28 01:21:55,614 INFO: [000_U..][epoch:185, iter: 148,200, lr:(4.999e-05,3.499e-05,)] [eta: 8:53:38, time (data): 0.156 (0.002)] l_pix: 1.7225e-01 l_lpips: 1.6296e-01 
2026-07-28 01:22:11,256 INFO: [000_U..][epoch:185, iter: 148,300, lr:(4.999e-05,3.499e-05,)] [eta: 8:53:11, time (data): 0.156 (0.002)] l_pix: 5.9022e-02 l_lpips: 5.6641e-02 
2026-07-28 01:22:27,087 INFO: [000_U..][epoch:185, iter: 148,400, lr:(4.999e-05,3.499e-05,)] [eta: 8:52:45, time (data): 0.158 (0.002)] l_pix: 2.4413e-01 l_lpips: 2.4097e-01 
2026-07-28 01:22:42,953 INFO: [000_U..][epoch:185, iter: 148,500, lr:(4.999e-05,3.499e-05,)] [eta: 8:52:18, time (data): 0.159 (0.002)] l_pix: 8.2235e-02 l_lpips: 7.8491e-02 
2026-07-28 01:22:58,335 INFO: [000_U..][epoch:185, iter: 148,600, lr:(4.999e-05,3.499e-05,)] [eta: 8:51:51, time (data): 0.154 (0.002)] l_pix: 2.0686e-01 l_lpips: 1.9958e-01 
2026-07-28 01:23:13,647 INFO: [000_U..][epoch:185, iter: 148,700, lr:(4.999e-05,3.499e-05,)] [eta: 8:51:25, time (data): 0.153 (0.002)] l_pix: 2.1157e-01 l_lpips: 2.0068e-01 
2026-07-28 01:23:28,945 INFO: [000_U..][epoch:185, iter: 148,800, lr:(4.999e-05,3.499e-05,)] [eta: 8:50:58, time (data): 0.153 (0.002)] l_pix: 1.8971e-01 l_lpips: 1.8530e-01 
2026-07-28 01:23:44,808 INFO: [000_U..][epoch:186, iter: 148,900, lr:(4.999e-05,3.499e-05,)] [eta: 8:50:31, time (data): 0.157 (0.003)] l_pix: 9.4099e-02 l_lpips: 9.0820e-02 
2026-07-28 01:24:00,221 INFO: [000_U..][epoch:186, iter: 149,000, lr:(4.999e-05,3.499e-05,)] [eta: 8:50:04, time (data): 0.153 (0.002)] l_pix: 1.4195e-01 l_lpips: 1.3867e-01 
2026-07-28 01:24:15,975 INFO: [000_U..][epoch:186, iter: 149,100, lr:(4.999e-05,3.499e-05,)] [eta: 8:49:38, time (data): 0.156 (0.002)] l_pix: 2.3781e-01 l_lpips: 2.2290e-01 
2026-07-28 01:24:31,948 INFO: [000_U..][epoch:186, iter: 149,200, lr:(4.999e-05,3.499e-05,)] [eta: 8:49:12, time (data): 0.161 (0.002)] l_pix: 1.9078e-01 l_lpips: 1.7603e-01 
2026-07-28 01:24:47,925 INFO: [000_U..][epoch:186, iter: 149,300, lr:(4.999e-05,3.499e-05,)] [eta: 8:48:46, time (data): 0.160 (0.002)] l_pix: 1.8291e-01 l_lpips: 1.7236e-01 
2026-07-28 01:25:03,803 INFO: [000_U..][epoch:186, iter: 149,400, lr:(4.999e-05,3.499e-05,)] [eta: 8:48:19, time (data): 0.157 (0.002)] l_pix: 1.5147e-01 l_lpips: 1.3879e-01 
2026-07-28 01:25:19,421 INFO: [000_U..][epoch:186, iter: 149,500, lr:(4.999e-05,3.499e-05,)] [eta: 8:47:53, time (data): 0.156 (0.002)] l_pix: 5.2591e-02 l_lpips: 5.0720e-02 
2026-07-28 01:25:35,095 INFO: [000_U..][epoch:186, iter: 149,600, lr:(4.999e-05,3.499e-05,)] [eta: 8:47:26, time (data): 0.157 (0.002)] l_pix: 2.3471e-01 l_lpips: 2.1362e-01 
2026-07-28 01:25:51,291 INFO: [000_U..][epoch:187, iter: 149,700, lr:(4.999e-05,3.499e-05,)] [eta: 8:47:00, time (data): 0.160 (0.003)] l_pix: 7.9518e-02 l_lpips: 7.5256e-02 
2026-07-28 01:26:07,455 INFO: [000_U..][epoch:187, iter: 149,800, lr:(4.999e-05,3.499e-05,)] [eta: 8:46:35, time (data): 0.162 (0.002)] l_pix: 2.8302e-01 l_lpips: 2.6001e-01 
2026-07-28 01:26:23,323 INFO: [000_U..][epoch:187, iter: 149,900, lr:(4.999e-05,3.499e-05,)] [eta: 8:46:08, time (data): 0.160 (0.002)] l_pix: 7.5217e-02 l_lpips: 7.2571e-02 
2026-07-28 01:26:39,025 INFO: [000_U..][epoch:187, iter: 150,000, lr:(4.999e-05,3.499e-05,)] [eta: 8:45:42, time (data): 0.156 (0.002)] l_pix: 2.1507e-01 l_lpips: 2.0129e-01 
2026-07-28 01:26:39,025 INFO: Saving models and training states.
2026-07-28 01:31:09,828 INFO: Validation RealSRV3
	 # psnr: 24.6463	Best: 24.6463 @ 150000 iter
	 # ssim: 0.6925	Best: 0.6925 @ 150000 iter
	 # lpips: 0.3633	Best: 0.3527 @ 120000 iter

2026-07-28 01:31:25,149 INFO: [000_U..][epoch:187, iter: 150,100, lr:(4.999e-05,3.499e-05,)] [eta: 8:49:46, time (data): 0.154 (0.002)] l_pix: 1.7686e-01 l_lpips: 1.7078e-01 
2026-07-28 01:31:40,435 INFO: [000_U..][epoch:187, iter: 150,200, lr:(4.999e-05,3.499e-05,)] [eta: 8:49:19, time (data): 0.153 (0.002)] l_pix: 2.1488e-01 l_lpips: 2.0972e-01 
2026-07-28 01:31:55,800 INFO: [000_U..][epoch:187, iter: 150,300, lr:(4.999e-05,3.499e-05,)] [eta: 8:48:52, time (data): 0.153 (0.002)] l_pix: 2.2538e-01 l_lpips: 2.1680e-01 
2026-07-28 01:32:11,425 INFO: [000_U..][epoch:187, iter: 150,400, lr:(4.999e-05,3.499e-05,)] [eta: 8:48:25, time (data): 0.156 (0.002)] l_pix: 2.2647e-01 l_lpips: 2.1021e-01 
2026-07-28 01:32:27,470 INFO: [000_U..][epoch:188, iter: 150,500, lr:(4.999e-05,3.499e-05,)] [eta: 8:47:59, time (data): 0.159 (0.003)] l_pix: 2.2503e-01 l_lpips: 2.2070e-01 
2026-07-28 01:32:43,105 INFO: [000_U..][epoch:188, iter: 150,600, lr:(4.999e-05,3.499e-05,)] [eta: 8:47:32, time (data): 0.156 (0.002)] l_pix: 2.9126e-01 l_lpips: 2.7515e-01 
2026-07-28 01:32:58,645 INFO: [000_U..][epoch:188, iter: 150,700, lr:(4.999e-05,3.499e-05,)] [eta: 8:47:05, time (data): 0.156 (0.002)] l_pix: 2.1265e-01 l_lpips: 1.9604e-01 
2026-07-28 01:33:14,107 INFO: [000_U..][epoch:188, iter: 150,800, lr:(4.999e-05,3.499e-05,)] [eta: 8:46:38, time (data): 0.155 (0.002)] l_pix: 2.4159e-01 l_lpips: 2.1558e-01 
2026-07-28 01:33:29,676 INFO: [000_U..][epoch:188, iter: 150,900, lr:(4.999e-05,3.499e-05,)] [eta: 8:46:11, time (data): 0.155 (0.002)] l_pix: 2.2617e-01 l_lpips: 2.0703e-01 
2026-07-28 01:33:45,369 INFO: [000_U..][epoch:188, iter: 151,000, lr:(4.999e-05,3.499e-05,)] [eta: 8:45:45, time (data): 0.159 (0.002)] l_pix: 9.5843e-02 l_lpips: 8.9478e-02 
2026-07-28 01:34:01,063 INFO: [000_U..][epoch:188, iter: 151,100, lr:(4.999e-05,3.499e-05,)] [eta: 8:45:18, time (data): 0.157 (0.002)] l_pix: 2.5852e-01 l_lpips: 2.4536e-01 
2026-07-28 01:34:16,434 INFO: [000_U..][epoch:188, iter: 151,200, lr:(4.999e-05,3.499e-05,)] [eta: 8:44:51, time (data): 0.154 (0.002)] l_pix: 1.5914e-01 l_lpips: 1.5527e-01 
2026-07-28 01:34:32,222 INFO: [000_U..][epoch:189, iter: 151,300, lr:(4.999e-05,3.499e-05,)] [eta: 8:44:25, time (data): 0.157 (0.003)] l_pix: 2.4672e-01 l_lpips: 2.3962e-01 
2026-07-28 01:34:48,042 INFO: [000_U..][epoch:189, iter: 151,400, lr:(4.999e-05,3.499e-05,)] [eta: 8:43:59, time (data): 0.155 (0.002)] l_pix: 2.6039e-01 l_lpips: 2.4097e-01 
2026-07-28 01:35:03,596 INFO: [000_U..][epoch:189, iter: 151,500, lr:(4.999e-05,3.499e-05,)] [eta: 8:43:32, time (data): 0.156 (0.002)] l_pix: 7.8014e-02 l_lpips: 7.4890e-02 
2026-07-28 01:35:18,943 INFO: [000_U..][epoch:189, iter: 151,600, lr:(4.999e-05,3.499e-05,)] [eta: 8:43:05, time (data): 0.154 (0.002)] l_pix: 6.3733e-02 l_lpips: 6.1035e-02 
2026-07-28 01:35:34,275 INFO: [000_U..][epoch:189, iter: 151,700, lr:(4.999e-05,3.499e-05,)] [eta: 8:42:38, time (data): 0.153 (0.002)] l_pix: 1.8199e-01 l_lpips: 1.6370e-01 
2026-07-28 01:35:49,575 INFO: [000_U..][epoch:189, iter: 151,800, lr:(4.999e-05,3.499e-05,)] [eta: 8:42:11, time (data): 0.152 (0.002)] l_pix: 8.4618e-02 l_lpips: 8.0322e-02 
2026-07-28 01:36:04,910 INFO: [000_U..][epoch:189, iter: 151,900, lr:(4.999e-05,3.499e-05,)] [eta: 8:41:45, time (data): 0.153 (0.002)] l_pix: 2.0760e-01 l_lpips: 1.9873e-01 
2026-07-28 01:36:20,360 INFO: [000_U..][epoch:189, iter: 152,000, lr:(4.999e-05,3.499e-05,)] [eta: 8:41:18, time (data): 0.156 (0.002)] l_pix: 2.2484e-01 l_lpips: 2.1826e-01 
2026-07-28 01:36:36,500 INFO: [000_U..][epoch:190, iter: 152,100, lr:(4.999e-05,3.499e-05,)] [eta: 8:40:52, time (data): 0.160 (0.003)] l_pix: 2.4965e-01 l_lpips: 2.4756e-01 
2026-07-28 01:36:51,900 INFO: [000_U..][epoch:190, iter: 152,200, lr:(4.999e-05,3.499e-05,)] [eta: 8:40:25, time (data): 0.154 (0.002)] l_pix: 1.7128e-01 l_lpips: 1.6919e-01 
2026-07-28 01:37:07,319 INFO: [000_U..][epoch:190, iter: 152,300, lr:(4.999e-05,3.499e-05,)] [eta: 8:39:59, time (data): 0.154 (0.002)] l_pix: 1.3883e-01 l_lpips: 1.3599e-01 
2026-07-28 01:37:22,785 INFO: [000_U..][epoch:190, iter: 152,400, lr:(4.999e-05,3.499e-05,)] [eta: 8:39:32, time (data): 0.153 (0.002)] l_pix: 1.7904e-01 l_lpips: 1.7188e-01 
2026-07-28 01:37:38,419 INFO: [000_U..][epoch:190, iter: 152,500, lr:(4.999e-05,3.499e-05,)] [eta: 8:39:06, time (data): 0.155 (0.002)] l_pix: 9.1148e-02 l_lpips: 8.5815e-02 
2026-07-28 01:37:54,095 INFO: [000_U..][epoch:190, iter: 152,600, lr:(4.999e-05,3.499e-05,)] [eta: 8:38:39, time (data): 0.156 (0.002)] l_pix: 3.2313e-01 l_lpips: 2.9443e-01 
2026-07-28 01:38:09,715 INFO: [000_U..][epoch:190, iter: 152,700, lr:(4.999e-05,3.499e-05,)] [eta: 8:38:13, time (data): 0.156 (0.002)] l_pix: 2.1214e-01 l_lpips: 2.0178e-01 
2026-07-28 01:38:25,276 INFO: [000_U..][epoch:190, iter: 152,800, lr:(4.999e-05,3.499e-05,)] [eta: 8:37:46, time (data): 0.155 (0.002)] l_pix: 3.9982e-02 l_lpips: 3.7048e-02 
2026-07-28 01:38:40,991 INFO: [000_U..][epoch:191, iter: 152,900, lr:(4.999e-05,3.499e-05,)] [eta: 8:37:20, time (data): 0.157 (0.003)] l_pix: 6.9838e-02 l_lpips: 6.5857e-02 
2026-07-28 01:38:56,490 INFO: [000_U..][epoch:191, iter: 153,000, lr:(4.999e-05,3.499e-05,)] [eta: 8:36:54, time (data): 0.156 (0.002)] l_pix: 9.7702e-02 l_lpips: 9.6313e-02 
2026-07-28 01:39:11,945 INFO: [000_U..][epoch:191, iter: 153,100, lr:(4.999e-05,3.499e-05,)] [eta: 8:36:27, time (data): 0.155 (0.002)] l_pix: 1.8669e-01 l_lpips: 1.8323e-01 
2026-07-28 01:39:27,525 INFO: [000_U..][epoch:191, iter: 153,200, lr:(4.999e-05,3.499e-05,)] [eta: 8:36:01, time (data): 0.156 (0.002)] l_pix: 2.3813e-01 l_lpips: 2.3120e-01 
2026-07-28 01:39:43,467 INFO: [000_U..][epoch:191, iter: 153,300, lr:(4.999e-05,3.499e-05,)] [eta: 8:35:35, time (data): 0.158 (0.002)] l_pix: 2.3229e-01 l_lpips: 2.2559e-01 
2026-07-28 01:39:59,624 INFO: [000_U..][epoch:191, iter: 153,400, lr:(4.999e-05,3.499e-05,)] [eta: 8:35:09, time (data): 0.164 (0.002)] l_pix: 1.8038e-01 l_lpips: 1.7578e-01 
2026-07-28 01:40:16,313 INFO: [000_U..][epoch:191, iter: 153,500, lr:(4.999e-05,3.499e-05,)] [eta: 8:34:44, time (data): 0.166 (0.002)] l_pix: 2.1125e-01 l_lpips: 2.0349e-01 
2026-07-28 01:40:31,864 INFO: [000_U..][epoch:191, iter: 153,600, lr:(4.999e-05,3.499e-05,)] [eta: 8:34:17, time (data): 0.155 (0.002)] l_pix: 2.5461e-01 l_lpips: 2.3535e-01 
2026-07-28 01:40:47,887 INFO: [000_U..][epoch:192, iter: 153,700, lr:(4.999e-05,3.499e-05,)] [eta: 8:33:51, time (data): 0.159 (0.003)] l_pix: 2.2060e-01 l_lpips: 2.1484e-01 
2026-07-28 01:41:03,654 INFO: [000_U..][epoch:192, iter: 153,800, lr:(4.999e-05,3.499e-05,)] [eta: 8:33:25, time (data): 0.158 (0.002)] l_pix: 6.9410e-02 l_lpips: 6.6956e-02 
2026-07-28 01:41:19,417 INFO: [000_U..][epoch:192, iter: 153,900, lr:(4.999e-05,3.499e-05,)] [eta: 8:32:59, time (data): 0.158 (0.002)] l_pix: 2.1130e-01 l_lpips: 1.8726e-01 
2026-07-28 01:41:35,158 INFO: [000_U..][epoch:192, iter: 154,000, lr:(4.999e-05,3.499e-05,)] [eta: 8:32:33, time (data): 0.157 (0.002)] l_pix: 1.4321e-01 l_lpips: 1.3428e-01 
2026-07-28 01:41:50,922 INFO: [000_U..][epoch:192, iter: 154,100, lr:(4.999e-05,3.499e-05,)] [eta: 8:32:07, time (data): 0.158 (0.002)] l_pix: 2.1652e-01 l_lpips: 1.9873e-01 
2026-07-28 01:42:06,709 INFO: [000_U..][epoch:192, iter: 154,200, lr:(4.999e-05,3.499e-05,)] [eta: 8:31:41, time (data): 0.159 (0.002)] l_pix: 2.0626e-01 l_lpips: 2.0215e-01 
2026-07-28 01:42:22,409 INFO: [000_U..][epoch:192, iter: 154,300, lr:(4.999e-05,3.499e-05,)] [eta: 8:31:15, time (data): 0.157 (0.002)] l_pix: 5.1733e-02 l_lpips: 5.0232e-02 
2026-07-28 01:42:38,170 INFO: [000_U..][epoch:192, iter: 154,400, lr:(4.999e-05,3.499e-05,)] [eta: 8:30:49, time (data): 0.157 (0.002)] l_pix: 1.9819e-01 l_lpips: 1.9666e-01 
2026-07-28 01:42:54,387 INFO: [000_U..][epoch:193, iter: 154,500, lr:(4.999e-05,3.499e-05,)] [eta: 8:30:23, time (data): 0.161 (0.003)] l_pix: 2.5582e-01 l_lpips: 2.3755e-01 
2026-07-28 01:43:09,749 INFO: [000_U..][epoch:193, iter: 154,600, lr:(4.999e-05,3.499e-05,)] [eta: 8:29:57, time (data): 0.153 (0.002)] l_pix: 9.6445e-02 l_lpips: 9.2773e-02 
2026-07-28 01:43:25,118 INFO: [000_U..][epoch:193, iter: 154,700, lr:(4.999e-05,3.499e-05,)] [eta: 8:29:30, time (data): 0.154 (0.002)] l_pix: 2.3218e-01 l_lpips: 2.1692e-01 
2026-07-28 01:43:40,497 INFO: [000_U..][epoch:193, iter: 154,800, lr:(4.999e-05,3.499e-05,)] [eta: 8:29:04, time (data): 0.154 (0.002)] l_pix: 2.1912e-01 l_lpips: 2.0081e-01 
2026-07-28 01:43:55,802 INFO: [000_U..][epoch:193, iter: 154,900, lr:(4.999e-05,3.499e-05,)] [eta: 8:28:38, time (data): 0.153 (0.002)] l_pix: 1.6359e-01 l_lpips: 1.5967e-01 
2026-07-28 01:44:11,152 INFO: [000_U..][epoch:193, iter: 155,000, lr:(4.999e-05,3.499e-05,)] [eta: 8:28:11, time (data): 0.153 (0.002)] l_pix: 2.0816e-01 l_lpips: 1.9531e-01 
2026-07-28 01:48:40,446 INFO: Validation RealSRV3
	 # psnr: 24.4985	Best: 24.6463 @ 150000 iter
	 # ssim: 0.6888	Best: 0.6925 @ 150000 iter
	 # lpips: 0.3691	Best: 0.3527 @ 120000 iter

2026-07-28 01:48:55,698 INFO: [000_U..][epoch:193, iter: 155,100, lr:(4.999e-05,3.499e-05,)] [eta: 8:31:56, time (data): 0.153 (0.002)] l_pix: 2.3160e-01 l_lpips: 2.2168e-01 
2026-07-28 01:49:10,956 INFO: [000_U..][epoch:193, iter: 155,200, lr:(4.999e-05,3.499e-05,)] [eta: 8:31:30, time (data): 0.152 (0.002)] l_pix: 2.4461e-01 l_lpips: 2.2095e-01 
2026-07-28 01:49:26,604 INFO: [000_U..][epoch:194, iter: 155,300, lr:(4.999e-05,3.499e-05,)] [eta: 8:31:03, time (data): 0.155 (0.003)] l_pix: 2.4537e-01 l_lpips: 2.2656e-01 
2026-07-28 01:49:41,918 INFO: [000_U..][epoch:194, iter: 155,400, lr:(4.999e-05,3.499e-05,)] [eta: 8:30:37, time (data): 0.153 (0.002)] l_pix: 2.4564e-01 l_lpips: 2.3547e-01 
2026-07-28 01:49:57,185 INFO: [000_U..][epoch:194, iter: 155,500, lr:(4.999e-05,3.499e-05,)] [eta: 8:30:10, time (data): 0.153 (0.002)] l_pix: 2.0034e-01 l_lpips: 1.9397e-01 
2026-07-28 01:50:12,657 INFO: [000_U..][epoch:194, iter: 155,600, lr:(4.999e-05,3.499e-05,)] [eta: 8:29:43, time (data): 0.153 (0.002)] l_pix: 1.3290e-01 l_lpips: 1.2866e-01 
2026-07-28 01:50:27,909 INFO: [000_U..][epoch:194, iter: 155,700, lr:(4.999e-05,3.499e-05,)] [eta: 8:29:17, time (data): 0.153 (0.002)] l_pix: 2.3032e-01 l_lpips: 2.2095e-01 
2026-07-28 01:50:43,191 INFO: [000_U..][epoch:194, iter: 155,800, lr:(4.999e-05,3.499e-05,)] [eta: 8:28:50, time (data): 0.153 (0.002)] l_pix: 2.2213e-01 l_lpips: 1.9983e-01 
2026-07-28 01:50:58,469 INFO: [000_U..][epoch:194, iter: 155,900, lr:(4.999e-05,3.499e-05,)] [eta: 8:28:23, time (data): 0.153 (0.002)] l_pix: 5.9916e-02 l_lpips: 5.8228e-02 
2026-07-28 01:51:13,756 INFO: [000_U..][epoch:194, iter: 156,000, lr:(4.999e-05,3.499e-05,)] [eta: 8:27:57, time (data): 0.153 (0.002)] l_pix: 1.9122e-01 l_lpips: 1.8408e-01 
2026-07-28 01:51:29,814 INFO: [000_U..][epoch:195, iter: 156,100, lr:(4.999e-05,3.499e-05,)] [eta: 8:27:31, time (data): 0.159 (0.003)] l_pix: 1.9296e-01 l_lpips: 1.8835e-01 
2026-07-28 01:51:45,771 INFO: [000_U..][epoch:195, iter: 156,200, lr:(4.999e-05,3.499e-05,)] [eta: 8:27:05, time (data): 0.160 (0.002)] l_pix: 1.6464e-01 l_lpips: 1.5833e-01 
2026-07-28 01:52:01,339 INFO: [000_U..][epoch:195, iter: 156,300, lr:(4.999e-05,3.499e-05,)] [eta: 8:26:39, time (data): 0.156 (0.002)] l_pix: 2.3954e-01 l_lpips: 2.2754e-01 
2026-07-28 01:52:16,655 INFO: [000_U..][epoch:195, iter: 156,400, lr:(4.999e-05,3.499e-05,)] [eta: 8:26:12, time (data): 0.153 (0.002)] l_pix: 1.5411e-01 l_lpips: 1.4600e-01 
2026-07-28 01:52:31,953 INFO: [000_U..][epoch:195, iter: 156,500, lr:(4.999e-05,3.499e-05,)] [eta: 8:25:46, time (data): 0.153 (0.002)] l_pix: 2.7343e-01 l_lpips: 2.2253e-01 
2026-07-28 01:52:47,450 INFO: [000_U..][epoch:195, iter: 156,600, lr:(4.999e-05,3.499e-05,)] [eta: 8:25:19, time (data): 0.153 (0.002)] l_pix: 1.2065e-01 l_lpips: 1.1548e-01 
2026-07-28 01:53:02,747 INFO: [000_U..][epoch:195, iter: 156,700, lr:(4.999e-05,3.499e-05,)] [eta: 8:24:53, time (data): 0.153 (0.002)] l_pix: 1.2798e-01 l_lpips: 1.2305e-01 
2026-07-28 01:53:18,088 INFO: [000_U..][epoch:195, iter: 156,800, lr:(4.999e-05,3.499e-05,)] [eta: 8:24:26, time (data): 0.154 (0.002)] l_pix: 2.3817e-01 l_lpips: 2.1606e-01 
2026-07-28 01:53:34,418 INFO: [000_U..][epoch:196, iter: 156,900, lr:(4.999e-05,3.499e-05,)] [eta: 8:24:01, time (data): 0.162 (0.003)] l_pix: 2.2474e-01 l_lpips: 2.1533e-01 
2026-07-28 01:53:50,196 INFO: [000_U..][epoch:196, iter: 157,000, lr:(4.999e-05,3.499e-05,)] [eta: 8:23:35, time (data): 0.155 (0.002)] l_pix: 1.0480e-01 l_lpips: 9.4971e-02 
2026-07-28 01:54:05,733 INFO: [000_U..][epoch:196, iter: 157,100, lr:(4.999e-05,3.499e-05,)] [eta: 8:23:09, time (data): 0.155 (0.002)] l_pix: 4.6209e-02 l_lpips: 4.3182e-02 
2026-07-28 01:54:21,333 INFO: [000_U..][epoch:196, iter: 157,200, lr:(4.999e-05,3.499e-05,)] [eta: 8:22:43, time (data): 0.155 (0.002)] l_pix: 1.6342e-01 l_lpips: 1.5918e-01 
2026-07-28 01:54:36,878 INFO: [000_U..][epoch:196, iter: 157,300, lr:(4.999e-05,3.499e-05,)] [eta: 8:22:16, time (data): 0.155 (0.002)] l_pix: 5.6035e-02 l_lpips: 5.3284e-02 
2026-07-28 01:54:52,414 INFO: [000_U..][epoch:196, iter: 157,400, lr:(4.999e-05,3.499e-05,)] [eta: 8:21:50, time (data): 0.156 (0.002)] l_pix: 2.1850e-01 l_lpips: 2.1155e-01 
2026-07-28 01:55:07,945 INFO: [000_U..][epoch:196, iter: 157,500, lr:(4.999e-05,3.499e-05,)] [eta: 8:21:24, time (data): 0.155 (0.002)] l_pix: 1.8749e-01 l_lpips: 1.8225e-01 
2026-07-28 01:55:23,642 INFO: [000_U..][epoch:196, iter: 157,600, lr:(4.999e-05,3.499e-05,)] [eta: 8:20:58, time (data): 0.155 (0.002)] l_pix: 1.2979e-01 l_lpips: 1.2634e-01 
2026-07-28 01:55:39,776 INFO: [000_U..][epoch:197, iter: 157,700, lr:(4.999e-05,3.499e-05,)] [eta: 8:20:32, time (data): 0.161 (0.004)] l_pix: 7.7114e-02 l_lpips: 7.1533e-02 
2026-07-28 01:55:55,326 INFO: [000_U..][epoch:197, iter: 157,800, lr:(4.999e-05,3.499e-05,)] [eta: 8:20:06, time (data): 0.155 (0.002)] l_pix: 3.0789e-01 l_lpips: 2.7783e-01 
2026-07-28 01:56:10,894 INFO: [000_U..][epoch:197, iter: 157,900, lr:(4.999e-05,3.499e-05,)] [eta: 8:19:40, time (data): 0.156 (0.002)] l_pix: 2.2718e-01 l_lpips: 2.0801e-01 
2026-07-28 01:56:26,435 INFO: [000_U..][epoch:197, iter: 158,000, lr:(4.999e-05,3.499e-05,)] [eta: 8:19:14, time (data): 0.157 (0.002)] l_pix: 2.6659e-01 l_lpips: 2.5293e-01 
2026-07-28 01:56:41,974 INFO: [000_U..][epoch:197, iter: 158,100, lr:(4.999e-05,3.499e-05,)] [eta: 8:18:48, time (data): 0.156 (0.002)] l_pix: 1.7964e-01 l_lpips: 1.7407e-01 
2026-07-28 01:56:57,499 INFO: [000_U..][epoch:197, iter: 158,200, lr:(4.999e-05,3.499e-05,)] [eta: 8:18:22, time (data): 0.155 (0.002)] l_pix: 5.9691e-02 l_lpips: 5.6854e-02 
2026-07-28 01:57:13,040 INFO: [000_U..][epoch:197, iter: 158,300, lr:(4.999e-05,3.499e-05,)] [eta: 8:17:56, time (data): 0.155 (0.002)] l_pix: 7.5170e-02 l_lpips: 7.2266e-02 
2026-07-28 01:57:28,563 INFO: [000_U..][epoch:197, iter: 158,400, lr:(4.999e-05,3.499e-05,)] [eta: 8:17:30, time (data): 0.155 (0.002)] l_pix: 1.0265e-01 l_lpips: 9.7717e-02 
2026-07-28 01:57:44,350 INFO: [000_U..][epoch:198, iter: 158,500, lr:(4.999e-05,3.499e-05,)] [eta: 8:17:04, time (data): 0.158 (0.003)] l_pix: 3.0037e-01 l_lpips: 2.9175e-01 
2026-07-28 01:57:59,839 INFO: [000_U..][epoch:198, iter: 158,600, lr:(4.999e-05,3.499e-05,)] [eta: 8:16:38, time (data): 0.153 (0.002)] l_pix: 1.4708e-01 l_lpips: 1.3696e-01 
2026-07-28 01:58:15,055 INFO: [000_U..][epoch:198, iter: 158,700, lr:(4.999e-05,3.499e-05,)] [eta: 8:16:12, time (data): 0.152 (0.002)] l_pix: 2.0774e-01 l_lpips: 1.9214e-01 
2026-07-28 01:58:30,396 INFO: [000_U..][epoch:198, iter: 158,800, lr:(4.999e-05,3.499e-05,)] [eta: 8:15:46, time (data): 0.156 (0.002)] l_pix: 1.6181e-01 l_lpips: 1.4575e-01 
2026-07-28 01:58:46,007 INFO: [000_U..][epoch:198, iter: 158,900, lr:(4.999e-05,3.499e-05,)] [eta: 8:15:20, time (data): 0.156 (0.002)] l_pix: 1.6872e-01 l_lpips: 1.5979e-01 
2026-07-28 01:59:01,712 INFO: [000_U..][epoch:198, iter: 159,000, lr:(4.999e-05,3.499e-05,)] [eta: 8:14:54, time (data): 0.157 (0.002)] l_pix: 1.9997e-01 l_lpips: 1.7651e-01 
2026-07-28 01:59:17,388 INFO: [000_U..][epoch:198, iter: 159,100, lr:(4.999e-05,3.499e-05,)] [eta: 8:14:28, time (data): 0.157 (0.002)] l_pix: 2.5739e-01 l_lpips: 2.3157e-01 
2026-07-28 01:59:32,877 INFO: [000_U..][epoch:198, iter: 159,200, lr:(4.999e-05,3.499e-05,)] [eta: 8:14:02, time (data): 0.152 (0.002)] l_pix: 1.5638e-01 l_lpips: 1.5283e-01 
2026-07-28 01:59:48,517 INFO: [000_U..][epoch:199, iter: 159,300, lr:(4.999e-05,3.499e-05,)] [eta: 8:13:36, time (data): 0.156 (0.003)] l_pix: 8.3504e-02 l_lpips: 7.7087e-02 
2026-07-28 02:00:03,855 INFO: [000_U..][epoch:199, iter: 159,400, lr:(4.999e-05,3.499e-05,)] [eta: 8:13:10, time (data): 0.153 (0.002)] l_pix: 1.0403e-01 l_lpips: 1.0059e-01 
2026-07-28 02:00:19,185 INFO: [000_U..][epoch:199, iter: 159,500, lr:(4.999e-05,3.499e-05,)] [eta: 8:12:44, time (data): 0.153 (0.002)] l_pix: 8.9928e-02 l_lpips: 8.4412e-02 
2026-07-28 02:00:34,703 INFO: [000_U..][epoch:199, iter: 159,600, lr:(4.999e-05,3.499e-05,)] [eta: 8:12:18, time (data): 0.152 (0.002)] l_pix: 1.7996e-01 l_lpips: 1.7004e-01 
2026-07-28 02:00:50,114 INFO: [000_U..][epoch:199, iter: 159,700, lr:(4.999e-05,3.499e-05,)] [eta: 8:11:52, time (data): 0.154 (0.002)] l_pix: 1.6430e-01 l_lpips: 1.5845e-01 
2026-07-28 02:01:05,529 INFO: [000_U..][epoch:199, iter: 159,800, lr:(4.999e-05,3.499e-05,)] [eta: 8:11:26, time (data): 0.155 (0.002)] l_pix: 7.9397e-02 l_lpips: 7.7271e-02 
2026-07-28 02:01:20,835 INFO: [000_U..][epoch:199, iter: 159,900, lr:(4.999e-05,3.499e-05,)] [eta: 8:11:00, time (data): 0.153 (0.002)] l_pix: 1.6035e-01 l_lpips: 1.5063e-01 
2026-07-28 02:01:36,086 INFO: [000_U..][epoch:199, iter: 160,000, lr:(4.999e-05,3.499e-05,)] [eta: 8:10:34, time (data): 0.152 (0.002)] l_pix: 2.5675e-01 l_lpips: 2.4365e-01 
2026-07-28 02:01:36,087 INFO: Saving models and training states.
2026-07-28 02:06:07,478 INFO: Validation RealSRV3
	 # psnr: 24.6019	Best: 24.6463 @ 150000 iter
	 # ssim: 0.6885	Best: 0.6925 @ 150000 iter
	 # lpips: 0.3696	Best: 0.3527 @ 120000 iter

2026-07-28 02:06:23,421 INFO: [000_U..][epoch:200, iter: 160,100, lr:(2.500e-05,1.750e-05,)] [eta: 8:14:06, time (data): 0.159 (0.004)] l_pix: 1.8105e-01 l_lpips: 1.7639e-01 
2026-07-28 02:06:39,343 INFO: [000_U..][epoch:200, iter: 160,200, lr:(2.500e-05,1.750e-05,)] [eta: 8:13:40, time (data): 0.159 (0.002)] l_pix: 2.2517e-01 l_lpips: 2.1753e-01 
2026-07-28 02:06:55,234 INFO: [000_U..][epoch:200, iter: 160,300, lr:(2.500e-05,1.750e-05,)] [eta: 8:13:14, time (data): 0.159 (0.002)] l_pix: 1.5884e-01 l_lpips: 1.5198e-01 
2026-07-28 02:07:11,068 INFO: [000_U..][epoch:200, iter: 160,400, lr:(2.500e-05,1.750e-05,)] [eta: 8:12:48, time (data): 0.155 (0.002)] l_pix: 2.2282e-01 l_lpips: 2.1460e-01 
2026-07-28 02:07:26,660 INFO: [000_U..][epoch:200, iter: 160,500, lr:(2.500e-05,1.750e-05,)] [eta: 8:12:22, time (data): 0.156 (0.002)] l_pix: 1.9092e-01 l_lpips: 1.8347e-01 
2026-07-28 02:07:42,448 INFO: [000_U..][epoch:200, iter: 160,600, lr:(2.500e-05,1.750e-05,)] [eta: 8:11:56, time (data): 0.152 (0.002)] l_pix: 3.6509e-02 l_lpips: 3.4393e-02 
2026-07-28 02:07:58,650 INFO: [000_U..][epoch:200, iter: 160,700, lr:(2.500e-05,1.750e-05,)] [eta: 8:11:31, time (data): 0.162 (0.002)] l_pix: 1.6615e-01 l_lpips: 1.6162e-01 
2026-07-28 02:08:14,122 INFO: [000_U..][epoch:200, iter: 160,800, lr:(2.500e-05,1.750e-05,)] [eta: 8:11:05, time (data): 0.158 (0.002)] l_pix: 1.7077e-01 l_lpips: 1.6382e-01 
2026-07-28 02:08:29,951 INFO: [000_U..][epoch:201, iter: 160,900, lr:(2.500e-05,1.750e-05,)] [eta: 8:10:39, time (data): 0.158 (0.004)] l_pix: 9.8699e-02 l_lpips: 9.3750e-02 
2026-07-28 02:08:45,388 INFO: [000_U..][epoch:201, iter: 161,000, lr:(2.500e-05,1.750e-05,)] [eta: 8:10:13, time (data): 0.156 (0.003)] l_pix: 1.3816e-01 l_lpips: 1.3647e-01 
2026-07-28 02:09:00,796 INFO: [000_U..][epoch:201, iter: 161,100, lr:(2.500e-05,1.750e-05,)] [eta: 8:09:47, time (data): 0.154 (0.002)] l_pix: 1.8723e-01 l_lpips: 1.8457e-01 
2026-07-28 02:09:16,205 INFO: [000_U..][epoch:201, iter: 161,200, lr:(2.500e-05,1.750e-05,)] [eta: 8:09:21, time (data): 0.154 (0.002)] l_pix: 8.1215e-02 l_lpips: 7.5806e-02 
2026-07-28 02:09:31,552 INFO: [000_U..][epoch:201, iter: 161,300, lr:(2.500e-05,1.750e-05,)] [eta: 8:08:55, time (data): 0.153 (0.002)] l_pix: 6.7772e-02 l_lpips: 6.6772e-02 
2026-07-28 02:09:46,894 INFO: [000_U..][epoch:201, iter: 161,400, lr:(2.500e-05,1.750e-05,)] [eta: 8:08:28, time (data): 0.153 (0.002)] l_pix: 6.3602e-02 l_lpips: 5.9814e-02 
2026-07-28 02:10:02,285 INFO: [000_U..][epoch:201, iter: 161,500, lr:(2.500e-05,1.750e-05,)] [eta: 8:08:02, time (data): 0.154 (0.002)] l_pix: 2.1066e-01 l_lpips: 2.0776e-01 
2026-07-28 02:10:17,789 INFO: [000_U..][epoch:201, iter: 161,600, lr:(2.500e-05,1.750e-05,)] [eta: 8:07:36, time (data): 0.154 (0.002)] l_pix: 2.2571e-01 l_lpips: 2.1484e-01 
2026-07-28 02:10:33,615 INFO: [000_U..][epoch:202, iter: 161,700, lr:(2.500e-05,1.750e-05,)] [eta: 8:07:11, time (data): 0.154 (0.002)] l_pix: 1.1723e-01 l_lpips: 1.0645e-01 
2026-07-28 02:10:49,122 INFO: [000_U..][epoch:202, iter: 161,800, lr:(2.500e-05,1.750e-05,)] [eta: 8:06:45, time (data): 0.155 (0.002)] l_pix: 2.8934e-02 l_lpips: 2.7222e-02 
2026-07-28 02:11:04,716 INFO: [000_U..][epoch:202, iter: 161,900, lr:(2.500e-05,1.750e-05,)] [eta: 8:06:19, time (data): 0.156 (0.002)] l_pix: 8.8563e-02 l_lpips: 8.5144e-02 
2026-07-28 02:11:20,532 INFO: [000_U..][epoch:202, iter: 162,000, lr:(2.500e-05,1.750e-05,)] [eta: 8:05:53, time (data): 0.157 (0.002)] l_pix: 7.4308e-02 l_lpips: 7.1167e-02 
2026-07-28 02:11:36,409 INFO: [000_U..][epoch:202, iter: 162,100, lr:(2.500e-05,1.750e-05,)] [eta: 8:05:28, time (data): 0.159 (0.002)] l_pix: 2.5311e-01 l_lpips: 2.2339e-01 
2026-07-28 02:11:52,121 INFO: [000_U..][epoch:202, iter: 162,200, lr:(2.500e-05,1.750e-05,)] [eta: 8:05:02, time (data): 0.158 (0.002)] l_pix: 2.6029e-01 l_lpips: 2.4780e-01 
2026-07-28 02:12:07,986 INFO: [000_U..][epoch:202, iter: 162,300, lr:(2.500e-05,1.750e-05,)] [eta: 8:04:36, time (data): 0.159 (0.002)] l_pix: 2.4223e-01 l_lpips: 2.2302e-01 
2026-07-28 02:12:23,725 INFO: [000_U..][epoch:202, iter: 162,400, lr:(2.500e-05,1.750e-05,)] [eta: 8:04:11, time (data): 0.158 (0.002)] l_pix: 2.0336e-01 l_lpips: 1.8909e-01 
2026-07-28 02:12:39,521 INFO: [000_U..][epoch:203, iter: 162,500, lr:(2.500e-05,1.750e-05,)] [eta: 8:03:45, time (data): 0.155 (0.002)] l_pix: 1.0637e-01 l_lpips: 1.0413e-01 
2026-07-28 02:12:54,969 INFO: [000_U..][epoch:203, iter: 162,600, lr:(2.500e-05,1.750e-05,)] [eta: 8:03:19, time (data): 0.155 (0.002)] l_pix: 2.0236e-01 l_lpips: 1.9104e-01 
2026-07-28 02:13:10,242 INFO: [000_U..][epoch:203, iter: 162,700, lr:(2.500e-05,1.750e-05,)] [eta: 8:02:53, time (data): 0.153 (0.002)] l_pix: 6.3426e-02 l_lpips: 6.1584e-02 
2026-07-28 02:13:25,565 INFO: [000_U..][epoch:203, iter: 162,800, lr:(2.500e-05,1.750e-05,)] [eta: 8:02:27, time (data): 0.153 (0.002)] l_pix: 2.4247e-01 l_lpips: 2.3413e-01 
2026-07-28 02:13:40,837 INFO: [000_U..][epoch:203, iter: 162,900, lr:(2.500e-05,1.750e-05,)] [eta: 8:02:01, time (data): 0.153 (0.002)] l_pix: 5.7931e-02 l_lpips: 5.6396e-02 
2026-07-28 02:13:56,098 INFO: [000_U..][epoch:203, iter: 163,000, lr:(2.500e-05,1.750e-05,)] [eta: 8:01:35, time (data): 0.153 (0.002)] l_pix: 1.6712e-01 l_lpips: 1.5845e-01 
2026-07-28 02:14:11,361 INFO: [000_U..][epoch:203, iter: 163,100, lr:(2.500e-05,1.750e-05,)] [eta: 8:01:09, time (data): 0.153 (0.002)] l_pix: 1.7963e-01 l_lpips: 1.7822e-01 
2026-07-28 02:14:26,662 INFO: [000_U..][epoch:203, iter: 163,200, lr:(2.500e-05,1.750e-05,)] [eta: 8:00:43, time (data): 0.153 (0.002)] l_pix: 1.4231e-01 l_lpips: 1.3794e-01 
2026-07-28 02:14:42,630 INFO: [000_U..][epoch:204, iter: 163,300, lr:(2.500e-05,1.750e-05,)] [eta: 8:00:18, time (data): 0.157 (0.002)] l_pix: 3.1993e-01 l_lpips: 2.6587e-01 
2026-07-28 02:14:58,302 INFO: [000_U..][epoch:204, iter: 163,400, lr:(2.500e-05,1.750e-05,)] [eta: 7:59:52, time (data): 0.157 (0.002)] l_pix: 1.9766e-01 l_lpips: 1.9238e-01 
2026-07-28 02:15:13,634 INFO: [000_U..][epoch:204, iter: 163,500, lr:(2.500e-05,1.750e-05,)] [eta: 7:59:26, time (data): 0.153 (0.002)] l_pix: 1.9713e-01 l_lpips: 1.8188e-01 
2026-07-28 02:15:28,875 INFO: [000_U..][epoch:204, iter: 163,600, lr:(2.500e-05,1.750e-05,)] [eta: 7:59:00, time (data): 0.153 (0.002)] l_pix: 1.3879e-01 l_lpips: 1.3220e-01 
2026-07-28 02:15:44,601 INFO: [000_U..][epoch:204, iter: 163,700, lr:(2.500e-05,1.750e-05,)] [eta: 7:58:35, time (data): 0.158 (0.002)] l_pix: 1.5130e-01 l_lpips: 1.4172e-01 
2026-07-28 02:15:59,980 INFO: [000_U..][epoch:204, iter: 163,800, lr:(2.500e-05,1.750e-05,)] [eta: 7:58:09, time (data): 0.156 (0.002)] l_pix: 1.4670e-01 l_lpips: 1.4478e-01 
2026-07-28 02:16:15,234 INFO: [000_U..][epoch:204, iter: 163,900, lr:(2.500e-05,1.750e-05,)] [eta: 7:57:43, time (data): 0.152 (0.002)] l_pix: 2.0342e-01 l_lpips: 1.9849e-01 
2026-07-28 02:16:30,519 INFO: [000_U..][epoch:204, iter: 164,000, lr:(2.500e-05,1.750e-05,)] [eta: 7:57:17, time (data): 0.153 (0.002)] l_pix: 2.9618e-01 l_lpips: 2.5781e-01 
2026-07-28 02:16:46,398 INFO: [000_U..][epoch:205, iter: 164,100, lr:(2.500e-05,1.750e-05,)] [eta: 7:56:52, time (data): 0.155 (0.002)] l_pix: 6.3402e-02 l_lpips: 5.8929e-02 
2026-07-28 02:17:02,374 INFO: [000_U..][epoch:205, iter: 164,200, lr:(2.500e-05,1.750e-05,)] [eta: 7:56:27, time (data): 0.158 (0.002)] l_pix: 7.6358e-02 l_lpips: 7.3181e-02 
2026-07-28 02:17:17,847 INFO: [000_U..][epoch:205, iter: 164,300, lr:(2.500e-05,1.750e-05,)] [eta: 7:56:01, time (data): 0.155 (0.002)] l_pix: 1.4876e-01 l_lpips: 1.4465e-01 
2026-07-28 02:17:33,526 INFO: [000_U..][epoch:205, iter: 164,400, lr:(2.500e-05,1.750e-05,)] [eta: 7:55:36, time (data): 0.156 (0.002)] l_pix: 1.8021e-01 l_lpips: 1.7908e-01 
2026-07-28 02:17:49,236 INFO: [000_U..][epoch:205, iter: 164,500, lr:(2.500e-05,1.750e-05,)] [eta: 7:55:10, time (data): 0.157 (0.002)] l_pix: 1.8394e-01 l_lpips: 1.8152e-01 
2026-07-28 02:18:04,938 INFO: [000_U..][epoch:205, iter: 164,600, lr:(2.500e-05,1.750e-05,)] [eta: 7:54:45, time (data): 0.157 (0.002)] l_pix: 7.1749e-02 l_lpips: 7.0496e-02 
2026-07-28 02:18:20,782 INFO: [000_U..][epoch:205, iter: 164,700, lr:(2.500e-05,1.750e-05,)] [eta: 7:54:19, time (data): 0.159 (0.002)] l_pix: 2.5337e-01 l_lpips: 2.4353e-01 
2026-07-28 02:18:36,497 INFO: [000_U..][epoch:205, iter: 164,800, lr:(2.500e-05,1.750e-05,)] [eta: 7:53:54, time (data): 0.158 (0.002)] l_pix: 7.7393e-02 l_lpips: 7.6172e-02 
2026-07-28 02:18:52,343 INFO: [000_U..][epoch:206, iter: 164,900, lr:(2.500e-05,1.750e-05,)] [eta: 7:53:29, time (data): 0.154 (0.002)] l_pix: 2.4983e-01 l_lpips: 2.2485e-01 
2026-07-28 02:19:07,837 INFO: [000_U..][epoch:206, iter: 165,000, lr:(2.500e-05,1.750e-05,)] [eta: 7:53:03, time (data): 0.154 (0.002)] l_pix: 8.4868e-02 l_lpips: 8.2092e-02 
2026-07-28 02:23:42,579 INFO: Validation RealSRV3
	 # psnr: 24.6783	Best: 24.6783 @ 165000 iter
	 # ssim: 0.6871	Best: 0.6925 @ 150000 iter
	 # lpips: 0.3689	Best: 0.3527 @ 120000 iter

2026-07-28 02:23:57,941 INFO: [000_U..][epoch:206, iter: 165,100, lr:(2.500e-05,1.750e-05,)] [eta: 7:56:22, time (data): 0.154 (0.002)] l_pix: 1.1708e-01 l_lpips: 1.1359e-01 
2026-07-28 02:24:13,408 INFO: [000_U..][epoch:206, iter: 165,200, lr:(2.500e-05,1.750e-05,)] [eta: 7:55:56, time (data): 0.154 (0.002)] l_pix: 2.7816e-01 l_lpips: 2.5977e-01 
2026-07-28 02:24:29,179 INFO: [000_U..][epoch:206, iter: 165,300, lr:(2.500e-05,1.750e-05,)] [eta: 7:55:31, time (data): 0.158 (0.002)] l_pix: 1.5722e-01 l_lpips: 1.4795e-01 
2026-07-28 02:24:44,839 INFO: [000_U..][epoch:206, iter: 165,400, lr:(2.500e-05,1.750e-05,)] [eta: 7:55:05, time (data): 0.157 (0.002)] l_pix: 6.8089e-02 l_lpips: 6.5125e-02 
2026-07-28 02:25:00,567 INFO: [000_U..][epoch:206, iter: 165,500, lr:(2.500e-05,1.750e-05,)] [eta: 7:54:39, time (data): 0.157 (0.002)] l_pix: 1.2587e-01 l_lpips: 1.2256e-01 
2026-07-28 02:25:16,304 INFO: [000_U..][epoch:206, iter: 165,600, lr:(2.500e-05,1.750e-05,)] [eta: 7:54:14, time (data): 0.157 (0.002)] l_pix: 1.1837e-01 l_lpips: 1.1133e-01 
2026-07-28 02:25:32,199 INFO: [000_U..][epoch:207, iter: 165,700, lr:(2.500e-05,1.750e-05,)] [eta: 7:53:48, time (data): 0.156 (0.002)] l_pix: 1.5030e-01 l_lpips: 1.4233e-01 
2026-07-28 02:25:47,901 INFO: [000_U..][epoch:207, iter: 165,800, lr:(2.500e-05,1.750e-05,)] [eta: 7:53:23, time (data): 0.157 (0.002)] l_pix: 2.0619e-01 l_lpips: 2.0435e-01 
2026-07-28 02:26:03,427 INFO: [000_U..][epoch:207, iter: 165,900, lr:(2.500e-05,1.750e-05,)] [eta: 7:52:57, time (data): 0.153 (0.002)] l_pix: 2.0190e-01 l_lpips: 1.8323e-01 
2026-07-28 02:26:18,905 INFO: [000_U..][epoch:207, iter: 166,000, lr:(2.500e-05,1.750e-05,)] [eta: 7:52:31, time (data): 0.154 (0.002)] l_pix: 2.0263e-01 l_lpips: 1.9775e-01 
2026-07-28 02:26:34,270 INFO: [000_U..][epoch:207, iter: 166,100, lr:(2.500e-05,1.750e-05,)] [eta: 7:52:05, time (data): 0.154 (0.002)] l_pix: 1.6761e-01 l_lpips: 1.5479e-01 
2026-07-28 02:26:50,093 INFO: [000_U..][epoch:207, iter: 166,200, lr:(2.500e-05,1.750e-05,)] [eta: 7:51:40, time (data): 0.156 (0.002)] l_pix: 1.8565e-01 l_lpips: 1.7383e-01 
2026-07-28 02:27:05,886 INFO: [000_U..][epoch:207, iter: 166,300, lr:(2.500e-05,1.750e-05,)] [eta: 7:51:14, time (data): 0.158 (0.002)] l_pix: 1.8828e-01 l_lpips: 1.7847e-01 
2026-07-28 02:27:21,490 INFO: [000_U..][epoch:207, iter: 166,400, lr:(2.500e-05,1.750e-05,)] [eta: 7:50:49, time (data): 0.157 (0.002)] l_pix: 2.2640e-01 l_lpips: 2.0471e-01 
2026-07-28 02:27:37,352 INFO: [000_U..][epoch:208, iter: 166,500, lr:(2.500e-05,1.750e-05,)] [eta: 7:50:24, time (data): 0.155 (0.002)] l_pix: 6.0384e-02 l_lpips: 5.6702e-02 
2026-07-28 02:27:52,655 INFO: [000_U..][epoch:208, iter: 166,600, lr:(2.500e-05,1.750e-05,)] [eta: 7:49:58, time (data): 0.154 (0.002)] l_pix: 3.2982e-01 l_lpips: 3.0786e-01 
2026-07-28 02:28:08,149 INFO: [000_U..][epoch:208, iter: 166,700, lr:(2.500e-05,1.750e-05,)] [eta: 7:49:32, time (data): 0.156 (0.002)] l_pix: 2.9122e-01 l_lpips: 2.5586e-01 
2026-07-28 02:28:23,726 INFO: [000_U..][epoch:208, iter: 166,800, lr:(2.500e-05,1.750e-05,)] [eta: 7:49:06, time (data): 0.156 (0.002)] l_pix: 2.1010e-01 l_lpips: 1.9409e-01 
2026-07-28 02:28:39,350 INFO: [000_U..][epoch:208, iter: 166,900, lr:(2.500e-05,1.750e-05,)] [eta: 7:48:41, time (data): 0.156 (0.002)] l_pix: 1.7428e-01 l_lpips: 1.5601e-01 
2026-07-28 02:28:55,017 INFO: [000_U..][epoch:208, iter: 167,000, lr:(2.500e-05,1.750e-05,)] [eta: 7:48:15, time (data): 0.156 (0.002)] l_pix: 3.2697e-01 l_lpips: 3.2080e-01 
2026-07-28 02:29:10,641 INFO: [000_U..][epoch:208, iter: 167,100, lr:(2.500e-05,1.750e-05,)] [eta: 7:47:50, time (data): 0.156 (0.002)] l_pix: 1.3627e-01 l_lpips: 1.3379e-01 
2026-07-28 02:29:26,213 INFO: [000_U..][epoch:208, iter: 167,200, lr:(2.500e-05,1.750e-05,)] [eta: 7:47:24, time (data): 0.156 (0.002)] l_pix: 2.0709e-01 l_lpips: 1.9678e-01 
2026-07-28 02:29:42,265 INFO: [000_U..][epoch:209, iter: 167,300, lr:(2.500e-05,1.750e-05,)] [eta: 7:46:59, time (data): 0.157 (0.002)] l_pix: 1.4596e-01 l_lpips: 1.4282e-01 
2026-07-28 02:29:58,100 INFO: [000_U..][epoch:209, iter: 167,400, lr:(2.500e-05,1.750e-05,)] [eta: 7:46:34, time (data): 0.158 (0.002)] l_pix: 2.2938e-01 l_lpips: 2.2290e-01 
2026-07-28 02:30:13,469 INFO: [000_U..][epoch:209, iter: 167,500, lr:(2.500e-05,1.750e-05,)] [eta: 7:46:08, time (data): 0.153 (0.002)] l_pix: 1.2499e-01 l_lpips: 1.2140e-01 
2026-07-28 02:30:28,803 INFO: [000_U..][epoch:209, iter: 167,600, lr:(2.500e-05,1.750e-05,)] [eta: 7:45:43, time (data): 0.153 (0.002)] l_pix: 2.6775e-01 l_lpips: 2.5928e-01 
2026-07-28 02:30:44,362 INFO: [000_U..][epoch:209, iter: 167,700, lr:(2.500e-05,1.750e-05,)] [eta: 7:45:17, time (data): 0.157 (0.002)] l_pix: 2.6322e-01 l_lpips: 2.3975e-01 
2026-07-28 02:30:59,672 INFO: [000_U..][epoch:209, iter: 167,800, lr:(2.500e-05,1.750e-05,)] [eta: 7:44:52, time (data): 0.155 (0.002)] l_pix: 1.6656e-01 l_lpips: 1.5198e-01 
2026-07-28 02:31:14,974 INFO: [000_U..][epoch:209, iter: 167,900, lr:(2.500e-05,1.750e-05,)] [eta: 7:44:26, time (data): 0.153 (0.002)] l_pix: 2.2478e-01 l_lpips: 2.0288e-01 
2026-07-28 02:31:30,315 INFO: [000_U..][epoch:209, iter: 168,000, lr:(2.500e-05,1.750e-05,)] [eta: 7:44:00, time (data): 0.153 (0.002)] l_pix: 1.7783e-01 l_lpips: 1.7493e-01 
2026-07-28 02:31:46,055 INFO: [000_U..][epoch:210, iter: 168,100, lr:(2.500e-05,1.750e-05,)] [eta: 7:43:35, time (data): 0.155 (0.002)] l_pix: 1.2081e-01 l_lpips: 1.1597e-01 
2026-07-28 02:32:01,546 INFO: [000_U..][epoch:210, iter: 168,200, lr:(2.500e-05,1.750e-05,)] [eta: 7:43:09, time (data): 0.155 (0.002)] l_pix: 8.8824e-02 l_lpips: 8.6304e-02 
2026-07-28 02:32:16,997 INFO: [000_U..][epoch:210, iter: 168,300, lr:(2.500e-05,1.750e-05,)] [eta: 7:42:44, time (data): 0.155 (0.002)] l_pix: 2.4703e-01 l_lpips: 2.3804e-01 
2026-07-28 02:32:32,295 INFO: [000_U..][epoch:210, iter: 168,400, lr:(2.500e-05,1.750e-05,)] [eta: 7:42:18, time (data): 0.154 (0.002)] l_pix: 2.0342e-01 l_lpips: 1.9800e-01 
2026-07-28 02:32:47,636 INFO: [000_U..][epoch:210, iter: 168,500, lr:(2.500e-05,1.750e-05,)] [eta: 7:41:53, time (data): 0.154 (0.002)] l_pix: 1.7409e-01 l_lpips: 1.6956e-01 
2026-07-28 02:33:02,920 INFO: [000_U..][epoch:210, iter: 168,600, lr:(2.500e-05,1.750e-05,)] [eta: 7:41:27, time (data): 0.153 (0.002)] l_pix: 2.0268e-01 l_lpips: 1.9507e-01 
2026-07-28 02:33:18,201 INFO: [000_U..][epoch:210, iter: 168,700, lr:(2.500e-05,1.750e-05,)] [eta: 7:41:02, time (data): 0.153 (0.002)] l_pix: 1.9724e-01 l_lpips: 1.8823e-01 
2026-07-28 02:33:33,617 INFO: [000_U..][epoch:210, iter: 168,800, lr:(2.500e-05,1.750e-05,)] [eta: 7:40:36, time (data): 0.154 (0.002)] l_pix: 5.9748e-02 l_lpips: 5.5450e-02 
2026-07-28 02:33:49,294 INFO: [000_U..][epoch:211, iter: 168,900, lr:(2.500e-05,1.750e-05,)] [eta: 7:40:11, time (data): 0.154 (0.002)] l_pix: 2.5420e-01 l_lpips: 2.3523e-01 
2026-07-28 02:34:04,709 INFO: [000_U..][epoch:211, iter: 169,000, lr:(2.500e-05,1.750e-05,)] [eta: 7:39:46, time (data): 0.154 (0.002)] l_pix: 3.4164e-01 l_lpips: 3.0225e-01 
2026-07-28 02:34:20,327 INFO: [000_U..][epoch:211, iter: 169,100, lr:(2.500e-05,1.750e-05,)] [eta: 7:39:20, time (data): 0.156 (0.002)] l_pix: 2.2070e-01 l_lpips: 2.0947e-01 
2026-07-28 02:34:35,911 INFO: [000_U..][epoch:211, iter: 169,200, lr:(2.500e-05,1.750e-05,)] [eta: 7:38:55, time (data): 0.156 (0.002)] l_pix: 1.8580e-01 l_lpips: 1.7932e-01 
2026-07-28 02:34:51,496 INFO: [000_U..][epoch:211, iter: 169,300, lr:(2.500e-05,1.750e-05,)] [eta: 7:38:30, time (data): 0.156 (0.002)] l_pix: 2.2992e-01 l_lpips: 2.1167e-01 
2026-07-28 02:35:06,978 INFO: [000_U..][epoch:211, iter: 169,400, lr:(2.500e-05,1.750e-05,)] [eta: 7:38:04, time (data): 0.155 (0.002)] l_pix: 2.9403e-01 l_lpips: 2.6953e-01 
2026-07-28 02:35:22,266 INFO: [000_U..][epoch:211, iter: 169,500, lr:(2.500e-05,1.750e-05,)] [eta: 7:37:39, time (data): 0.153 (0.002)] l_pix: 2.2470e-01 l_lpips: 2.1350e-01 
2026-07-28 02:35:37,575 INFO: [000_U..][epoch:211, iter: 169,600, lr:(2.500e-05,1.750e-05,)] [eta: 7:37:13, time (data): 0.153 (0.002)] l_pix: 4.5056e-02 l_lpips: 4.3335e-02 
2026-07-28 02:35:53,146 INFO: [000_U..][epoch:212, iter: 169,700, lr:(2.500e-05,1.750e-05,)] [eta: 7:36:48, time (data): 0.153 (0.002)] l_pix: 7.5950e-02 l_lpips: 7.3792e-02 
2026-07-28 02:36:08,877 INFO: [000_U..][epoch:212, iter: 169,800, lr:(2.500e-05,1.750e-05,)] [eta: 7:36:23, time (data): 0.156 (0.002)] l_pix: 2.1593e-01 l_lpips: 2.0679e-01 
2026-07-28 02:36:24,421 INFO: [000_U..][epoch:212, iter: 169,900, lr:(2.500e-05,1.750e-05,)] [eta: 7:35:58, time (data): 0.155 (0.002)] l_pix: 2.3697e-01 l_lpips: 2.2559e-01 
2026-07-28 02:36:40,014 INFO: [000_U..][epoch:212, iter: 170,000, lr:(2.500e-05,1.750e-05,)] [eta: 7:35:33, time (data): 0.156 (0.002)] l_pix: 1.9934e-01 l_lpips: 1.7957e-01 
2026-07-28 02:36:40,015 INFO: Saving models and training states.
2026-07-28 02:41:11,748 INFO: Validation RealSRV3
	 # psnr: 24.7379	Best: 24.7379 @ 170000 iter
	 # ssim: 0.6888	Best: 0.6925 @ 150000 iter
	 # lpips: 0.3702	Best: 0.3527 @ 120000 iter

2026-07-28 02:41:27,674 INFO: [000_U..][epoch:212, iter: 170,100, lr:(2.500e-05,1.750e-05,)] [eta: 7:38:35, time (data): 0.158 (0.002)] l_pix: 2.0912e-01 l_lpips: 1.9592e-01 
2026-07-28 02:41:43,624 INFO: [000_U..][epoch:212, iter: 170,200, lr:(2.500e-05,1.750e-05,)] [eta: 7:38:10, time (data): 0.159 (0.002)] l_pix: 1.2201e-01 l_lpips: 1.1981e-01 
2026-07-28 02:41:59,779 INFO: [000_U..][epoch:212, iter: 170,300, lr:(2.500e-05,1.750e-05,)] [eta: 7:37:45, time (data): 0.162 (0.002)] l_pix: 5.5840e-02 l_lpips: 5.4565e-02 
2026-07-28 02:42:15,789 INFO: [000_U..][epoch:212, iter: 170,400, lr:(2.500e-05,1.750e-05,)] [eta: 7:37:20, time (data): 0.161 (0.002)] l_pix: 6.5452e-02 l_lpips: 6.1493e-02 
2026-07-28 02:42:31,956 INFO: [000_U..][epoch:213, iter: 170,500, lr:(2.500e-05,1.750e-05,)] [eta: 7:36:55, time (data): 0.157 (0.002)] l_pix: 4.8599e-02 l_lpips: 4.3488e-02 
2026-07-28 02:42:47,655 INFO: [000_U..][epoch:213, iter: 170,600, lr:(2.500e-05,1.750e-05,)] [eta: 7:36:30, time (data): 0.157 (0.002)] l_pix: 2.6520e-01 l_lpips: 2.4634e-01 
2026-07-28 02:43:03,382 INFO: [000_U..][epoch:213, iter: 170,700, lr:(2.500e-05,1.750e-05,)] [eta: 7:36:04, time (data): 0.158 (0.002)] l_pix: 2.5758e-01 l_lpips: 2.4097e-01 
2026-07-28 02:43:19,054 INFO: [000_U..][epoch:213, iter: 170,800, lr:(2.500e-05,1.750e-05,)] [eta: 7:35:39, time (data): 0.157 (0.002)] l_pix: 2.3129e-01 l_lpips: 2.1228e-01 
2026-07-28 02:43:34,736 INFO: [000_U..][epoch:213, iter: 170,900, lr:(2.500e-05,1.750e-05,)] [eta: 7:35:14, time (data): 0.156 (0.002)] l_pix: 2.3076e-01 l_lpips: 2.1997e-01 
2026-07-28 02:43:50,385 INFO: [000_U..][epoch:213, iter: 171,000, lr:(2.500e-05,1.750e-05,)] [eta: 7:34:48, time (data): 0.156 (0.002)] l_pix: 2.1392e-01 l_lpips: 2.0398e-01 
2026-07-28 02:44:06,022 INFO: [000_U..][epoch:213, iter: 171,100, lr:(2.500e-05,1.750e-05,)] [eta: 7:34:23, time (data): 0.156 (0.002)] l_pix: 1.7995e-01 l_lpips: 1.7627e-01 
2026-07-28 02:44:21,600 INFO: [000_U..][epoch:213, iter: 171,200, lr:(2.500e-05,1.750e-05,)] [eta: 7:33:58, time (data): 0.156 (0.002)] l_pix: 2.1314e-01 l_lpips: 2.0410e-01 
2026-07-28 02:44:37,410 INFO: [000_U..][epoch:214, iter: 171,300, lr:(2.500e-05,1.750e-05,)] [eta: 7:33:33, time (data): 0.154 (0.002)] l_pix: 8.8016e-02 l_lpips: 8.6365e-02 
2026-07-28 02:44:52,879 INFO: [000_U..][epoch:214, iter: 171,400, lr:(2.500e-05,1.750e-05,)] [eta: 7:33:07, time (data): 0.155 (0.002)] l_pix: 9.9533e-02 l_lpips: 9.6252e-02 
2026-07-28 02:45:08,395 INFO: [000_U..][epoch:214, iter: 171,500, lr:(2.500e-05,1.750e-05,)] [eta: 7:32:42, time (data): 0.155 (0.002)] l_pix: 1.5463e-01 l_lpips: 1.5186e-01 
2026-07-28 02:45:23,898 INFO: [000_U..][epoch:214, iter: 171,600, lr:(2.500e-05,1.750e-05,)] [eta: 7:32:17, time (data): 0.155 (0.002)] l_pix: 3.2097e-01 l_lpips: 3.0811e-01 
2026-07-28 02:45:39,330 INFO: [000_U..][epoch:214, iter: 171,700, lr:(2.500e-05,1.750e-05,)] [eta: 7:31:51, time (data): 0.154 (0.002)] l_pix: 9.2053e-02 l_lpips: 9.1309e-02 
2026-07-28 02:45:54,877 INFO: [000_U..][epoch:214, iter: 171,800, lr:(2.500e-05,1.750e-05,)] [eta: 7:31:26, time (data): 0.155 (0.002)] l_pix: 1.7864e-01 l_lpips: 1.6943e-01 
2026-07-28 02:46:10,203 INFO: [000_U..][epoch:214, iter: 171,900, lr:(2.500e-05,1.750e-05,)] [eta: 7:31:00, time (data): 0.153 (0.002)] l_pix: 2.0674e-01 l_lpips: 2.0447e-01 
2026-07-28 02:46:25,594 INFO: [000_U..][epoch:214, iter: 172,000, lr:(2.500e-05,1.750e-05,)] [eta: 7:30:35, time (data): 0.154 (0.002)] l_pix: 1.4867e-01 l_lpips: 1.4404e-01 
2026-07-28 02:46:41,889 INFO: [000_U..][epoch:215, iter: 172,100, lr:(2.500e-05,1.750e-05,)] [eta: 7:30:10, time (data): 0.161 (0.002)] l_pix: 1.8142e-01 l_lpips: 1.7444e-01 
2026-07-28 02:46:57,278 INFO: [000_U..][epoch:215, iter: 172,200, lr:(2.500e-05,1.750e-05,)] [eta: 7:29:45, time (data): 0.156 (0.002)] l_pix: 1.7826e-01 l_lpips: 1.6772e-01 
2026-07-28 02:47:12,681 INFO: [000_U..][epoch:215, iter: 172,300, lr:(2.500e-05,1.750e-05,)] [eta: 7:29:20, time (data): 0.154 (0.002)] l_pix: 1.5378e-01 l_lpips: 1.4551e-01 
2026-07-28 02:47:28,005 INFO: [000_U..][epoch:215, iter: 172,400, lr:(2.500e-05,1.750e-05,)] [eta: 7:28:54, time (data): 0.153 (0.002)] l_pix: 7.8099e-02 l_lpips: 7.4829e-02 
2026-07-28 02:47:43,330 INFO: [000_U..][epoch:215, iter: 172,500, lr:(2.500e-05,1.750e-05,)] [eta: 7:28:29, time (data): 0.153 (0.002)] l_pix: 2.5223e-01 l_lpips: 2.4817e-01 
2026-07-28 02:47:58,657 INFO: [000_U..][epoch:215, iter: 172,600, lr:(2.500e-05,1.750e-05,)] [eta: 7:28:03, time (data): 0.153 (0.002)] l_pix: 1.7735e-01 l_lpips: 1.6943e-01 
2026-07-28 02:48:13,918 INFO: [000_U..][epoch:215, iter: 172,700, lr:(2.500e-05,1.750e-05,)] [eta: 7:27:38, time (data): 0.152 (0.002)] l_pix: 2.3234e-01 l_lpips: 2.2729e-01 
2026-07-28 02:48:29,338 INFO: [000_U..][epoch:215, iter: 172,800, lr:(2.500e-05,1.750e-05,)] [eta: 7:27:13, time (data): 0.154 (0.002)] l_pix: 2.4190e-01 l_lpips: 2.2998e-01 
2026-07-28 02:48:45,153 INFO: [000_U..][epoch:216, iter: 172,900, lr:(2.500e-05,1.750e-05,)] [eta: 7:26:48, time (data): 0.156 (0.002)] l_pix: 1.5314e-01 l_lpips: 1.4990e-01 
2026-07-28 02:49:00,537 INFO: [000_U..][epoch:216, iter: 173,000, lr:(2.500e-05,1.750e-05,)] [eta: 7:26:22, time (data): 0.154 (0.002)] l_pix: 4.2118e-02 l_lpips: 4.0497e-02 
2026-07-28 02:49:15,955 INFO: [000_U..][epoch:216, iter: 173,100, lr:(2.500e-05,1.750e-05,)] [eta: 7:25:57, time (data): 0.154 (0.002)] l_pix: 2.2530e-01 l_lpips: 2.1875e-01 
2026-07-28 02:49:31,329 INFO: [000_U..][epoch:216, iter: 173,200, lr:(2.500e-05,1.750e-05,)] [eta: 7:25:32, time (data): 0.154 (0.002)] l_pix: 4.8907e-02 l_lpips: 4.6204e-02 
2026-07-28 02:49:46,848 INFO: [000_U..][epoch:216, iter: 173,300, lr:(2.500e-05,1.750e-05,)] [eta: 7:25:07, time (data): 0.153 (0.002)] l_pix: 2.0998e-01 l_lpips: 2.0325e-01 
2026-07-28 02:50:02,378 INFO: [000_U..][epoch:216, iter: 173,400, lr:(2.500e-05,1.750e-05,)] [eta: 7:24:42, time (data): 0.155 (0.002)] l_pix: 8.0076e-02 l_lpips: 7.6172e-02 
2026-07-28 02:50:18,024 INFO: [000_U..][epoch:216, iter: 173,500, lr:(2.500e-05,1.750e-05,)] [eta: 7:24:17, time (data): 0.157 (0.002)] l_pix: 1.9033e-01 l_lpips: 1.8335e-01 
2026-07-28 02:50:33,740 INFO: [000_U..][epoch:216, iter: 173,600, lr:(2.500e-05,1.750e-05,)] [eta: 7:23:52, time (data): 0.157 (0.002)] l_pix: 1.1096e-01 l_lpips: 1.0706e-01 
2026-07-28 02:50:49,658 INFO: [000_U..][epoch:217, iter: 173,700, lr:(2.500e-05,1.750e-05,)] [eta: 7:23:27, time (data): 0.157 (0.002)] l_pix: 6.5169e-02 l_lpips: 6.0364e-02 
2026-07-28 02:51:05,687 INFO: [000_U..][epoch:217, iter: 173,800, lr:(2.500e-05,1.750e-05,)] [eta: 7:23:02, time (data): 0.159 (0.002)] l_pix: 4.4165e-02 l_lpips: 4.1901e-02 
2026-07-28 02:51:21,353 INFO: [000_U..][epoch:217, iter: 173,900, lr:(2.500e-05,1.750e-05,)] [eta: 7:22:37, time (data): 0.155 (0.002)] l_pix: 2.0653e-01 l_lpips: 1.9434e-01 
2026-07-28 02:51:36,879 INFO: [000_U..][epoch:217, iter: 174,000, lr:(2.500e-05,1.750e-05,)] [eta: 7:22:12, time (data): 0.155 (0.002)] l_pix: 1.9581e-01 l_lpips: 1.8311e-01 
2026-07-28 02:51:52,846 INFO: [000_U..][epoch:217, iter: 174,100, lr:(2.500e-05,1.750e-05,)] [eta: 7:21:47, time (data): 0.158 (0.002)] l_pix: 2.6072e-01 l_lpips: 2.3218e-01 
2026-07-28 02:52:08,702 INFO: [000_U..][epoch:217, iter: 174,200, lr:(2.500e-05,1.750e-05,)] [eta: 7:21:23, time (data): 0.158 (0.002)] l_pix: 1.6173e-01 l_lpips: 1.6089e-01 
2026-07-28 02:52:24,423 INFO: [000_U..][epoch:217, iter: 174,300, lr:(2.500e-05,1.750e-05,)] [eta: 7:20:58, time (data): 0.157 (0.002)] l_pix: 1.6918e-01 l_lpips: 1.5796e-01 
2026-07-28 02:52:40,452 INFO: [000_U..][epoch:217, iter: 174,400, lr:(2.500e-05,1.750e-05,)] [eta: 7:20:33, time (data): 0.159 (0.002)] l_pix: 1.0073e-01 l_lpips: 9.8877e-02 
2026-07-28 02:52:56,370 INFO: [000_U..][epoch:218, iter: 174,500, lr:(2.500e-05,1.750e-05,)] [eta: 7:20:08, time (data): 0.155 (0.002)] l_pix: 1.6919e-01 l_lpips: 1.6016e-01 
2026-07-28 02:53:12,065 INFO: [000_U..][epoch:218, iter: 174,600, lr:(2.500e-05,1.750e-05,)] [eta: 7:19:43, time (data): 0.157 (0.002)] l_pix: 9.7668e-02 l_lpips: 9.6313e-02 
2026-07-28 02:53:27,740 INFO: [000_U..][epoch:218, iter: 174,700, lr:(2.500e-05,1.750e-05,)] [eta: 7:19:18, time (data): 0.158 (0.002)] l_pix: 3.8392e-01 l_lpips: 3.4692e-01 
2026-07-28 02:53:43,656 INFO: [000_U..][epoch:218, iter: 174,800, lr:(2.500e-05,1.750e-05,)] [eta: 7:18:54, time (data): 0.159 (0.002)] l_pix: 1.6617e-01 l_lpips: 1.5979e-01 
2026-07-28 02:53:59,261 INFO: [000_U..][epoch:218, iter: 174,900, lr:(2.500e-05,1.750e-05,)] [eta: 7:18:29, time (data): 0.154 (0.002)] l_pix: 2.0408e-01 l_lpips: 1.9641e-01 
2026-07-28 02:54:14,721 INFO: [000_U..][epoch:218, iter: 175,000, lr:(2.500e-05,1.750e-05,)] [eta: 7:18:04, time (data): 0.155 (0.002)] l_pix: 4.2270e-02 l_lpips: 3.9581e-02 
2026-07-28 02:58:44,861 INFO: Validation RealSRV3
	 # psnr: 24.8425	Best: 24.8425 @ 175000 iter
	 # ssim: 0.6927	Best: 0.6927 @ 175000 iter
	 # lpips: 0.3680	Best: 0.3527 @ 120000 iter

2026-07-28 02:59:00,710 INFO: [000_U..][epoch:218, iter: 175,100, lr:(2.500e-05,1.750e-05,)] [eta: 7:20:52, time (data): 0.161 (0.002)] l_pix: 2.3124e-01 l_lpips: 2.1179e-01 
2026-07-28 02:59:16,435 INFO: [000_U..][epoch:218, iter: 175,200, lr:(2.500e-05,1.750e-05,)] [eta: 7:20:27, time (data): 0.158 (0.002)] l_pix: 1.2766e-01 l_lpips: 1.2585e-01 
2026-07-28 02:59:32,185 INFO: [000_U..][epoch:219, iter: 175,300, lr:(2.500e-05,1.750e-05,)] [eta: 7:20:02, time (data): 0.154 (0.002)] l_pix: 1.0344e-01 l_lpips: 1.0254e-01 
2026-07-28 02:59:47,890 INFO: [000_U..][epoch:219, iter: 175,400, lr:(2.500e-05,1.750e-05,)] [eta: 7:19:37, time (data): 0.156 (0.002)] l_pix: 2.5789e-01 l_lpips: 2.5220e-01 
2026-07-28 03:00:03,568 INFO: [000_U..][epoch:219, iter: 175,500, lr:(2.500e-05,1.750e-05,)] [eta: 7:19:12, time (data): 0.153 (0.002)] l_pix: 1.3936e-01 l_lpips: 1.3672e-01 
2026-07-28 03:00:18,930 INFO: [000_U..][epoch:219, iter: 175,600, lr:(2.500e-05,1.750e-05,)] [eta: 7:18:46, time (data): 0.154 (0.002)] l_pix: 1.8944e-01 l_lpips: 1.7798e-01 
2026-07-28 03:00:34,372 INFO: [000_U..][epoch:219, iter: 175,700, lr:(2.500e-05,1.750e-05,)] [eta: 7:18:21, time (data): 0.155 (0.002)] l_pix: 2.7134e-01 l_lpips: 2.5439e-01 
2026-07-28 03:00:49,918 INFO: [000_U..][epoch:219, iter: 175,800, lr:(2.500e-05,1.750e-05,)] [eta: 7:17:56, time (data): 0.155 (0.002)] l_pix: 2.3392e-01 l_lpips: 2.3230e-01 
2026-07-28 03:01:05,347 INFO: [000_U..][epoch:219, iter: 175,900, lr:(2.500e-05,1.750e-05,)] [eta: 7:17:31, time (data): 0.155 (0.002)] l_pix: 2.4259e-01 l_lpips: 2.1973e-01 
2026-07-28 03:01:20,762 INFO: [000_U..][epoch:219, iter: 176,000, lr:(2.500e-05,1.750e-05,)] [eta: 7:17:06, time (data): 0.154 (0.002)] l_pix: 2.3534e-01 l_lpips: 2.2266e-01 
2026-07-28 03:01:37,095 INFO: [000_U..][epoch:220, iter: 176,100, lr:(2.500e-05,1.750e-05,)] [eta: 7:16:41, time (data): 0.161 (0.002)] l_pix: 2.2618e-01 l_lpips: 2.2046e-01 
2026-07-28 03:01:53,272 INFO: [000_U..][epoch:220, iter: 176,200, lr:(2.500e-05,1.750e-05,)] [eta: 7:16:16, time (data): 0.162 (0.002)] l_pix: 2.0329e-01 l_lpips: 1.8604e-01 
2026-07-28 03:02:09,484 INFO: [000_U..][epoch:220, iter: 176,300, lr:(2.500e-05,1.750e-05,)] [eta: 7:15:52, time (data): 0.163 (0.002)] l_pix: 9.2220e-02 l_lpips: 8.3313e-02 
2026-07-28 03:02:25,869 INFO: [000_U..][epoch:220, iter: 176,400, lr:(2.500e-05,1.750e-05,)] [eta: 7:15:27, time (data): 0.164 (0.002)] l_pix: 1.2030e-01 l_lpips: 1.1932e-01 
2026-07-28 03:02:42,299 INFO: [000_U..][epoch:220, iter: 176,500, lr:(2.500e-05,1.750e-05,)] [eta: 7:15:03, time (data): 0.168 (0.002)] l_pix: 1.5947e-01 l_lpips: 1.5308e-01 
2026-07-28 03:02:58,489 INFO: [000_U..][epoch:220, iter: 176,600, lr:(2.500e-05,1.750e-05,)] [eta: 7:14:38, time (data): 0.163 (0.002)] l_pix: 1.4920e-01 l_lpips: 1.4355e-01 
2026-07-28 03:03:14,592 INFO: [000_U..][epoch:220, iter: 176,700, lr:(2.500e-05,1.750e-05,)] [eta: 7:14:14, time (data): 0.159 (0.002)] l_pix: 3.5970e-02 l_lpips: 3.3997e-02 
2026-07-28 03:03:30,704 INFO: [000_U..][epoch:220, iter: 176,800, lr:(2.500e-05,1.750e-05,)] [eta: 7:13:49, time (data): 0.161 (0.002)] l_pix: 2.3733e-01 l_lpips: 2.1790e-01 
2026-07-28 03:03:46,955 INFO: [000_U..][epoch:221, iter: 176,900, lr:(2.500e-05,1.750e-05,)] [eta: 7:13:25, time (data): 0.159 (0.002)] l_pix: 1.8913e-01 l_lpips: 1.8481e-01 
2026-07-28 03:04:02,991 INFO: [000_U..][epoch:221, iter: 177,000, lr:(2.500e-05,1.750e-05,)] [eta: 7:13:00, time (data): 0.160 (0.002)] l_pix: 2.4818e-01 l_lpips: 2.2632e-01 
2026-07-28 03:04:19,175 INFO: [000_U..][epoch:221, iter: 177,100, lr:(2.500e-05,1.750e-05,)] [eta: 7:12:35, time (data): 0.163 (0.002)] l_pix: 2.6694e-01 l_lpips: 2.4719e-01 
2026-07-28 03:04:35,427 INFO: [000_U..][epoch:221, iter: 177,200, lr:(2.500e-05,1.750e-05,)] [eta: 7:12:11, time (data): 0.163 (0.002)] l_pix: 1.3941e-01 l_lpips: 1.3428e-01 
2026-07-28 03:04:51,520 INFO: [000_U..][epoch:221, iter: 177,300, lr:(2.500e-05,1.750e-05,)] [eta: 7:11:46, time (data): 0.162 (0.002)] l_pix: 1.8795e-01 l_lpips: 1.8213e-01 
2026-07-28 03:05:07,605 INFO: [000_U..][epoch:221, iter: 177,400, lr:(2.500e-05,1.750e-05,)] [eta: 7:11:22, time (data): 0.161 (0.002)] l_pix: 4.8006e-02 l_lpips: 4.4617e-02 
2026-07-28 03:05:24,078 INFO: [000_U..][epoch:221, iter: 177,500, lr:(2.500e-05,1.750e-05,)] [eta: 7:10:57, time (data): 0.164 (0.002)] l_pix: 2.4235e-01 l_lpips: 2.1704e-01 
2026-07-28 03:05:40,465 INFO: [000_U..][epoch:221, iter: 177,600, lr:(2.500e-05,1.750e-05,)] [eta: 7:10:33, time (data): 0.164 (0.002)] l_pix: 1.9207e-01 l_lpips: 1.9006e-01 
2026-07-28 03:05:56,246 INFO: [000_U..][epoch:222, iter: 177,700, lr:(2.500e-05,1.750e-05,)] [eta: 7:10:08, time (data): 0.154 (0.002)] l_pix: 2.7782e-01 l_lpips: 2.4133e-01 
2026-07-28 03:06:11,704 INFO: [000_U..][epoch:222, iter: 177,800, lr:(2.500e-05,1.750e-05,)] [eta: 7:09:43, time (data): 0.155 (0.002)] l_pix: 4.3974e-02 l_lpips: 4.1016e-02 
2026-07-28 03:06:27,335 INFO: [000_U..][epoch:222, iter: 177,900, lr:(2.500e-05,1.750e-05,)] [eta: 7:09:18, time (data): 0.154 (0.002)] l_pix: 2.1877e-01 l_lpips: 2.0410e-01 
2026-07-28 03:06:42,748 INFO: [000_U..][epoch:222, iter: 178,000, lr:(2.500e-05,1.750e-05,)] [eta: 7:08:53, time (data): 0.154 (0.002)] l_pix: 2.3568e-01 l_lpips: 2.2681e-01 
2026-07-28 03:06:58,252 INFO: [000_U..][epoch:222, iter: 178,100, lr:(2.500e-05,1.750e-05,)] [eta: 7:08:28, time (data): 0.155 (0.002)] l_pix: 1.3028e-01 l_lpips: 1.2756e-01 
2026-07-28 03:07:13,740 INFO: [000_U..][epoch:222, iter: 178,200, lr:(2.500e-05,1.750e-05,)] [eta: 7:08:04, time (data): 0.155 (0.002)] l_pix: 1.3459e-01 l_lpips: 1.3123e-01 
2026-07-28 03:07:29,198 INFO: [000_U..][epoch:222, iter: 178,300, lr:(2.500e-05,1.750e-05,)] [eta: 7:07:39, time (data): 0.155 (0.002)] l_pix: 2.2119e-01 l_lpips: 2.0923e-01 
2026-07-28 03:07:44,697 INFO: [000_U..][epoch:222, iter: 178,400, lr:(2.500e-05,1.750e-05,)] [eta: 7:07:14, time (data): 0.155 (0.002)] l_pix: 1.6044e-01 l_lpips: 1.4966e-01 
2026-07-28 03:08:00,789 INFO: [000_U..][epoch:223, iter: 178,500, lr:(2.500e-05,1.750e-05,)] [eta: 7:06:49, time (data): 0.158 (0.002)] l_pix: 1.7181e-01 l_lpips: 1.6333e-01 
2026-07-28 03:08:16,529 INFO: [000_U..][epoch:223, iter: 178,600, lr:(2.500e-05,1.750e-05,)] [eta: 7:06:24, time (data): 0.157 (0.002)] l_pix: 5.0593e-02 l_lpips: 4.7729e-02 
2026-07-28 03:08:32,022 INFO: [000_U..][epoch:223, iter: 178,700, lr:(2.500e-05,1.750e-05,)] [eta: 7:06:00, time (data): 0.159 (0.002)] l_pix: 5.7334e-02 l_lpips: 5.4260e-02 
2026-07-28 03:08:47,529 INFO: [000_U..][epoch:223, iter: 178,800, lr:(2.500e-05,1.750e-05,)] [eta: 7:05:35, time (data): 0.155 (0.002)] l_pix: 1.7377e-01 l_lpips: 1.6577e-01 
2026-07-28 03:09:03,351 INFO: [000_U..][epoch:223, iter: 178,900, lr:(2.500e-05,1.750e-05,)] [eta: 7:05:10, time (data): 0.155 (0.002)] l_pix: 2.0166e-01 l_lpips: 1.9861e-01 
2026-07-28 03:09:18,824 INFO: [000_U..][epoch:223, iter: 179,000, lr:(2.500e-05,1.750e-05,)] [eta: 7:04:45, time (data): 0.155 (0.002)] l_pix: 3.1064e-01 l_lpips: 2.9443e-01 
2026-07-28 03:09:34,441 INFO: [000_U..][epoch:223, iter: 179,100, lr:(2.500e-05,1.750e-05,)] [eta: 7:04:21, time (data): 0.155 (0.002)] l_pix: 7.3605e-02 l_lpips: 7.1045e-02 
2026-07-28 03:09:49,821 INFO: [000_U..][epoch:223, iter: 179,200, lr:(2.500e-05,1.750e-05,)] [eta: 7:03:56, time (data): 0.154 (0.002)] l_pix: 2.5196e-01 l_lpips: 2.4536e-01 
2026-07-28 03:10:05,847 INFO: [000_U..][epoch:224, iter: 179,300, lr:(2.500e-05,1.750e-05,)] [eta: 7:03:31, time (data): 0.153 (0.002)] l_pix: 2.1291e-01 l_lpips: 2.1094e-01 
2026-07-28 03:10:21,338 INFO: [000_U..][epoch:224, iter: 179,400, lr:(2.500e-05,1.750e-05,)] [eta: 7:03:06, time (data): 0.155 (0.002)] l_pix: 1.5364e-01 l_lpips: 1.5112e-01 
2026-07-28 03:10:37,369 INFO: [000_U..][epoch:224, iter: 179,500, lr:(2.500e-05,1.750e-05,)] [eta: 7:02:42, time (data): 0.156 (0.002)] l_pix: 1.2746e-01 l_lpips: 1.2274e-01 
2026-07-28 03:10:53,056 INFO: [000_U..][epoch:224, iter: 179,600, lr:(2.500e-05,1.750e-05,)] [eta: 7:02:17, time (data): 0.157 (0.002)] l_pix: 1.0088e-01 l_lpips: 9.9792e-02 
2026-07-28 03:11:08,645 INFO: [000_U..][epoch:224, iter: 179,700, lr:(2.500e-05,1.750e-05,)] [eta: 7:01:53, time (data): 0.160 (0.002)] l_pix: 2.0160e-01 l_lpips: 1.9312e-01 
2026-07-28 03:11:24,283 INFO: [000_U..][epoch:224, iter: 179,800, lr:(2.500e-05,1.750e-05,)] [eta: 7:01:28, time (data): 0.157 (0.002)] l_pix: 2.3613e-01 l_lpips: 2.2083e-01 
2026-07-28 03:11:39,994 INFO: [000_U..][epoch:224, iter: 179,900, lr:(2.500e-05,1.750e-05,)] [eta: 7:01:03, time (data): 0.154 (0.002)] l_pix: 1.7291e-01 l_lpips: 1.5796e-01 
2026-07-28 03:11:56,078 INFO: [000_U..][epoch:224, iter: 180,000, lr:(2.500e-05,1.750e-05,)] [eta: 7:00:39, time (data): 0.161 (0.002)] l_pix: 3.1454e-01 l_lpips: 2.8418e-01 
2026-07-28 03:11:56,078 INFO: Saving models and training states.
2026-07-28 03:16:31,032 INFO: Validation RealSRV3
	 # psnr: 24.8464	Best: 24.8464 @ 180000 iter
	 # ssim: 0.6932	Best: 0.6932 @ 180000 iter
	 # lpips: 0.3697	Best: 0.3527 @ 120000 iter

2026-07-28 03:16:46,938 INFO: [000_U..][epoch:225, iter: 180,100, lr:(2.500e-05,1.750e-05,)] [eta: 7:03:18, time (data): 0.153 (0.002)] l_pix: 1.8153e-01 l_lpips: 1.7859e-01 
2026-07-28 03:17:02,388 INFO: [000_U..][epoch:225, iter: 180,200, lr:(2.500e-05,1.750e-05,)] [eta: 7:02:53, time (data): 0.154 (0.002)] l_pix: 1.7239e-01 l_lpips: 1.6760e-01 
2026-07-28 03:17:18,664 INFO: [000_U..][epoch:225, iter: 180,300, lr:(2.500e-05,1.750e-05,)] [eta: 7:02:28, time (data): 0.158 (0.002)] l_pix: 1.6138e-01 l_lpips: 1.5674e-01 
2026-07-28 03:17:34,369 INFO: [000_U..][epoch:225, iter: 180,400, lr:(2.500e-05,1.750e-05,)] [eta: 7:02:03, time (data): 0.157 (0.002)] l_pix: 2.4363e-01 l_lpips: 2.3267e-01 
2026-07-28 03:17:50,063 INFO: [000_U..][epoch:225, iter: 180,500, lr:(2.500e-05,1.750e-05,)] [eta: 7:01:39, time (data): 0.154 (0.002)] l_pix: 9.9668e-02 l_lpips: 9.5703e-02 
2026-07-28 03:18:05,575 INFO: [000_U..][epoch:225, iter: 180,600, lr:(2.500e-05,1.750e-05,)] [eta: 7:01:14, time (data): 0.155 (0.002)] l_pix: 1.8757e-01 l_lpips: 1.7920e-01 
2026-07-28 03:18:21,090 INFO: [000_U..][epoch:225, iter: 180,700, lr:(2.500e-05,1.750e-05,)] [eta: 7:00:49, time (data): 0.157 (0.002)] l_pix: 2.2093e-01 l_lpips: 1.9971e-01 
2026-07-28 03:18:36,589 INFO: [000_U..][epoch:225, iter: 180,800, lr:(2.500e-05,1.750e-05,)] [eta: 7:00:24, time (data): 0.155 (0.002)] l_pix: 2.4622e-01 l_lpips: 2.4390e-01 
2026-07-28 03:18:52,783 INFO: [000_U..][epoch:226, iter: 180,900, lr:(2.500e-05,1.750e-05,)] [eta: 7:00:00, time (data): 0.158 (0.003)] l_pix: 3.4659e-02 l_lpips: 3.2776e-02 
2026-07-28 03:19:08,407 INFO: [000_U..][epoch:226, iter: 181,000, lr:(2.500e-05,1.750e-05,)] [eta: 6:59:35, time (data): 0.156 (0.002)] l_pix: 2.4733e-01 l_lpips: 2.2925e-01 
2026-07-28 03:19:24,267 INFO: [000_U..][epoch:226, iter: 181,100, lr:(2.500e-05,1.750e-05,)] [eta: 6:59:10, time (data): 0.157 (0.002)] l_pix: 1.7813e-01 l_lpips: 1.7114e-01 
2026-07-28 03:19:40,209 INFO: [000_U..][epoch:226, iter: 181,200, lr:(2.500e-05,1.750e-05,)] [eta: 6:58:46, time (data): 0.159 (0.002)] l_pix: 6.2189e-02 l_lpips: 5.9235e-02 
2026-07-28 03:19:55,859 INFO: [000_U..][epoch:226, iter: 181,300, lr:(2.500e-05,1.750e-05,)] [eta: 6:58:21, time (data): 0.158 (0.002)] l_pix: 1.8889e-01 l_lpips: 1.7920e-01 
2026-07-28 03:20:11,594 INFO: [000_U..][epoch:226, iter: 181,400, lr:(2.500e-05,1.750e-05,)] [eta: 6:57:56, time (data): 0.157 (0.002)] l_pix: 3.1771e-02 l_lpips: 2.9694e-02 
2026-07-28 03:20:27,154 INFO: [000_U..][epoch:226, iter: 181,500, lr:(2.500e-05,1.750e-05,)] [eta: 6:57:31, time (data): 0.157 (0.002)] l_pix: 3.8107e-02 l_lpips: 3.5156e-02 
2026-07-28 03:20:42,975 INFO: [000_U..][epoch:226, iter: 181,600, lr:(2.500e-05,1.750e-05,)] [eta: 6:57:07, time (data): 0.158 (0.002)] l_pix: 2.3260e-01 l_lpips: 2.1753e-01 
2026-07-28 03:20:59,094 INFO: [000_U..][epoch:227, iter: 181,700, lr:(2.500e-05,1.750e-05,)] [eta: 6:56:42, time (data): 0.160 (0.003)] l_pix: 1.5812e-01 l_lpips: 1.5234e-01 
2026-07-28 03:21:14,806 INFO: [000_U..][epoch:227, iter: 181,800, lr:(2.500e-05,1.750e-05,)] [eta: 6:56:18, time (data): 0.157 (0.002)] l_pix: 2.1072e-01 l_lpips: 2.0056e-01 
2026-07-28 03:21:30,566 INFO: [000_U..][epoch:227, iter: 181,900, lr:(2.500e-05,1.750e-05,)] [eta: 6:55:53, time (data): 0.157 (0.002)] l_pix: 6.0942e-02 l_lpips: 5.8258e-02 
2026-07-28 03:21:45,888 INFO: [000_U..][epoch:227, iter: 182,000, lr:(2.500e-05,1.750e-05,)] [eta: 6:55:28, time (data): 0.153 (0.002)] l_pix: 2.4177e-01 l_lpips: 2.2180e-01 
2026-07-28 03:22:01,173 INFO: [000_U..][epoch:227, iter: 182,100, lr:(2.500e-05,1.750e-05,)] [eta: 6:55:03, time (data): 0.153 (0.002)] l_pix: 4.3189e-02 l_lpips: 4.0283e-02 
2026-07-28 03:22:16,432 INFO: [000_U..][epoch:227, iter: 182,200, lr:(2.500e-05,1.750e-05,)] [eta: 6:54:38, time (data): 0.153 (0.002)] l_pix: 1.9969e-01 l_lpips: 1.8274e-01 
2026-07-28 03:22:31,734 INFO: [000_U..][epoch:227, iter: 182,300, lr:(2.500e-05,1.750e-05,)] [eta: 6:54:13, time (data): 0.153 (0.002)] l_pix: 3.1646e-01 l_lpips: 2.8833e-01 
2026-07-28 03:22:47,311 INFO: [000_U..][epoch:227, iter: 182,400, lr:(2.500e-05,1.750e-05,)] [eta: 6:53:49, time (data): 0.156 (0.002)] l_pix: 5.7365e-02 l_lpips: 5.4901e-02 
2026-07-28 03:23:03,031 INFO: [000_U..][epoch:228, iter: 182,500, lr:(2.500e-05,1.750e-05,)] [eta: 6:53:24, time (data): 0.157 (0.003)] l_pix: 2.6900e-01 l_lpips: 2.5659e-01 
2026-07-28 03:23:18,396 INFO: [000_U..][epoch:228, iter: 182,600, lr:(2.500e-05,1.750e-05,)] [eta: 6:52:59, time (data): 0.154 (0.002)] l_pix: 1.5682e-01 l_lpips: 1.5491e-01 
2026-07-28 03:23:34,740 INFO: [000_U..][epoch:228, iter: 182,700, lr:(2.500e-05,1.750e-05,)] [eta: 6:52:35, time (data): 0.159 (0.002)] l_pix: 2.4189e-01 l_lpips: 2.3706e-01 
2026-07-28 03:23:51,299 INFO: [000_U..][epoch:228, iter: 182,800, lr:(2.500e-05,1.750e-05,)] [eta: 6:52:11, time (data): 0.166 (0.002)] l_pix: 1.7754e-01 l_lpips: 1.6626e-01 
2026-07-28 03:24:07,972 INFO: [000_U..][epoch:228, iter: 182,900, lr:(2.500e-05,1.750e-05,)] [eta: 6:51:47, time (data): 0.166 (0.002)] l_pix: 2.6023e-01 l_lpips: 2.3547e-01 
2026-07-28 03:24:24,574 INFO: [000_U..][epoch:228, iter: 183,000, lr:(2.500e-05,1.750e-05,)] [eta: 6:51:23, time (data): 0.166 (0.002)] l_pix: 2.7995e-01 l_lpips: 2.7026e-01 
2026-07-28 03:24:40,536 INFO: [000_U..][epoch:228, iter: 183,100, lr:(2.500e-05,1.750e-05,)] [eta: 6:50:59, time (data): 0.163 (0.002)] l_pix: 8.0525e-02 l_lpips: 7.5623e-02 
2026-07-28 03:24:56,239 INFO: [000_U..][epoch:228, iter: 183,200, lr:(2.500e-05,1.750e-05,)] [eta: 6:50:34, time (data): 0.157 (0.002)] l_pix: 1.6830e-01 l_lpips: 1.6333e-01 
2026-07-28 03:25:12,598 INFO: [000_U..][epoch:229, iter: 183,300, lr:(2.500e-05,1.750e-05,)] [eta: 6:50:10, time (data): 0.161 (0.003)] l_pix: 1.0818e-01 l_lpips: 1.0529e-01 
2026-07-28 03:25:28,480 INFO: [000_U..][epoch:229, iter: 183,400, lr:(2.500e-05,1.750e-05,)] [eta: 6:49:46, time (data): 0.159 (0.002)] l_pix: 2.2294e-01 l_lpips: 2.2095e-01 
2026-07-28 03:25:44,310 INFO: [000_U..][epoch:229, iter: 183,500, lr:(2.500e-05,1.750e-05,)] [eta: 6:49:21, time (data): 0.158 (0.002)] l_pix: 1.5419e-01 l_lpips: 1.5137e-01 
2026-07-28 03:26:00,090 INFO: [000_U..][epoch:229, iter: 183,600, lr:(2.500e-05,1.750e-05,)] [eta: 6:48:57, time (data): 0.157 (0.002)] l_pix: 1.9326e-01 l_lpips: 1.7896e-01 
2026-07-28 03:26:15,893 INFO: [000_U..][epoch:229, iter: 183,700, lr:(2.500e-05,1.750e-05,)] [eta: 6:48:33, time (data): 0.158 (0.002)] l_pix: 2.0185e-01 l_lpips: 1.9458e-01 
2026-07-28 03:26:31,995 INFO: [000_U..][epoch:229, iter: 183,800, lr:(2.500e-05,1.750e-05,)] [eta: 6:48:08, time (data): 0.161 (0.002)] l_pix: 1.5735e-01 l_lpips: 1.4832e-01 
2026-07-28 03:26:47,725 INFO: [000_U..][epoch:229, iter: 183,900, lr:(2.500e-05,1.750e-05,)] [eta: 6:47:44, time (data): 0.159 (0.002)] l_pix: 2.8140e-01 l_lpips: 2.3303e-01 
2026-07-28 03:27:03,100 INFO: [000_U..][epoch:229, iter: 184,000, lr:(2.500e-05,1.750e-05,)] [eta: 6:47:19, time (data): 0.154 (0.002)] l_pix: 3.0971e-01 l_lpips: 2.9541e-01 
2026-07-28 03:27:19,065 INFO: [000_U..][epoch:230, iter: 184,100, lr:(2.500e-05,1.750e-05,)] [eta: 6:46:55, time (data): 0.157 (0.003)] l_pix: 1.8481e-01 l_lpips: 1.7493e-01 
2026-07-28 03:27:34,734 INFO: [000_U..][epoch:230, iter: 184,200, lr:(2.500e-05,1.750e-05,)] [eta: 6:46:30, time (data): 0.156 (0.002)] l_pix: 1.1869e-01 l_lpips: 1.1755e-01 
2026-07-28 03:27:50,539 INFO: [000_U..][epoch:230, iter: 184,300, lr:(2.500e-05,1.750e-05,)] [eta: 6:46:06, time (data): 0.157 (0.002)] l_pix: 1.5286e-01 l_lpips: 1.4722e-01 
2026-07-28 03:28:06,377 INFO: [000_U..][epoch:230, iter: 184,400, lr:(2.500e-05,1.750e-05,)] [eta: 6:45:42, time (data): 0.158 (0.002)] l_pix: 4.6368e-02 l_lpips: 4.4006e-02 
2026-07-28 03:28:22,198 INFO: [000_U..][epoch:230, iter: 184,500, lr:(2.500e-05,1.750e-05,)] [eta: 6:45:17, time (data): 0.158 (0.002)] l_pix: 6.6849e-02 l_lpips: 6.4331e-02 
2026-07-28 03:28:37,528 INFO: [000_U..][epoch:230, iter: 184,600, lr:(2.500e-05,1.750e-05,)] [eta: 6:44:53, time (data): 0.154 (0.002)] l_pix: 2.0371e-01 l_lpips: 1.8652e-01 
2026-07-28 03:28:52,872 INFO: [000_U..][epoch:230, iter: 184,700, lr:(2.500e-05,1.750e-05,)] [eta: 6:44:28, time (data): 0.153 (0.002)] l_pix: 6.5360e-02 l_lpips: 6.4087e-02 
2026-07-28 03:29:08,281 INFO: [000_U..][epoch:230, iter: 184,800, lr:(2.500e-05,1.750e-05,)] [eta: 6:44:04, time (data): 0.154 (0.002)] l_pix: 2.6145e-02 l_lpips: 2.2949e-02 
2026-07-28 03:29:24,129 INFO: [000_U..][epoch:231, iter: 184,900, lr:(2.500e-05,1.750e-05,)] [eta: 6:43:39, time (data): 0.156 (0.003)] l_pix: 7.6608e-02 l_lpips: 7.4768e-02 
2026-07-28 03:29:39,505 INFO: [000_U..][epoch:231, iter: 185,000, lr:(2.500e-05,1.750e-05,)] [eta: 6:43:15, time (data): 0.154 (0.002)] l_pix: 1.8953e-01 l_lpips: 1.8066e-01 
2026-07-28 03:34:13,314 INFO: Validation RealSRV3
	 # psnr: 24.9786	Best: 24.9786 @ 185000 iter
	 # ssim: 0.6944	Best: 0.6944 @ 185000 iter
	 # lpips: 0.3687	Best: 0.3527 @ 120000 iter

2026-07-28 03:34:29,130 INFO: [000_U..][epoch:231, iter: 185,100, lr:(2.500e-05,1.750e-05,)] [eta: 6:45:40, time (data): 0.156 (0.002)] l_pix: 2.3373e-01 l_lpips: 2.3047e-01 
2026-07-28 03:34:45,030 INFO: [000_U..][epoch:231, iter: 185,200, lr:(2.500e-05,1.750e-05,)] [eta: 6:45:16, time (data): 0.159 (0.002)] l_pix: 2.3491e-01 l_lpips: 2.1948e-01 
2026-07-28 03:35:00,951 INFO: [000_U..][epoch:231, iter: 185,300, lr:(2.500e-05,1.750e-05,)] [eta: 6:44:52, time (data): 0.159 (0.002)] l_pix: 2.2485e-01 l_lpips: 2.1777e-01 
2026-07-28 03:35:16,444 INFO: [000_U..][epoch:231, iter: 185,400, lr:(2.500e-05,1.750e-05,)] [eta: 6:44:27, time (data): 0.154 (0.002)] l_pix: 1.5812e-01 l_lpips: 1.4734e-01 
2026-07-28 03:35:31,780 INFO: [000_U..][epoch:231, iter: 185,500, lr:(2.500e-05,1.750e-05,)] [eta: 6:44:02, time (data): 0.154 (0.002)] l_pix: 1.8908e-01 l_lpips: 1.7590e-01 
2026-07-28 03:35:47,112 INFO: [000_U..][epoch:231, iter: 185,600, lr:(2.500e-05,1.750e-05,)] [eta: 6:43:37, time (data): 0.153 (0.002)] l_pix: 6.8973e-02 l_lpips: 6.6345e-02 
2026-07-28 03:36:02,856 INFO: [000_U..][epoch:232, iter: 185,700, lr:(2.500e-05,1.750e-05,)] [eta: 6:43:13, time (data): 0.156 (0.004)] l_pix: 1.7823e-01 l_lpips: 1.6699e-01 
2026-07-28 03:36:18,798 INFO: [000_U..][epoch:232, iter: 185,800, lr:(2.500e-05,1.750e-05,)] [eta: 6:42:48, time (data): 0.161 (0.002)] l_pix: 1.9457e-01 l_lpips: 1.8311e-01 
2026-07-28 03:36:35,228 INFO: [000_U..][epoch:232, iter: 185,900, lr:(2.500e-05,1.750e-05,)] [eta: 6:42:24, time (data): 0.163 (0.002)] l_pix: 2.5671e-01 l_lpips: 2.5415e-01 
2026-07-28 03:36:51,460 INFO: [000_U..][epoch:232, iter: 186,000, lr:(2.500e-05,1.750e-05,)] [eta: 6:42:00, time (data): 0.160 (0.002)] l_pix: 3.6886e-02 l_lpips: 3.4912e-02 
2026-07-28 03:37:07,281 INFO: [000_U..][epoch:232, iter: 186,100, lr:(2.500e-05,1.750e-05,)] [eta: 6:41:36, time (data): 0.159 (0.002)] l_pix: 7.2084e-02 l_lpips: 6.4331e-02 
2026-07-28 03:37:23,337 INFO: [000_U..][epoch:232, iter: 186,200, lr:(2.500e-05,1.750e-05,)] [eta: 6:41:11, time (data): 0.161 (0.002)] l_pix: 1.6844e-01 l_lpips: 1.5991e-01 
2026-07-28 03:37:39,378 INFO: [000_U..][epoch:232, iter: 186,300, lr:(2.500e-05,1.750e-05,)] [eta: 6:40:47, time (data): 0.161 (0.002)] l_pix: 6.3022e-02 l_lpips: 6.0638e-02 
2026-07-28 03:37:55,503 INFO: [000_U..][epoch:232, iter: 186,400, lr:(2.500e-05,1.750e-05,)] [eta: 6:40:23, time (data): 0.162 (0.002)] l_pix: 1.0544e-01 l_lpips: 1.0413e-01 
2026-07-28 03:38:11,831 INFO: [000_U..][epoch:233, iter: 186,500, lr:(2.500e-05,1.750e-05,)] [eta: 6:39:59, time (data): 0.163 (0.003)] l_pix: 1.1706e-01 l_lpips: 1.1414e-01 
2026-07-28 03:38:27,945 INFO: [000_U..][epoch:233, iter: 186,600, lr:(2.500e-05,1.750e-05,)] [eta: 6:39:35, time (data): 0.161 (0.002)] l_pix: 2.0517e-01 l_lpips: 2.0166e-01 
2026-07-28 03:38:44,327 INFO: [000_U..][epoch:233, iter: 186,700, lr:(2.500e-05,1.750e-05,)] [eta: 6:39:11, time (data): 0.163 (0.002)] l_pix: 1.9537e-01 l_lpips: 1.9055e-01 
2026-07-28 03:39:00,545 INFO: [000_U..][epoch:233, iter: 186,800, lr:(2.500e-05,1.750e-05,)] [eta: 6:38:47, time (data): 0.162 (0.002)] l_pix: 1.8706e-01 l_lpips: 1.7712e-01 
2026-07-28 03:39:16,655 INFO: [000_U..][epoch:233, iter: 186,900, lr:(2.500e-05,1.750e-05,)] [eta: 6:38:22, time (data): 0.161 (0.002)] l_pix: 7.5509e-02 l_lpips: 7.4463e-02 
2026-07-28 03:39:32,710 INFO: [000_U..][epoch:233, iter: 187,000, lr:(2.500e-05,1.750e-05,)] [eta: 6:37:58, time (data): 0.159 (0.002)] l_pix: 2.2766e-01 l_lpips: 2.2461e-01 
2026-07-28 03:39:48,681 INFO: [000_U..][epoch:233, iter: 187,100, lr:(2.500e-05,1.750e-05,)] [eta: 6:37:34, time (data): 0.159 (0.002)] l_pix: 2.8200e-02 l_lpips: 2.4170e-02 
2026-07-28 03:40:04,558 INFO: [000_U..][epoch:233, iter: 187,200, lr:(2.500e-05,1.750e-05,)] [eta: 6:37:10, time (data): 0.159 (0.002)] l_pix: 2.0576e-01 l_lpips: 2.0068e-01 
2026-07-28 03:40:20,903 INFO: [000_U..][epoch:234, iter: 187,300, lr:(2.500e-05,1.750e-05,)] [eta: 6:36:46, time (data): 0.162 (0.003)] l_pix: 1.7527e-01 l_lpips: 1.7334e-01 
2026-07-28 03:40:36,952 INFO: [000_U..][epoch:234, iter: 187,400, lr:(2.500e-05,1.750e-05,)] [eta: 6:36:21, time (data): 0.161 (0.002)] l_pix: 1.9523e-01 l_lpips: 1.7688e-01 
2026-07-28 03:40:53,053 INFO: [000_U..][epoch:234, iter: 187,500, lr:(2.500e-05,1.750e-05,)] [eta: 6:35:57, time (data): 0.161 (0.002)] l_pix: 5.1408e-02 l_lpips: 4.8706e-02 
2026-07-28 03:41:08,785 INFO: [000_U..][epoch:234, iter: 187,600, lr:(2.500e-05,1.750e-05,)] [eta: 6:35:33, time (data): 0.158 (0.002)] l_pix: 2.0607e-01 l_lpips: 2.0459e-01 
2026-07-28 03:41:24,413 INFO: [000_U..][epoch:234, iter: 187,700, lr:(2.500e-05,1.750e-05,)] [eta: 6:35:09, time (data): 0.157 (0.002)] l_pix: 1.1683e-01 l_lpips: 1.0889e-01 
2026-07-28 03:41:39,940 INFO: [000_U..][epoch:234, iter: 187,800, lr:(2.500e-05,1.750e-05,)] [eta: 6:34:44, time (data): 0.155 (0.002)] l_pix: 1.0631e-01 l_lpips: 1.0492e-01 
2026-07-28 03:41:55,456 INFO: [000_U..][epoch:234, iter: 187,900, lr:(2.500e-05,1.750e-05,)] [eta: 6:34:20, time (data): 0.155 (0.002)] l_pix: 6.3421e-02 l_lpips: 6.0272e-02 
2026-07-28 03:42:11,100 INFO: [000_U..][epoch:234, iter: 188,000, lr:(2.500e-05,1.750e-05,)] [eta: 6:33:55, time (data): 0.157 (0.002)] l_pix: 1.4546e-01 l_lpips: 1.4380e-01 
2026-07-28 03:42:27,612 INFO: [000_U..][epoch:235, iter: 188,100, lr:(2.500e-05,1.750e-05,)] [eta: 6:33:31, time (data): 0.162 (0.003)] l_pix: 8.5636e-02 l_lpips: 7.7393e-02 
2026-07-28 03:42:43,797 INFO: [000_U..][epoch:235, iter: 188,200, lr:(2.500e-05,1.750e-05,)] [eta: 6:33:07, time (data): 0.161 (0.002)] l_pix: 1.0931e-01 l_lpips: 1.0522e-01 
2026-07-28 03:42:59,855 INFO: [000_U..][epoch:235, iter: 188,300, lr:(2.500e-05,1.750e-05,)] [eta: 6:32:43, time (data): 0.161 (0.002)] l_pix: 4.6247e-02 l_lpips: 4.3762e-02 
2026-07-28 03:43:15,939 INFO: [000_U..][epoch:235, iter: 188,400, lr:(2.500e-05,1.750e-05,)] [eta: 6:32:19, time (data): 0.160 (0.002)] l_pix: 1.5989e-01 l_lpips: 1.5735e-01 
2026-07-28 03:43:31,996 INFO: [000_U..][epoch:235, iter: 188,500, lr:(2.500e-05,1.750e-05,)] [eta: 6:31:55, time (data): 0.161 (0.002)] l_pix: 2.0873e-01 l_lpips: 2.0264e-01 
2026-07-28 03:43:48,082 INFO: [000_U..][epoch:235, iter: 188,600, lr:(2.500e-05,1.750e-05,)] [eta: 6:31:31, time (data): 0.160 (0.002)] l_pix: 9.7487e-02 l_lpips: 9.3628e-02 
2026-07-28 03:44:03,940 INFO: [000_U..][epoch:235, iter: 188,700, lr:(2.500e-05,1.750e-05,)] [eta: 6:31:07, time (data): 0.159 (0.002)] l_pix: 2.1461e-01 l_lpips: 1.9690e-01 
2026-07-28 03:44:19,902 INFO: [000_U..][epoch:235, iter: 188,800, lr:(2.500e-05,1.750e-05,)] [eta: 6:30:43, time (data): 0.160 (0.002)] l_pix: 2.1209e-01 l_lpips: 2.0020e-01 
2026-07-28 03:44:35,975 INFO: [000_U..][epoch:236, iter: 188,900, lr:(2.500e-05,1.750e-05,)] [eta: 6:30:19, time (data): 0.160 (0.003)] l_pix: 2.8984e-01 l_lpips: 2.8467e-01 
2026-07-28 03:44:51,924 INFO: [000_U..][epoch:236, iter: 189,000, lr:(2.500e-05,1.750e-05,)] [eta: 6:29:55, time (data): 0.161 (0.002)] l_pix: 4.2239e-02 l_lpips: 4.0161e-02 
2026-07-28 03:45:07,754 INFO: [000_U..][epoch:236, iter: 189,100, lr:(2.500e-05,1.750e-05,)] [eta: 6:29:31, time (data): 0.159 (0.002)] l_pix: 2.9529e-01 l_lpips: 2.7588e-01 
2026-07-28 03:45:23,664 INFO: [000_U..][epoch:236, iter: 189,200, lr:(2.500e-05,1.750e-05,)] [eta: 6:29:07, time (data): 0.160 (0.002)] l_pix: 1.5012e-01 l_lpips: 1.4172e-01 
2026-07-28 03:45:39,776 INFO: [000_U..][epoch:236, iter: 189,300, lr:(2.500e-05,1.750e-05,)] [eta: 6:28:43, time (data): 0.161 (0.002)] l_pix: 8.4862e-02 l_lpips: 8.0627e-02 
2026-07-28 03:45:56,506 INFO: [000_U..][epoch:236, iter: 189,400, lr:(2.500e-05,1.750e-05,)] [eta: 6:28:19, time (data): 0.165 (0.002)] l_pix: 1.9249e-01 l_lpips: 1.8835e-01 
2026-07-28 03:46:12,679 INFO: [000_U..][epoch:236, iter: 189,500, lr:(2.500e-05,1.750e-05,)] [eta: 6:27:55, time (data): 0.163 (0.002)] l_pix: 4.8473e-02 l_lpips: 4.5837e-02 
2026-07-28 03:46:28,544 INFO: [000_U..][epoch:236, iter: 189,600, lr:(2.500e-05,1.750e-05,)] [eta: 6:27:31, time (data): 0.158 (0.002)] l_pix: 1.9583e-01 l_lpips: 1.8896e-01 
2026-07-28 03:46:44,887 INFO: [000_U..][epoch:237, iter: 189,700, lr:(2.500e-05,1.750e-05,)] [eta: 6:27:07, time (data): 0.161 (0.003)] l_pix: 2.1572e-01 l_lpips: 2.1191e-01 
2026-07-28 03:47:01,066 INFO: [000_U..][epoch:237, iter: 189,800, lr:(2.500e-05,1.750e-05,)] [eta: 6:26:43, time (data): 0.162 (0.002)] l_pix: 4.2014e-02 l_lpips: 3.9795e-02 
2026-07-28 03:47:17,282 INFO: [000_U..][epoch:237, iter: 189,900, lr:(2.500e-05,1.750e-05,)] [eta: 6:26:19, time (data): 0.162 (0.002)] l_pix: 3.8025e-02 l_lpips: 3.5187e-02 
2026-07-28 03:47:33,458 INFO: [000_U..][epoch:237, iter: 190,000, lr:(2.500e-05,1.750e-05,)] [eta: 6:25:56, time (data): 0.163 (0.002)] l_pix: 1.0091e-01 l_lpips: 9.9731e-02 
2026-07-28 03:47:33,458 INFO: Saving models and training states.
2026-07-28 03:52:07,791 INFO: Validation RealSRV3
	 # psnr: 24.9782	Best: 24.9786 @ 185000 iter
	 # ssim: 0.6958	Best: 0.6958 @ 190000 iter
	 # lpips: 0.3649	Best: 0.3527 @ 120000 iter

2026-07-28 03:52:23,372 INFO: [000_U..][epoch:237, iter: 190,100, lr:(2.500e-05,1.750e-05,)] [eta: 6:28:10, time (data): 0.158 (0.002)] l_pix: 2.2193e-01 l_lpips: 2.1094e-01 
2026-07-28 03:52:39,145 INFO: [000_U..][epoch:237, iter: 190,200, lr:(2.500e-05,1.750e-05,)] [eta: 6:27:46, time (data): 0.160 (0.002)] l_pix: 2.2177e-01 l_lpips: 2.1460e-01 
2026-07-28 03:52:55,287 INFO: [000_U..][epoch:237, iter: 190,300, lr:(2.500e-05,1.750e-05,)] [eta: 6:27:21, time (data): 0.161 (0.002)] l_pix: 1.8353e-01 l_lpips: 1.6040e-01 
2026-07-28 03:53:11,376 INFO: [000_U..][epoch:237, iter: 190,400, lr:(2.500e-05,1.750e-05,)] [eta: 6:26:57, time (data): 0.161 (0.002)] l_pix: 2.2250e-01 l_lpips: 2.1692e-01 
2026-07-28 03:53:27,352 INFO: [000_U..][epoch:238, iter: 190,500, lr:(2.500e-05,1.750e-05,)] [eta: 6:26:33, time (data): 0.160 (0.003)] l_pix: 1.6624e-01 l_lpips: 1.5723e-01 
2026-07-28 03:53:43,074 INFO: [000_U..][epoch:238, iter: 190,600, lr:(2.500e-05,1.750e-05,)] [eta: 6:26:09, time (data): 0.157 (0.002)] l_pix: 2.7368e-01 l_lpips: 2.4902e-01 
2026-07-28 03:53:58,892 INFO: [000_U..][epoch:238, iter: 190,700, lr:(2.500e-05,1.750e-05,)] [eta: 6:25:45, time (data): 0.158 (0.002)] l_pix: 8.8433e-02 l_lpips: 8.6914e-02 
2026-07-28 03:54:14,689 INFO: [000_U..][epoch:238, iter: 190,800, lr:(2.500e-05,1.750e-05,)] [eta: 6:25:20, time (data): 0.158 (0.002)] l_pix: 2.5152e-01 l_lpips: 2.4414e-01 
2026-07-28 03:54:30,641 INFO: [000_U..][epoch:238, iter: 190,900, lr:(2.500e-05,1.750e-05,)] [eta: 6:24:56, time (data): 0.159 (0.002)] l_pix: 2.1536e-01 l_lpips: 1.9470e-01 
2026-07-28 03:54:46,431 INFO: [000_U..][epoch:238, iter: 191,000, lr:(2.500e-05,1.750e-05,)] [eta: 6:24:32, time (data): 0.158 (0.002)] l_pix: 2.8537e-01 l_lpips: 2.7979e-01 
2026-07-28 03:55:02,199 INFO: [000_U..][epoch:238, iter: 191,100, lr:(2.500e-05,1.750e-05,)] [eta: 6:24:08, time (data): 0.158 (0.002)] l_pix: 1.9306e-01 l_lpips: 1.9189e-01 
2026-07-28 03:55:17,966 INFO: [000_U..][epoch:238, iter: 191,200, lr:(2.500e-05,1.750e-05,)] [eta: 6:23:43, time (data): 0.158 (0.002)] l_pix: 1.4776e-01 l_lpips: 1.4355e-01 
2026-07-28 03:55:34,171 INFO: [000_U..][epoch:239, iter: 191,300, lr:(2.500e-05,1.750e-05,)] [eta: 6:23:19, time (data): 0.161 (0.004)] l_pix: 1.8666e-01 l_lpips: 1.8103e-01 
2026-07-28 03:55:49,881 INFO: [000_U..][epoch:239, iter: 191,400, lr:(2.500e-05,1.750e-05,)] [eta: 6:22:55, time (data): 0.157 (0.002)] l_pix: 2.0221e-01 l_lpips: 1.9543e-01 
2026-07-28 03:56:05,587 INFO: [000_U..][epoch:239, iter: 191,500, lr:(2.500e-05,1.750e-05,)] [eta: 6:22:31, time (data): 0.157 (0.002)] l_pix: 1.8429e-01 l_lpips: 1.7712e-01 
2026-07-28 03:56:21,304 INFO: [000_U..][epoch:239, iter: 191,600, lr:(2.500e-05,1.750e-05,)] [eta: 6:22:07, time (data): 0.158 (0.002)] l_pix: 2.2212e-01 l_lpips: 2.0105e-01 
2026-07-28 03:56:37,112 INFO: [000_U..][epoch:239, iter: 191,700, lr:(2.500e-05,1.750e-05,)] [eta: 6:21:43, time (data): 0.158 (0.002)] l_pix: 1.3233e-01 l_lpips: 1.2817e-01 
2026-07-28 03:56:52,958 INFO: [000_U..][epoch:239, iter: 191,800, lr:(2.500e-05,1.750e-05,)] [eta: 6:21:18, time (data): 0.158 (0.002)] l_pix: 2.3178e-01 l_lpips: 2.1777e-01 
2026-07-28 03:57:08,781 INFO: [000_U..][epoch:239, iter: 191,900, lr:(2.500e-05,1.750e-05,)] [eta: 6:20:54, time (data): 0.158 (0.002)] l_pix: 1.5387e-01 l_lpips: 1.4355e-01 
2026-07-28 03:57:24,984 INFO: [000_U..][epoch:239, iter: 192,000, lr:(2.500e-05,1.750e-05,)] [eta: 6:20:30, time (data): 0.160 (0.002)] l_pix: 2.5398e-01 l_lpips: 2.3804e-01 
2026-07-28 03:57:41,133 INFO: [000_U..][epoch:240, iter: 192,100, lr:(2.500e-05,1.750e-05,)] [eta: 6:20:06, time (data): 0.161 (0.004)] l_pix: 9.6410e-02 l_lpips: 8.8928e-02 
2026-07-28 03:57:56,924 INFO: [000_U..][epoch:240, iter: 192,200, lr:(2.500e-05,1.750e-05,)] [eta: 6:19:42, time (data): 0.157 (0.002)] l_pix: 1.4856e-01 l_lpips: 1.3916e-01 
2026-07-28 03:58:12,673 INFO: [000_U..][epoch:240, iter: 192,300, lr:(2.500e-05,1.750e-05,)] [eta: 6:19:18, time (data): 0.157 (0.002)] l_pix: 2.3381e-01 l_lpips: 2.1997e-01 
2026-07-28 03:58:28,464 INFO: [000_U..][epoch:240, iter: 192,400, lr:(2.500e-05,1.750e-05,)] [eta: 6:18:54, time (data): 0.158 (0.002)] l_pix: 2.4764e-01 l_lpips: 2.2827e-01 
2026-07-28 03:58:44,230 INFO: [000_U..][epoch:240, iter: 192,500, lr:(2.500e-05,1.750e-05,)] [eta: 6:18:30, time (data): 0.158 (0.002)] l_pix: 6.0256e-02 l_lpips: 5.7068e-02 
2026-07-28 03:59:00,010 INFO: [000_U..][epoch:240, iter: 192,600, lr:(2.500e-05,1.750e-05,)] [eta: 6:18:06, time (data): 0.158 (0.002)] l_pix: 1.8373e-01 l_lpips: 1.7871e-01 
2026-07-28 03:59:15,911 INFO: [000_U..][epoch:240, iter: 192,700, lr:(2.500e-05,1.750e-05,)] [eta: 6:17:42, time (data): 0.159 (0.002)] l_pix: 1.5041e-01 l_lpips: 1.3892e-01 
2026-07-28 03:59:31,781 INFO: [000_U..][epoch:240, iter: 192,800, lr:(2.500e-05,1.750e-05,)] [eta: 6:17:18, time (data): 0.158 (0.002)] l_pix: 8.4698e-02 l_lpips: 8.0139e-02 
2026-07-28 03:59:48,179 INFO: [000_U..][epoch:241, iter: 192,900, lr:(2.500e-05,1.750e-05,)] [eta: 6:16:54, time (data): 0.162 (0.004)] l_pix: 1.7406e-01 l_lpips: 1.6528e-01 
2026-07-28 04:00:04,135 INFO: [000_U..][epoch:241, iter: 193,000, lr:(2.500e-05,1.750e-05,)] [eta: 6:16:30, time (data): 0.157 (0.002)] l_pix: 1.4336e-01 l_lpips: 1.3843e-01 
2026-07-28 04:00:20,142 INFO: [000_U..][epoch:241, iter: 193,100, lr:(2.500e-05,1.750e-05,)] [eta: 6:16:06, time (data): 0.159 (0.002)] l_pix: 1.3922e-01 l_lpips: 1.3770e-01 
2026-07-28 04:00:36,101 INFO: [000_U..][epoch:241, iter: 193,200, lr:(2.500e-05,1.750e-05,)] [eta: 6:15:42, time (data): 0.161 (0.002)] l_pix: 6.1859e-02 l_lpips: 5.8899e-02 
2026-07-28 04:00:52,161 INFO: [000_U..][epoch:241, iter: 193,300, lr:(2.500e-05,1.750e-05,)] [eta: 6:15:18, time (data): 0.161 (0.002)] l_pix: 2.1204e-01 l_lpips: 2.0447e-01 
2026-07-28 04:01:08,939 INFO: [000_U..][epoch:241, iter: 193,400, lr:(2.500e-05,1.750e-05,)] [eta: 6:14:55, time (data): 0.166 (0.002)] l_pix: 1.8239e-01 l_lpips: 1.7554e-01 
2026-07-28 04:01:25,515 INFO: [000_U..][epoch:241, iter: 193,500, lr:(2.500e-05,1.750e-05,)] [eta: 6:14:31, time (data): 0.166 (0.002)] l_pix: 2.2101e-01 l_lpips: 1.9702e-01 
2026-07-28 04:01:41,510 INFO: [000_U..][epoch:241, iter: 193,600, lr:(2.500e-05,1.750e-05,)] [eta: 6:14:07, time (data): 0.158 (0.002)] l_pix: 3.1562e-01 l_lpips: 2.7588e-01 
2026-07-28 04:01:57,739 INFO: [000_U..][epoch:242, iter: 193,700, lr:(2.500e-05,1.750e-05,)] [eta: 6:13:43, time (data): 0.161 (0.004)] l_pix: 1.4728e-01 l_lpips: 1.4185e-01 
2026-07-28 04:02:13,726 INFO: [000_U..][epoch:242, iter: 193,800, lr:(2.500e-05,1.750e-05,)] [eta: 6:13:20, time (data): 0.160 (0.002)] l_pix: 2.2170e-01 l_lpips: 2.1570e-01 
2026-07-28 04:02:29,423 INFO: [000_U..][epoch:242, iter: 193,900, lr:(2.500e-05,1.750e-05,)] [eta: 6:12:56, time (data): 0.158 (0.002)] l_pix: 1.8229e-01 l_lpips: 1.7407e-01 
2026-07-28 04:02:45,654 INFO: [000_U..][epoch:242, iter: 194,000, lr:(2.500e-05,1.750e-05,)] [eta: 6:12:32, time (data): 0.159 (0.002)] l_pix: 2.6235e-01 l_lpips: 2.5391e-01 
2026-07-28 04:03:01,328 INFO: [000_U..][epoch:242, iter: 194,100, lr:(2.500e-05,1.750e-05,)] [eta: 6:12:08, time (data): 0.157 (0.002)] l_pix: 8.9614e-02 l_lpips: 8.3618e-02 
2026-07-28 04:03:17,209 INFO: [000_U..][epoch:242, iter: 194,200, lr:(2.500e-05,1.750e-05,)] [eta: 6:11:44, time (data): 0.159 (0.002)] l_pix: 1.9116e-01 l_lpips: 1.8640e-01 
2026-07-28 04:03:33,054 INFO: [000_U..][epoch:242, iter: 194,300, lr:(2.500e-05,1.750e-05,)] [eta: 6:11:20, time (data): 0.159 (0.002)] l_pix: 1.3144e-01 l_lpips: 1.2549e-01 
2026-07-28 04:03:48,909 INFO: [000_U..][epoch:242, iter: 194,400, lr:(2.500e-05,1.750e-05,)] [eta: 6:10:56, time (data): 0.158 (0.002)] l_pix: 2.1546e-01 l_lpips: 2.0459e-01 
2026-07-28 04:04:05,064 INFO: [000_U..][epoch:243, iter: 194,500, lr:(2.500e-05,1.750e-05,)] [eta: 6:10:32, time (data): 0.161 (0.003)] l_pix: 1.8558e-01 l_lpips: 1.8201e-01 
2026-07-28 04:04:20,977 INFO: [000_U..][epoch:243, iter: 194,600, lr:(2.500e-05,1.750e-05,)] [eta: 6:10:08, time (data): 0.159 (0.002)] l_pix: 1.1448e-01 l_lpips: 1.1047e-01 
2026-07-28 04:04:36,869 INFO: [000_U..][epoch:243, iter: 194,700, lr:(2.500e-05,1.750e-05,)] [eta: 6:09:45, time (data): 0.159 (0.002)] l_pix: 2.2034e-01 l_lpips: 2.0386e-01 
2026-07-28 04:04:52,965 INFO: [000_U..][epoch:243, iter: 194,800, lr:(2.500e-05,1.750e-05,)] [eta: 6:09:21, time (data): 0.164 (0.002)] l_pix: 2.4438e-01 l_lpips: 2.1570e-01 
2026-07-28 04:05:09,514 INFO: [000_U..][epoch:243, iter: 194,900, lr:(2.500e-05,1.750e-05,)] [eta: 6:08:57, time (data): 0.165 (0.002)] l_pix: 1.2558e-01 l_lpips: 1.2366e-01 
2026-07-28 04:05:26,183 INFO: [000_U..][epoch:243, iter: 195,000, lr:(2.500e-05,1.750e-05,)] [eta: 6:08:34, time (data): 0.172 (0.002)] l_pix: 2.0472e-01 l_lpips: 1.9214e-01 
2026-07-28 04:09:58,838 INFO: Validation RealSRV3
	 # psnr: 25.0046	Best: 25.0046 @ 195000 iter
	 # ssim: 0.6959	Best: 0.6959 @ 195000 iter
	 # lpips: 0.3706	Best: 0.3527 @ 120000 iter

2026-07-28 04:10:14,555 INFO: [000_U..][epoch:243, iter: 195,100, lr:(2.500e-05,1.750e-05,)] [eta: 6:10:36, time (data): 0.160 (0.002)] l_pix: 1.5499e-01 l_lpips: 1.4392e-01 
2026-07-28 04:10:30,269 INFO: [000_U..][epoch:243, iter: 195,200, lr:(2.500e-05,1.750e-05,)] [eta: 6:10:12, time (data): 0.158 (0.002)] l_pix: 2.9494e-01 l_lpips: 2.8296e-01 
2026-07-28 04:10:46,300 INFO: [000_U..][epoch:244, iter: 195,300, lr:(2.500e-05,1.750e-05,)] [eta: 6:09:48, time (data): 0.160 (0.004)] l_pix: 1.2685e-01 l_lpips: 1.2231e-01 
2026-07-28 04:11:02,020 INFO: [000_U..][epoch:244, iter: 195,400, lr:(2.500e-05,1.750e-05,)] [eta: 6:09:24, time (data): 0.157 (0.002)] l_pix: 2.0315e-01 l_lpips: 1.9629e-01 
2026-07-28 04:11:17,727 INFO: [000_U..][epoch:244, iter: 195,500, lr:(2.500e-05,1.750e-05,)] [eta: 6:09:00, time (data): 0.157 (0.002)] l_pix: 2.2061e-01 l_lpips: 2.1021e-01 
2026-07-28 04:11:33,461 INFO: [000_U..][epoch:244, iter: 195,600, lr:(2.500e-05,1.750e-05,)] [eta: 6:08:36, time (data): 0.157 (0.002)] l_pix: 2.3594e-01 l_lpips: 2.1948e-01 
2026-07-28 04:11:49,259 INFO: [000_U..][epoch:244, iter: 195,700, lr:(2.500e-05,1.750e-05,)] [eta: 6:08:12, time (data): 0.158 (0.002)] l_pix: 1.9095e-01 l_lpips: 1.7554e-01 
2026-07-28 04:12:05,186 INFO: [000_U..][epoch:244, iter: 195,800, lr:(2.500e-05,1.750e-05,)] [eta: 6:07:48, time (data): 0.160 (0.002)] l_pix: 2.5968e-01 l_lpips: 2.3608e-01 
2026-07-28 04:12:21,235 INFO: [000_U..][epoch:244, iter: 195,900, lr:(2.500e-05,1.750e-05,)] [eta: 6:07:24, time (data): 0.160 (0.002)] l_pix: 1.5075e-01 l_lpips: 1.4087e-01 
2026-07-28 04:12:37,460 INFO: [000_U..][epoch:244, iter: 196,000, lr:(2.500e-05,1.750e-05,)] [eta: 6:07:00, time (data): 0.167 (0.002)] l_pix: 2.0547e-01 l_lpips: 1.9763e-01 
2026-07-28 04:12:53,848 INFO: [000_U..][epoch:245, iter: 196,100, lr:(2.500e-05,1.750e-05,)] [eta: 6:06:37, time (data): 0.165 (0.003)] l_pix: 5.6723e-02 l_lpips: 5.3589e-02 
2026-07-28 04:13:09,931 INFO: [000_U..][epoch:245, iter: 196,200, lr:(2.500e-05,1.750e-05,)] [eta: 6:06:13, time (data): 0.160 (0.002)] l_pix: 5.5549e-02 l_lpips: 5.4138e-02 
2026-07-28 04:13:26,012 INFO: [000_U..][epoch:245, iter: 196,300, lr:(2.500e-05,1.750e-05,)] [eta: 6:05:49, time (data): 0.161 (0.002)] l_pix: 2.6512e-01 l_lpips: 2.2400e-01 
2026-07-28 04:13:42,092 INFO: [000_U..][epoch:245, iter: 196,400, lr:(2.500e-05,1.750e-05,)] [eta: 6:05:25, time (data): 0.160 (0.002)] l_pix: 2.4018e-01 l_lpips: 2.2119e-01 
2026-07-28 04:13:58,188 INFO: [000_U..][epoch:245, iter: 196,500, lr:(2.500e-05,1.750e-05,)] [eta: 6:05:01, time (data): 0.161 (0.002)] l_pix: 1.4241e-01 l_lpips: 1.3745e-01 
2026-07-28 04:14:14,309 INFO: [000_U..][epoch:245, iter: 196,600, lr:(2.500e-05,1.750e-05,)] [eta: 6:04:37, time (data): 0.160 (0.002)] l_pix: 2.6380e-01 l_lpips: 2.5781e-01 
2026-07-28 04:14:30,140 INFO: [000_U..][epoch:245, iter: 196,700, lr:(2.500e-05,1.750e-05,)] [eta: 6:04:13, time (data): 0.159 (0.002)] l_pix: 1.5749e-01 l_lpips: 1.4893e-01 
2026-07-28 04:14:45,910 INFO: [000_U..][epoch:245, iter: 196,800, lr:(2.500e-05,1.750e-05,)] [eta: 6:03:49, time (data): 0.157 (0.002)] l_pix: 6.5609e-02 l_lpips: 6.4270e-02 
2026-07-28 04:15:02,244 INFO: [000_U..][epoch:246, iter: 196,900, lr:(2.500e-05,1.750e-05,)] [eta: 6:03:26, time (data): 0.162 (0.003)] l_pix: 1.7903e-01 l_lpips: 1.6992e-01 
2026-07-28 04:15:18,515 INFO: [000_U..][epoch:246, iter: 197,000, lr:(2.500e-05,1.750e-05,)] [eta: 6:03:02, time (data): 0.163 (0.002)] l_pix: 1.5753e-01 l_lpips: 1.4856e-01 
2026-07-28 04:15:34,893 INFO: [000_U..][epoch:246, iter: 197,100, lr:(2.500e-05,1.750e-05,)] [eta: 6:02:38, time (data): 0.164 (0.002)] l_pix: 8.3044e-02 l_lpips: 7.7759e-02 
2026-07-28 04:15:51,110 INFO: [000_U..][epoch:246, iter: 197,200, lr:(2.500e-05,1.750e-05,)] [eta: 6:02:15, time (data): 0.162 (0.002)] l_pix: 1.6099e-01 l_lpips: 1.5894e-01 
2026-07-28 04:16:07,319 INFO: [000_U..][epoch:246, iter: 197,300, lr:(2.500e-05,1.750e-05,)] [eta: 6:01:51, time (data): 0.162 (0.002)] l_pix: 2.8164e-01 l_lpips: 2.4097e-01 
2026-07-28 04:16:23,555 INFO: [000_U..][epoch:246, iter: 197,400, lr:(2.500e-05,1.750e-05,)] [eta: 6:01:27, time (data): 0.163 (0.002)] l_pix: 1.3347e-01 l_lpips: 1.2817e-01 
2026-07-28 04:16:39,842 INFO: [000_U..][epoch:246, iter: 197,500, lr:(2.500e-05,1.750e-05,)] [eta: 6:01:04, time (data): 0.163 (0.002)] l_pix: 1.1721e-01 l_lpips: 1.1243e-01 
2026-07-28 04:16:55,801 INFO: [000_U..][epoch:246, iter: 197,600, lr:(2.500e-05,1.750e-05,)] [eta: 6:00:40, time (data): 0.160 (0.002)] l_pix: 6.7084e-02 l_lpips: 6.2378e-02 
2026-07-28 04:17:11,867 INFO: [000_U..][epoch:247, iter: 197,700, lr:(2.500e-05,1.750e-05,)] [eta: 6:00:16, time (data): 0.161 (0.003)] l_pix: 2.3812e-01 l_lpips: 2.3218e-01 
2026-07-28 04:17:27,749 INFO: [000_U..][epoch:247, iter: 197,800, lr:(2.500e-05,1.750e-05,)] [eta: 5:59:52, time (data): 0.158 (0.002)] l_pix: 4.5377e-02 l_lpips: 4.2053e-02 
2026-07-28 04:17:43,654 INFO: [000_U..][epoch:247, iter: 197,900, lr:(2.500e-05,1.750e-05,)] [eta: 5:59:28, time (data): 0.159 (0.002)] l_pix: 1.4905e-01 l_lpips: 1.4514e-01 
2026-07-28 04:17:59,553 INFO: [000_U..][epoch:247, iter: 198,000, lr:(2.500e-05,1.750e-05,)] [eta: 5:59:05, time (data): 0.158 (0.002)] l_pix: 4.0317e-02 l_lpips: 3.8086e-02 
2026-07-28 04:18:15,573 INFO: [000_U..][epoch:247, iter: 198,100, lr:(2.500e-05,1.750e-05,)] [eta: 5:58:41, time (data): 0.160 (0.002)] l_pix: 1.9700e-01 l_lpips: 1.9092e-01 
2026-07-28 04:18:31,426 INFO: [000_U..][epoch:247, iter: 198,200, lr:(2.500e-05,1.750e-05,)] [eta: 5:58:17, time (data): 0.159 (0.002)] l_pix: 7.3239e-02 l_lpips: 7.1228e-02 
2026-07-28 04:18:47,283 INFO: [000_U..][epoch:247, iter: 198,300, lr:(2.500e-05,1.750e-05,)] [eta: 5:57:53, time (data): 0.159 (0.002)] l_pix: 1.6658e-01 l_lpips: 1.6113e-01 
2026-07-28 04:19:03,204 INFO: [000_U..][epoch:247, iter: 198,400, lr:(2.500e-05,1.750e-05,)] [eta: 5:57:29, time (data): 0.160 (0.002)] l_pix: 1.9270e-01 l_lpips: 1.7969e-01 
2026-07-28 04:19:19,671 INFO: [000_U..][epoch:248, iter: 198,500, lr:(2.500e-05,1.750e-05,)] [eta: 5:57:06, time (data): 0.164 (0.004)] l_pix: 1.7518e-01 l_lpips: 1.6663e-01 
2026-07-28 04:19:35,958 INFO: [000_U..][epoch:248, iter: 198,600, lr:(2.500e-05,1.750e-05,)] [eta: 5:56:42, time (data): 0.161 (0.002)] l_pix: 5.5934e-02 l_lpips: 5.3955e-02 
2026-07-28 04:19:52,078 INFO: [000_U..][epoch:248, iter: 198,700, lr:(2.500e-05,1.750e-05,)] [eta: 5:56:19, time (data): 0.161 (0.002)] l_pix: 9.3818e-02 l_lpips: 9.2590e-02 
2026-07-28 04:20:08,253 INFO: [000_U..][epoch:248, iter: 198,800, lr:(2.500e-05,1.750e-05,)] [eta: 5:55:55, time (data): 0.163 (0.002)] l_pix: 2.4528e-01 l_lpips: 2.3523e-01 
2026-07-28 04:20:24,346 INFO: [000_U..][epoch:248, iter: 198,900, lr:(2.500e-05,1.750e-05,)] [eta: 5:55:31, time (data): 0.161 (0.002)] l_pix: 6.6135e-02 l_lpips: 6.0547e-02 
2026-07-28 04:20:40,319 INFO: [000_U..][epoch:248, iter: 199,000, lr:(2.500e-05,1.750e-05,)] [eta: 5:55:08, time (data): 0.159 (0.002)] l_pix: 6.6268e-02 l_lpips: 6.4819e-02 
2026-07-28 04:20:56,388 INFO: [000_U..][epoch:248, iter: 199,100, lr:(2.500e-05,1.750e-05,)] [eta: 5:54:44, time (data): 0.160 (0.002)] l_pix: 1.5948e-01 l_lpips: 1.5771e-01 
2026-07-28 04:21:12,374 INFO: [000_U..][epoch:248, iter: 199,200, lr:(2.500e-05,1.750e-05,)] [eta: 5:54:20, time (data): 0.160 (0.002)] l_pix: 1.3943e-01 l_lpips: 1.3489e-01 
2026-07-28 04:21:28,826 INFO: [000_U..][epoch:249, iter: 199,300, lr:(2.500e-05,1.750e-05,)] [eta: 5:53:57, time (data): 0.164 (0.004)] l_pix: 2.0311e-01 l_lpips: 1.9116e-01 
2026-07-28 04:21:45,505 INFO: [000_U..][epoch:249, iter: 199,400, lr:(2.500e-05,1.750e-05,)] [eta: 5:53:34, time (data): 0.164 (0.002)] l_pix: 2.6335e-01 l_lpips: 2.5708e-01 
2026-07-28 04:22:01,794 INFO: [000_U..][epoch:249, iter: 199,500, lr:(2.500e-05,1.750e-05,)] [eta: 5:53:10, time (data): 0.163 (0.002)] l_pix: 3.4958e-02 l_lpips: 3.2776e-02 
2026-07-28 04:22:17,902 INFO: [000_U..][epoch:249, iter: 199,600, lr:(2.500e-05,1.750e-05,)] [eta: 5:52:47, time (data): 0.161 (0.002)] l_pix: 2.1825e-01 l_lpips: 2.1155e-01 
2026-07-28 04:22:34,038 INFO: [000_U..][epoch:249, iter: 199,700, lr:(2.500e-05,1.750e-05,)] [eta: 5:52:23, time (data): 0.161 (0.002)] l_pix: 2.4129e-01 l_lpips: 2.2180e-01 
2026-07-28 04:22:50,152 INFO: [000_U..][epoch:249, iter: 199,800, lr:(2.500e-05,1.750e-05,)] [eta: 5:51:59, time (data): 0.162 (0.002)] l_pix: 1.5601e-01 l_lpips: 1.4893e-01 
2026-07-28 04:23:06,253 INFO: [000_U..][epoch:249, iter: 199,900, lr:(2.500e-05,1.750e-05,)] [eta: 5:51:36, time (data): 0.161 (0.002)] l_pix: 2.3442e-01 l_lpips: 2.1729e-01 
2026-07-28 04:23:22,389 INFO: [000_U..][epoch:249, iter: 200,000, lr:(2.500e-05,1.750e-05,)] [eta: 5:51:12, time (data): 0.160 (0.002)] l_pix: 1.5595e-01 l_lpips: 1.5039e-01 
2026-07-28 04:23:22,390 INFO: Saving models and training states.
2026-07-28 04:27:55,738 INFO: Validation RealSRV3
	 # psnr: 25.0873	Best: 25.0873 @ 200000 iter
	 # ssim: 0.6987	Best: 0.6987 @ 200000 iter
	 # lpips: 0.3641	Best: 0.3527 @ 120000 iter

2026-07-28 04:28:11,911 INFO: [000_U..][epoch:250, iter: 200,100, lr:(2.500e-05,1.750e-05,)] [eta: 5:53:05, time (data): 0.162 (0.004)] l_pix: 1.7056e-01 l_lpips: 1.6443e-01 
2026-07-28 04:28:27,933 INFO: [000_U..][epoch:250, iter: 200,200, lr:(2.500e-05,1.750e-05,)] [eta: 5:52:41, time (data): 0.159 (0.002)] l_pix: 2.5446e-01 l_lpips: 2.3291e-01 
2026-07-28 04:28:43,983 INFO: [000_U..][epoch:250, iter: 200,300, lr:(2.500e-05,1.750e-05,)] [eta: 5:52:18, time (data): 0.160 (0.002)] l_pix: 1.2924e-01 l_lpips: 1.2512e-01 
2026-07-28 04:29:00,259 INFO: [000_U..][epoch:250, iter: 200,400, lr:(2.500e-05,1.750e-05,)] [eta: 5:51:54, time (data): 0.163 (0.002)] l_pix: 2.0238e-01 l_lpips: 1.9214e-01 
2026-07-28 04:29:16,458 INFO: [000_U..][epoch:250, iter: 200,500, lr:(2.500e-05,1.750e-05,)] [eta: 5:51:30, time (data): 0.162 (0.002)] l_pix: 2.0683e-01 l_lpips: 1.9360e-01 
2026-07-28 04:29:32,394 INFO: [000_U..][epoch:250, iter: 200,600, lr:(2.500e-05,1.750e-05,)] [eta: 5:51:07, time (data): 0.160 (0.002)] l_pix: 2.2813e-01 l_lpips: 2.2595e-01 
2026-07-28 04:29:48,384 INFO: [000_U..][epoch:250, iter: 200,700, lr:(2.500e-05,1.750e-05,)] [eta: 5:50:43, time (data): 0.160 (0.002)] l_pix: 7.9278e-02 l_lpips: 7.6599e-02 
2026-07-28 04:30:04,292 INFO: [000_U..][epoch:250, iter: 200,800, lr:(2.500e-05,1.750e-05,)] [eta: 5:50:19, time (data): 0.161 (0.002)] l_pix: 2.2783e-01 l_lpips: 2.2424e-01 
2026-07-28 04:30:20,485 INFO: [000_U..][epoch:251, iter: 200,900, lr:(2.500e-05,1.750e-05,)] [eta: 5:49:55, time (data): 0.162 (0.004)] l_pix: 2.9456e-01 l_lpips: 2.8345e-01 
2026-07-28 04:30:36,287 INFO: [000_U..][epoch:251, iter: 201,000, lr:(2.500e-05,1.750e-05,)] [eta: 5:49:31, time (data): 0.160 (0.003)] l_pix: 3.2078e-01 l_lpips: 3.0542e-01 
2026-07-28 04:30:52,981 INFO: [000_U..][epoch:251, iter: 201,100, lr:(2.500e-05,1.750e-05,)] [eta: 5:49:08, time (data): 0.167 (0.002)] l_pix: 1.3198e-01 l_lpips: 1.2219e-01 
2026-07-28 04:31:09,202 INFO: [000_U..][epoch:251, iter: 201,200, lr:(2.500e-05,1.750e-05,)] [eta: 5:48:44, time (data): 0.165 (0.002)] l_pix: 2.7395e-01 l_lpips: 2.7002e-01 
2026-07-28 04:31:25,209 INFO: [000_U..][epoch:251, iter: 201,300, lr:(2.500e-05,1.750e-05,)] [eta: 5:48:21, time (data): 0.160 (0.002)] l_pix: 4.2383e-01 l_lpips: 3.7134e-01 
2026-07-28 04:31:41,219 INFO: [000_U..][epoch:251, iter: 201,400, lr:(2.500e-05,1.750e-05,)] [eta: 5:47:57, time (data): 0.160 (0.002)] l_pix: 1.4451e-01 l_lpips: 1.4294e-01 
2026-07-28 04:31:57,091 INFO: [000_U..][epoch:251, iter: 201,500, lr:(2.500e-05,1.750e-05,)] [eta: 5:47:33, time (data): 0.159 (0.002)] l_pix: 1.4560e-01 l_lpips: 1.4404e-01 
2026-07-28 04:32:13,054 INFO: [000_U..][epoch:251, iter: 201,600, lr:(2.500e-05,1.750e-05,)] [eta: 5:47:10, time (data): 0.159 (0.002)] l_pix: 4.4313e-02 l_lpips: 4.2389e-02 
2026-07-28 04:32:29,374 INFO: [000_U..][epoch:252, iter: 201,700, lr:(2.500e-05,1.750e-05,)] [eta: 5:46:46, time (data): 0.161 (0.002)] l_pix: 1.4451e-01 l_lpips: 1.4258e-01 
2026-07-28 04:32:45,224 INFO: [000_U..][epoch:252, iter: 201,800, lr:(2.500e-05,1.750e-05,)] [eta: 5:46:22, time (data): 0.160 (0.002)] l_pix: 2.1011e-01 l_lpips: 2.0239e-01 
2026-07-28 04:33:01,118 INFO: [000_U..][epoch:252, iter: 201,900, lr:(2.500e-05,1.750e-05,)] [eta: 5:45:59, time (data): 0.159 (0.002)] l_pix: 1.4314e-01 l_lpips: 1.4001e-01 
2026-07-28 04:33:17,612 INFO: [000_U..][epoch:252, iter: 202,000, lr:(2.500e-05,1.750e-05,)] [eta: 5:45:35, time (data): 0.162 (0.002)] l_pix: 2.2387e-01 l_lpips: 2.1289e-01 
2026-07-28 04:33:34,156 INFO: [000_U..][epoch:252, iter: 202,100, lr:(2.500e-05,1.750e-05,)] [eta: 5:45:12, time (data): 0.166 (0.002)] l_pix: 1.0832e-01 l_lpips: 1.0352e-01 
2026-07-28 04:33:50,875 INFO: [000_U..][epoch:252, iter: 202,200, lr:(2.500e-05,1.750e-05,)] [eta: 5:44:48, time (data): 0.166 (0.002)] l_pix: 1.9988e-01 l_lpips: 1.7493e-01 
2026-07-28 04:34:07,641 INFO: [000_U..][epoch:252, iter: 202,300, lr:(2.500e-05,1.750e-05,)] [eta: 5:44:25, time (data): 0.168 (0.002)] l_pix: 1.7274e-01 l_lpips: 1.6064e-01 
2026-07-28 04:34:24,300 INFO: [000_U..][epoch:252, iter: 202,400, lr:(2.500e-05,1.750e-05,)] [eta: 5:44:02, time (data): 0.167 (0.002)] l_pix: 2.1525e-01 l_lpips: 1.9910e-01 
2026-07-28 04:34:41,172 INFO: [000_U..][epoch:253, iter: 202,500, lr:(2.500e-05,1.750e-05,)] [eta: 5:43:39, time (data): 0.165 (0.002)] l_pix: 2.3671e-01 l_lpips: 2.3047e-01 
2026-07-28 04:34:57,559 INFO: [000_U..][epoch:253, iter: 202,600, lr:(2.500e-05,1.750e-05,)] [eta: 5:43:15, time (data): 0.164 (0.002)] l_pix: 1.1407e-01 l_lpips: 1.1169e-01 
2026-07-28 04:35:13,698 INFO: [000_U..][epoch:253, iter: 202,700, lr:(2.500e-05,1.750e-05,)] [eta: 5:42:52, time (data): 0.161 (0.002)] l_pix: 2.4332e-01 l_lpips: 2.3486e-01 
2026-07-28 04:35:29,940 INFO: [000_U..][epoch:253, iter: 202,800, lr:(2.500e-05,1.750e-05,)] [eta: 5:42:28, time (data): 0.162 (0.002)] l_pix: 5.3121e-02 l_lpips: 5.0354e-02 
2026-07-28 04:35:46,248 INFO: [000_U..][epoch:253, iter: 202,900, lr:(2.500e-05,1.750e-05,)] [eta: 5:42:05, time (data): 0.163 (0.002)] l_pix: 2.8755e-01 l_lpips: 2.7490e-01 
2026-07-28 04:36:02,507 INFO: [000_U..][epoch:253, iter: 203,000, lr:(2.500e-05,1.750e-05,)] [eta: 5:41:41, time (data): 0.163 (0.002)] l_pix: 2.1188e-01 l_lpips: 2.0679e-01 
2026-07-28 04:36:18,961 INFO: [000_U..][epoch:253, iter: 203,100, lr:(2.500e-05,1.750e-05,)] [eta: 5:41:18, time (data): 0.165 (0.002)] l_pix: 2.2740e-01 l_lpips: 1.9971e-01 
2026-07-28 04:36:35,287 INFO: [000_U..][epoch:253, iter: 203,200, lr:(2.500e-05,1.750e-05,)] [eta: 5:40:54, time (data): 0.164 (0.002)] l_pix: 2.3833e-01 l_lpips: 2.3291e-01 
2026-07-28 04:36:51,854 INFO: [000_U..][epoch:254, iter: 203,300, lr:(2.500e-05,1.750e-05,)] [eta: 5:40:31, time (data): 0.163 (0.002)] l_pix: 1.6810e-01 l_lpips: 1.6089e-01 
2026-07-28 04:37:08,122 INFO: [000_U..][epoch:254, iter: 203,400, lr:(2.500e-05,1.750e-05,)] [eta: 5:40:08, time (data): 0.163 (0.002)] l_pix: 1.6735e-01 l_lpips: 1.6528e-01 
2026-07-28 04:37:24,142 INFO: [000_U..][epoch:254, iter: 203,500, lr:(2.500e-05,1.750e-05,)] [eta: 5:39:44, time (data): 0.160 (0.002)] l_pix: 3.0395e-01 l_lpips: 2.7197e-01 
2026-07-28 04:37:40,089 INFO: [000_U..][epoch:254, iter: 203,600, lr:(2.500e-05,1.750e-05,)] [eta: 5:39:21, time (data): 0.160 (0.002)] l_pix: 5.5573e-02 l_lpips: 5.4779e-02 
2026-07-28 04:37:56,080 INFO: [000_U..][epoch:254, iter: 203,700, lr:(2.500e-05,1.750e-05,)] [eta: 5:38:57, time (data): 0.160 (0.002)] l_pix: 1.0201e-01 l_lpips: 9.8389e-02 
2026-07-28 04:38:12,101 INFO: [000_U..][epoch:254, iter: 203,800, lr:(2.500e-05,1.750e-05,)] [eta: 5:38:34, time (data): 0.160 (0.002)] l_pix: 1.7407e-01 l_lpips: 1.5479e-01 
2026-07-28 04:38:28,096 INFO: [000_U..][epoch:254, iter: 203,900, lr:(2.500e-05,1.750e-05,)] [eta: 5:38:10, time (data): 0.160 (0.002)] l_pix: 2.1045e-01 l_lpips: 2.0581e-01 
2026-07-28 04:38:44,111 INFO: [000_U..][epoch:254, iter: 204,000, lr:(2.500e-05,1.750e-05,)] [eta: 5:37:46, time (data): 0.160 (0.002)] l_pix: 9.3579e-02 l_lpips: 9.0454e-02 
2026-07-28 04:39:00,574 INFO: [000_U..][epoch:255, iter: 204,100, lr:(2.500e-05,1.750e-05,)] [eta: 5:37:23, time (data): 0.162 (0.002)] l_pix: 2.4132e-01 l_lpips: 2.2778e-01 
2026-07-28 04:39:16,481 INFO: [000_U..][epoch:255, iter: 204,200, lr:(2.500e-05,1.750e-05,)] [eta: 5:37:00, time (data): 0.161 (0.002)] l_pix: 1.2554e-02 l_lpips: 1.0269e-02 
2026-07-28 04:39:32,397 INFO: [000_U..][epoch:255, iter: 204,300, lr:(2.500e-05,1.750e-05,)] [eta: 5:36:36, time (data): 0.159 (0.002)] l_pix: 2.1078e-01 l_lpips: 2.0410e-01 
2026-07-28 04:39:48,311 INFO: [000_U..][epoch:255, iter: 204,400, lr:(2.500e-05,1.750e-05,)] [eta: 5:36:13, time (data): 0.159 (0.002)] l_pix: 1.0230e-01 l_lpips: 1.0101e-01 
2026-07-28 04:40:04,380 INFO: [000_U..][epoch:255, iter: 204,500, lr:(2.500e-05,1.750e-05,)] [eta: 5:35:49, time (data): 0.161 (0.002)] l_pix: 9.8214e-02 l_lpips: 9.5703e-02 
2026-07-28 04:40:20,472 INFO: [000_U..][epoch:255, iter: 204,600, lr:(2.500e-05,1.750e-05,)] [eta: 5:35:26, time (data): 0.161 (0.002)] l_pix: 2.0942e-01 l_lpips: 1.9189e-01 
2026-07-28 04:40:36,380 INFO: [000_U..][epoch:255, iter: 204,700, lr:(2.500e-05,1.750e-05,)] [eta: 5:35:02, time (data): 0.159 (0.002)] l_pix: 1.1577e-01 l_lpips: 1.1102e-01 
2026-07-28 04:40:52,529 INFO: [000_U..][epoch:255, iter: 204,800, lr:(2.500e-05,1.750e-05,)] [eta: 5:34:39, time (data): 0.160 (0.002)] l_pix: 1.1818e-01 l_lpips: 1.1517e-01 
2026-07-28 04:41:08,613 INFO: [000_U..][epoch:256, iter: 204,900, lr:(2.500e-05,1.750e-05,)] [eta: 5:34:15, time (data): 0.158 (0.002)] l_pix: 2.1413e-01 l_lpips: 2.1252e-01 
2026-07-28 04:41:24,544 INFO: [000_U..][epoch:256, iter: 205,000, lr:(2.500e-05,1.750e-05,)] [eta: 5:33:52, time (data): 0.159 (0.002)] l_pix: 2.1864e-01 l_lpips: 2.1069e-01 
2026-07-28 04:45:55,526 INFO: Validation RealSRV3
	 # psnr: 25.1221	Best: 25.1221 @ 205000 iter
	 # ssim: 0.7009	Best: 0.7009 @ 205000 iter
	 # lpips: 0.3634	Best: 0.3527 @ 120000 iter

2026-07-28 04:46:11,704 INFO: [000_U..][epoch:256, iter: 205,100, lr:(2.500e-05,1.750e-05,)] [eta: 5:35:34, time (data): 0.162 (0.002)] l_pix: 1.4779e-01 l_lpips: 1.4648e-01 
2026-07-28 04:46:27,653 INFO: [000_U..][epoch:256, iter: 205,200, lr:(2.500e-05,1.750e-05,)] [eta: 5:35:10, time (data): 0.160 (0.002)] l_pix: 1.1287e-01 l_lpips: 1.0938e-01 
2026-07-28 04:46:42,969 INFO: [000_U..][epoch:256, iter: 205,300, lr:(2.500e-05,1.750e-05,)] [eta: 5:34:46, time (data): 0.153 (0.002)] l_pix: 2.6838e-01 l_lpips: 2.5781e-01 
2026-07-28 04:46:58,197 INFO: [000_U..][epoch:256, iter: 205,400, lr:(2.500e-05,1.750e-05,)] [eta: 5:34:22, time (data): 0.152 (0.002)] l_pix: 6.2571e-02 l_lpips: 5.9357e-02 
2026-07-28 04:47:13,458 INFO: [000_U..][epoch:256, iter: 205,500, lr:(2.500e-05,1.750e-05,)] [eta: 5:33:58, time (data): 0.152 (0.002)] l_pix: 2.1141e-01 l_lpips: 1.9922e-01 
2026-07-28 04:47:28,722 INFO: [000_U..][epoch:256, iter: 205,600, lr:(2.500e-05,1.750e-05,)] [eta: 5:33:34, time (data): 0.153 (0.002)] l_pix: 2.1356e-01 l_lpips: 2.0300e-01 
2026-07-28 04:47:46,024 INFO: [000_U..][epoch:257, iter: 205,700, lr:(2.500e-05,1.750e-05,)] [eta: 5:33:11, time (data): 0.169 (0.002)] l_pix: 2.1555e-01 l_lpips: 2.0923e-01 
2026-07-28 04:48:02,832 INFO: [000_U..][epoch:257, iter: 205,800, lr:(2.500e-05,1.750e-05,)] [eta: 5:32:48, time (data): 0.169 (0.002)] l_pix: 2.2071e-01 l_lpips: 2.1497e-01 
2026-07-28 04:48:19,164 INFO: [000_U..][epoch:257, iter: 205,900, lr:(2.500e-05,1.750e-05,)] [eta: 5:32:25, time (data): 0.162 (0.002)] l_pix: 1.4203e-01 l_lpips: 1.3489e-01 
2026-07-28 04:48:34,513 INFO: [000_U..][epoch:257, iter: 206,000, lr:(2.500e-05,1.750e-05,)] [eta: 5:32:01, time (data): 0.157 (0.002)] l_pix: 2.0553e-01 l_lpips: 1.9885e-01 
2026-07-28 04:48:50,293 INFO: [000_U..][epoch:257, iter: 206,100, lr:(2.500e-05,1.750e-05,)] [eta: 5:31:37, time (data): 0.159 (0.002)] l_pix: 1.1364e-01 l_lpips: 1.0974e-01 
2026-07-28 04:49:06,589 INFO: [000_U..][epoch:257, iter: 206,200, lr:(2.500e-05,1.750e-05,)] [eta: 5:31:14, time (data): 0.161 (0.002)] l_pix: 1.7871e-01 l_lpips: 1.7688e-01 
2026-07-28 04:49:22,543 INFO: [000_U..][epoch:257, iter: 206,300, lr:(2.500e-05,1.750e-05,)] [eta: 5:30:50, time (data): 0.159 (0.002)] l_pix: 4.6879e-02 l_lpips: 4.1077e-02 
2026-07-28 04:49:38,556 INFO: [000_U..][epoch:257, iter: 206,400, lr:(2.500e-05,1.750e-05,)] [eta: 5:30:27, time (data): 0.159 (0.002)] l_pix: 6.6831e-02 l_lpips: 6.5186e-02 
2026-07-28 04:49:54,793 INFO: [000_U..][epoch:258, iter: 206,500, lr:(2.500e-05,1.750e-05,)] [eta: 5:30:03, time (data): 0.159 (0.002)] l_pix: 2.1974e-01 l_lpips: 2.0410e-01 
2026-07-28 04:50:10,796 INFO: [000_U..][epoch:258, iter: 206,600, lr:(2.500e-05,1.750e-05,)] [eta: 5:29:40, time (data): 0.160 (0.002)] l_pix: 1.8323e-01 l_lpips: 1.7212e-01 
2026-07-28 04:50:26,740 INFO: [000_U..][epoch:258, iter: 206,700, lr:(2.500e-05,1.750e-05,)] [eta: 5:29:16, time (data): 0.160 (0.002)] l_pix: 7.0824e-02 l_lpips: 6.9946e-02 
2026-07-28 04:50:42,534 INFO: [000_U..][epoch:258, iter: 206,800, lr:(2.500e-05,1.750e-05,)] [eta: 5:28:53, time (data): 0.159 (0.002)] l_pix: 2.7933e-01 l_lpips: 2.6807e-01 
2026-07-28 04:50:58,325 INFO: [000_U..][epoch:258, iter: 206,900, lr:(2.500e-05,1.750e-05,)] [eta: 5:28:29, time (data): 0.158 (0.002)] l_pix: 2.6616e-01 l_lpips: 2.5293e-01 
2026-07-28 04:51:14,054 INFO: [000_U..][epoch:258, iter: 207,000, lr:(2.500e-05,1.750e-05,)] [eta: 5:28:06, time (data): 0.158 (0.002)] l_pix: 2.5816e-01 l_lpips: 2.5293e-01 
2026-07-28 04:51:29,808 INFO: [000_U..][epoch:258, iter: 207,100, lr:(2.500e-05,1.750e-05,)] [eta: 5:27:42, time (data): 0.158 (0.002)] l_pix: 1.3984e-01 l_lpips: 1.3525e-01 
2026-07-28 04:51:45,694 INFO: [000_U..][epoch:258, iter: 207,200, lr:(2.500e-05,1.750e-05,)] [eta: 5:27:18, time (data): 0.158 (0.002)] l_pix: 2.1442e-01 l_lpips: 2.0874e-01 
2026-07-28 04:52:01,635 INFO: [000_U..][epoch:259, iter: 207,300, lr:(2.500e-05,1.750e-05,)] [eta: 5:26:55, time (data): 0.157 (0.002)] l_pix: 3.5620e-01 l_lpips: 3.2300e-01 
2026-07-28 04:52:17,327 INFO: [000_U..][epoch:259, iter: 207,400, lr:(2.500e-05,1.750e-05,)] [eta: 5:26:31, time (data): 0.157 (0.002)] l_pix: 1.3722e-01 l_lpips: 1.2683e-01 
2026-07-28 04:52:33,085 INFO: [000_U..][epoch:259, iter: 207,500, lr:(2.500e-05,1.750e-05,)] [eta: 5:26:08, time (data): 0.158 (0.002)] l_pix: 1.5415e-01 l_lpips: 1.5173e-01 
2026-07-28 04:52:48,844 INFO: [000_U..][epoch:259, iter: 207,600, lr:(2.500e-05,1.750e-05,)] [eta: 5:25:44, time (data): 0.158 (0.002)] l_pix: 6.8114e-02 l_lpips: 6.7139e-02 
2026-07-28 04:53:04,623 INFO: [000_U..][epoch:259, iter: 207,700, lr:(2.500e-05,1.750e-05,)] [eta: 5:25:21, time (data): 0.158 (0.002)] l_pix: 2.5048e-01 l_lpips: 2.4731e-01 
2026-07-28 04:53:20,329 INFO: [000_U..][epoch:259, iter: 207,800, lr:(2.500e-05,1.750e-05,)] [eta: 5:24:57, time (data): 0.157 (0.002)] l_pix: 1.5220e-01 l_lpips: 1.4331e-01 
2026-07-28 04:53:36,083 INFO: [000_U..][epoch:259, iter: 207,900, lr:(2.500e-05,1.750e-05,)] [eta: 5:24:34, time (data): 0.157 (0.002)] l_pix: 9.1622e-02 l_lpips: 9.0454e-02 
2026-07-28 04:53:51,888 INFO: [000_U..][epoch:259, iter: 208,000, lr:(2.500e-05,1.750e-05,)] [eta: 5:24:10, time (data): 0.158 (0.002)] l_pix: 6.5558e-02 l_lpips: 6.2744e-02 
2026-07-28 04:54:07,852 INFO: [000_U..][epoch:260, iter: 208,100, lr:(2.500e-05,1.750e-05,)] [eta: 5:23:47, time (data): 0.157 (0.002)] l_pix: 2.7354e-01 l_lpips: 2.7124e-01 
2026-07-28 04:54:23,697 INFO: [000_U..][epoch:260, iter: 208,200, lr:(2.500e-05,1.750e-05,)] [eta: 5:23:23, time (data): 0.158 (0.002)] l_pix: 2.4068e-01 l_lpips: 2.3242e-01 
2026-07-28 04:54:39,450 INFO: [000_U..][epoch:260, iter: 208,300, lr:(2.500e-05,1.750e-05,)] [eta: 5:23:00, time (data): 0.157 (0.002)] l_pix: 1.7802e-01 l_lpips: 1.7407e-01 
2026-07-28 04:54:55,148 INFO: [000_U..][epoch:260, iter: 208,400, lr:(2.500e-05,1.750e-05,)] [eta: 5:22:36, time (data): 0.157 (0.002)] l_pix: 7.0709e-02 l_lpips: 6.9214e-02 
2026-07-28 04:55:10,902 INFO: [000_U..][epoch:260, iter: 208,500, lr:(2.500e-05,1.750e-05,)] [eta: 5:22:13, time (data): 0.158 (0.002)] l_pix: 2.0313e-01 l_lpips: 1.8408e-01 
2026-07-28 04:55:26,726 INFO: [000_U..][epoch:260, iter: 208,600, lr:(2.500e-05,1.750e-05,)] [eta: 5:21:49, time (data): 0.158 (0.002)] l_pix: 9.8198e-02 l_lpips: 9.3628e-02 
2026-07-28 04:55:42,700 INFO: [000_U..][epoch:260, iter: 208,700, lr:(2.500e-05,1.750e-05,)] [eta: 5:21:26, time (data): 0.161 (0.002)] l_pix: 1.5495e-01 l_lpips: 1.4697e-01 
2026-07-28 04:55:58,834 INFO: [000_U..][epoch:260, iter: 208,800, lr:(2.500e-05,1.750e-05,)] [eta: 5:21:02, time (data): 0.161 (0.002)] l_pix: 1.9506e-01 l_lpips: 1.9238e-01 
2026-07-28 04:56:15,287 INFO: [000_U..][epoch:261, iter: 208,900, lr:(2.500e-05,1.750e-05,)] [eta: 5:20:39, time (data): 0.162 (0.002)] l_pix: 2.4140e-01 l_lpips: 2.2546e-01 
2026-07-28 04:56:31,310 INFO: [000_U..][epoch:261, iter: 209,000, lr:(2.500e-05,1.750e-05,)] [eta: 5:20:16, time (data): 0.161 (0.002)] l_pix: 2.0719e-01 l_lpips: 1.9971e-01 
2026-07-28 04:56:47,323 INFO: [000_U..][epoch:261, iter: 209,100, lr:(2.500e-05,1.750e-05,)] [eta: 5:19:53, time (data): 0.161 (0.002)] l_pix: 1.4235e-01 l_lpips: 1.3464e-01 
2026-07-28 04:57:03,509 INFO: [000_U..][epoch:261, iter: 209,200, lr:(2.500e-05,1.750e-05,)] [eta: 5:19:29, time (data): 0.161 (0.002)] l_pix: 2.0788e-01 l_lpips: 2.0349e-01 
2026-07-28 04:57:19,539 INFO: [000_U..][epoch:261, iter: 209,300, lr:(2.500e-05,1.750e-05,)] [eta: 5:19:06, time (data): 0.160 (0.002)] l_pix: 2.0459e-01 l_lpips: 1.8848e-01 
2026-07-28 04:57:35,498 INFO: [000_U..][epoch:261, iter: 209,400, lr:(2.500e-05,1.750e-05,)] [eta: 5:18:43, time (data): 0.160 (0.002)] l_pix: 7.1932e-02 l_lpips: 6.6833e-02 
2026-07-28 04:57:51,461 INFO: [000_U..][epoch:261, iter: 209,500, lr:(2.500e-05,1.750e-05,)] [eta: 5:18:19, time (data): 0.160 (0.002)] l_pix: 8.9604e-02 l_lpips: 8.6426e-02 
2026-07-28 04:58:07,416 INFO: [000_U..][epoch:261, iter: 209,600, lr:(2.500e-05,1.750e-05,)] [eta: 5:17:56, time (data): 0.160 (0.002)] l_pix: 2.1976e-01 l_lpips: 2.1509e-01 
2026-07-28 04:58:24,169 INFO: [000_U..][epoch:262, iter: 209,700, lr:(2.500e-05,1.750e-05,)] [eta: 5:17:33, time (data): 0.168 (0.002)] l_pix: 2.0587e-01 l_lpips: 1.9629e-01 
2026-07-28 04:58:41,003 INFO: [000_U..][epoch:262, iter: 209,800, lr:(2.500e-05,1.750e-05,)] [eta: 5:17:10, time (data): 0.168 (0.002)] l_pix: 2.5204e-01 l_lpips: 2.4573e-01 
2026-07-28 04:58:57,816 INFO: [000_U..][epoch:262, iter: 209,900, lr:(2.500e-05,1.750e-05,)] [eta: 5:16:47, time (data): 0.168 (0.002)] l_pix: 1.7237e-01 l_lpips: 1.6309e-01 
2026-07-28 04:59:14,113 INFO: [000_U..][epoch:262, iter: 210,000, lr:(2.500e-05,1.750e-05,)] [eta: 5:16:24, time (data): 0.165 (0.002)] l_pix: 1.2447e-01 l_lpips: 1.1353e-01 
2026-07-28 04:59:14,113 INFO: Saving models and training states.
2026-07-28 05:03:47,679 INFO: Validation RealSRV3
	 # psnr: 25.0424	Best: 25.1221 @ 205000 iter
	 # ssim: 0.6958	Best: 0.7009 @ 205000 iter
	 # lpips: 0.3656	Best: 0.3527 @ 120000 iter

2026-07-28 05:04:03,727 INFO: [000_U..][epoch:262, iter: 210,100, lr:(2.500e-05,1.750e-05,)] [eta: 5:17:58, time (data): 0.161 (0.002)] l_pix: 3.1355e-01 l_lpips: 2.7002e-01 
2026-07-28 05:04:19,760 INFO: [000_U..][epoch:262, iter: 210,200, lr:(2.500e-05,1.750e-05,)] [eta: 5:17:34, time (data): 0.161 (0.002)] l_pix: 2.0802e-01 l_lpips: 1.9238e-01 
2026-07-28 05:04:35,956 INFO: [000_U..][epoch:262, iter: 210,300, lr:(2.500e-05,1.750e-05,)] [eta: 5:17:11, time (data): 0.166 (0.002)] l_pix: 1.5898e-01 l_lpips: 1.5601e-01 
2026-07-28 05:04:52,580 INFO: [000_U..][epoch:262, iter: 210,400, lr:(2.500e-05,1.750e-05,)] [eta: 5:16:48, time (data): 0.166 (0.002)] l_pix: 2.1836e-01 l_lpips: 2.0996e-01 
2026-07-28 05:05:08,499 INFO: [000_U..][epoch:263, iter: 210,500, lr:(2.500e-05,1.750e-05,)] [eta: 5:16:24, time (data): 0.155 (0.002)] l_pix: 1.9139e-01 l_lpips: 1.7554e-01 
2026-07-28 05:05:24,030 INFO: [000_U..][epoch:263, iter: 210,600, lr:(2.500e-05,1.750e-05,)] [eta: 5:16:01, time (data): 0.155 (0.002)] l_pix: 1.4081e-01 l_lpips: 1.3306e-01 
2026-07-28 05:05:39,500 INFO: [000_U..][epoch:263, iter: 210,700, lr:(2.500e-05,1.750e-05,)] [eta: 5:15:37, time (data): 0.154 (0.002)] l_pix: 6.0912e-02 l_lpips: 5.8167e-02 
2026-07-28 05:05:55,094 INFO: [000_U..][epoch:263, iter: 210,800, lr:(2.500e-05,1.750e-05,)] [eta: 5:15:14, time (data): 0.155 (0.002)] l_pix: 9.0754e-02 l_lpips: 8.8623e-02 
2026-07-28 05:06:10,806 INFO: [000_U..][epoch:263, iter: 210,900, lr:(2.500e-05,1.750e-05,)] [eta: 5:14:50, time (data): 0.157 (0.002)] l_pix: 9.6530e-02 l_lpips: 9.2346e-02 
2026-07-28 05:06:26,260 INFO: [000_U..][epoch:263, iter: 211,000, lr:(2.500e-05,1.750e-05,)] [eta: 5:14:26, time (data): 0.155 (0.002)] l_pix: 2.0118e-01 l_lpips: 1.8665e-01 
2026-07-28 05:06:41,713 INFO: [000_U..][epoch:263, iter: 211,100, lr:(2.500e-05,1.750e-05,)] [eta: 5:14:03, time (data): 0.155 (0.002)] l_pix: 2.1983e-01 l_lpips: 2.0825e-01 
2026-07-28 05:06:57,247 INFO: [000_U..][epoch:263, iter: 211,200, lr:(2.500e-05,1.750e-05,)] [eta: 5:13:39, time (data): 0.155 (0.002)] l_pix: 1.5517e-01 l_lpips: 1.4771e-01 
2026-07-28 05:07:13,593 INFO: [000_U..][epoch:264, iter: 211,300, lr:(2.500e-05,1.750e-05,)] [eta: 5:13:16, time (data): 0.160 (0.002)] l_pix: 1.8498e-01 l_lpips: 1.7529e-01 
2026-07-28 05:07:29,808 INFO: [000_U..][epoch:264, iter: 211,400, lr:(2.500e-05,1.750e-05,)] [eta: 5:12:53, time (data): 0.161 (0.002)] l_pix: 1.5071e-01 l_lpips: 1.4490e-01 
2026-07-28 05:07:45,972 INFO: [000_U..][epoch:264, iter: 211,500, lr:(2.500e-05,1.750e-05,)] [eta: 5:12:29, time (data): 0.162 (0.002)] l_pix: 2.3940e-01 l_lpips: 2.2827e-01 
2026-07-28 05:08:01,706 INFO: [000_U..][epoch:264, iter: 211,600, lr:(2.500e-05,1.750e-05,)] [eta: 5:12:06, time (data): 0.159 (0.002)] l_pix: 2.6078e-01 l_lpips: 2.5391e-01 
2026-07-28 05:08:17,637 INFO: [000_U..][epoch:264, iter: 211,700, lr:(2.500e-05,1.750e-05,)] [eta: 5:11:43, time (data): 0.162 (0.002)] l_pix: 3.0955e-01 l_lpips: 2.5537e-01 
2026-07-28 05:08:33,877 INFO: [000_U..][epoch:264, iter: 211,800, lr:(2.500e-05,1.750e-05,)] [eta: 5:11:19, time (data): 0.162 (0.002)] l_pix: 2.0515e-01 l_lpips: 1.9446e-01 
2026-07-28 05:08:50,160 INFO: [000_U..][epoch:264, iter: 211,900, lr:(2.500e-05,1.750e-05,)] [eta: 5:10:56, time (data): 0.163 (0.002)] l_pix: 1.0579e-02 l_lpips: 7.6103e-03 
2026-07-28 05:09:06,453 INFO: [000_U..][epoch:264, iter: 212,000, lr:(2.500e-05,1.750e-05,)] [eta: 5:10:33, time (data): 0.163 (0.002)] l_pix: 2.0654e-01 l_lpips: 1.9812e-01 
2026-07-28 05:09:23,117 INFO: [000_U..][epoch:265, iter: 212,100, lr:(2.500e-05,1.750e-05,)] [eta: 5:10:10, time (data): 0.165 (0.002)] l_pix: 2.2158e-01 l_lpips: 2.0593e-01 
2026-07-28 05:09:39,522 INFO: [000_U..][epoch:265, iter: 212,200, lr:(2.500e-05,1.750e-05,)] [eta: 5:09:47, time (data): 0.164 (0.002)] l_pix: 2.4899e-01 l_lpips: 2.3914e-01 
2026-07-28 05:09:55,624 INFO: [000_U..][epoch:265, iter: 212,300, lr:(2.500e-05,1.750e-05,)] [eta: 5:09:23, time (data): 0.160 (0.002)] l_pix: 1.5732e-01 l_lpips: 1.4648e-01 
2026-07-28 05:10:11,672 INFO: [000_U..][epoch:265, iter: 212,400, lr:(2.500e-05,1.750e-05,)] [eta: 5:09:00, time (data): 0.160 (0.002)] l_pix: 2.5613e-01 l_lpips: 2.4048e-01 
2026-07-28 05:10:27,855 INFO: [000_U..][epoch:265, iter: 212,500, lr:(2.500e-05,1.750e-05,)] [eta: 5:08:37, time (data): 0.162 (0.002)] l_pix: 2.9168e-01 l_lpips: 2.7075e-01 
2026-07-28 05:10:44,097 INFO: [000_U..][epoch:265, iter: 212,600, lr:(2.500e-05,1.750e-05,)] [eta: 5:08:14, time (data): 0.162 (0.002)] l_pix: 3.0846e-01 l_lpips: 2.7344e-01 
2026-07-28 05:11:00,653 INFO: [000_U..][epoch:265, iter: 212,700, lr:(2.500e-05,1.750e-05,)] [eta: 5:07:51, time (data): 0.166 (0.002)] l_pix: 2.0138e-01 l_lpips: 1.9409e-01 
2026-07-28 05:11:17,107 INFO: [000_U..][epoch:265, iter: 212,800, lr:(2.500e-05,1.750e-05,)] [eta: 5:07:28, time (data): 0.165 (0.002)] l_pix: 2.0311e-01 l_lpips: 2.0093e-01 
2026-07-28 05:11:33,558 INFO: [000_U..][epoch:266, iter: 212,900, lr:(2.500e-05,1.750e-05,)] [eta: 5:07:05, time (data): 0.162 (0.002)] l_pix: 1.4592e-01 l_lpips: 1.4417e-01 
2026-07-28 05:11:49,491 INFO: [000_U..][epoch:266, iter: 213,000, lr:(2.500e-05,1.750e-05,)] [eta: 5:06:41, time (data): 0.160 (0.002)] l_pix: 4.7587e-02 l_lpips: 4.3457e-02 
2026-07-28 05:12:05,373 INFO: [000_U..][epoch:266, iter: 213,100, lr:(2.500e-05,1.750e-05,)] [eta: 5:06:18, time (data): 0.158 (0.002)] l_pix: 2.3980e-01 l_lpips: 2.2571e-01 
2026-07-28 05:12:21,247 INFO: [000_U..][epoch:266, iter: 213,200, lr:(2.500e-05,1.750e-05,)] [eta: 5:05:55, time (data): 0.159 (0.002)] l_pix: 2.1460e-01 l_lpips: 1.9897e-01 
2026-07-28 05:12:37,240 INFO: [000_U..][epoch:266, iter: 213,300, lr:(2.500e-05,1.750e-05,)] [eta: 5:05:31, time (data): 0.158 (0.002)] l_pix: 5.6054e-02 l_lpips: 5.3680e-02 
2026-07-28 05:12:53,087 INFO: [000_U..][epoch:266, iter: 213,400, lr:(2.500e-05,1.750e-05,)] [eta: 5:05:08, time (data): 0.158 (0.002)] l_pix: 2.9809e-01 l_lpips: 2.6660e-01 
2026-07-28 05:13:08,955 INFO: [000_U..][epoch:266, iter: 213,500, lr:(2.500e-05,1.750e-05,)] [eta: 5:04:45, time (data): 0.158 (0.002)] l_pix: 1.6253e-01 l_lpips: 1.6016e-01 
2026-07-28 05:13:24,716 INFO: [000_U..][epoch:266, iter: 213,600, lr:(2.500e-05,1.750e-05,)] [eta: 5:04:22, time (data): 0.158 (0.002)] l_pix: 2.7832e-01 l_lpips: 2.5049e-01 
2026-07-28 05:13:40,827 INFO: [000_U..][epoch:267, iter: 213,700, lr:(2.500e-05,1.750e-05,)] [eta: 5:03:58, time (data): 0.159 (0.002)] l_pix: 8.3937e-02 l_lpips: 7.6660e-02 
2026-07-28 05:13:56,693 INFO: [000_U..][epoch:267, iter: 213,800, lr:(2.500e-05,1.750e-05,)] [eta: 5:03:35, time (data): 0.159 (0.002)] l_pix: 1.8001e-01 l_lpips: 1.7358e-01 
2026-07-28 05:14:12,583 INFO: [000_U..][epoch:267, iter: 213,900, lr:(2.500e-05,1.750e-05,)] [eta: 5:03:12, time (data): 0.159 (0.002)] l_pix: 3.6458e-02 l_lpips: 3.5095e-02 
2026-07-28 05:14:28,488 INFO: [000_U..][epoch:267, iter: 214,000, lr:(2.500e-05,1.750e-05,)] [eta: 5:02:49, time (data): 0.159 (0.002)] l_pix: 2.0300e-01 l_lpips: 1.9971e-01 
2026-07-28 05:14:44,633 INFO: [000_U..][epoch:267, iter: 214,100, lr:(2.500e-05,1.750e-05,)] [eta: 5:02:26, time (data): 0.161 (0.002)] l_pix: 2.4015e-01 l_lpips: 2.3206e-01 
2026-07-28 05:15:00,795 INFO: [000_U..][epoch:267, iter: 214,200, lr:(2.500e-05,1.750e-05,)] [eta: 5:02:02, time (data): 0.162 (0.002)] l_pix: 1.6662e-01 l_lpips: 1.6223e-01 
2026-07-28 05:15:16,957 INFO: [000_U..][epoch:267, iter: 214,300, lr:(2.500e-05,1.750e-05,)] [eta: 5:01:39, time (data): 0.164 (0.002)] l_pix: 1.2548e-01 l_lpips: 1.2396e-01 
2026-07-28 05:15:32,960 INFO: [000_U..][epoch:267, iter: 214,400, lr:(2.500e-05,1.750e-05,)] [eta: 5:01:16, time (data): 0.161 (0.002)] l_pix: 1.7392e-01 l_lpips: 1.6357e-01 
2026-07-28 05:15:49,386 INFO: [000_U..][epoch:268, iter: 214,500, lr:(2.500e-05,1.750e-05,)] [eta: 5:00:53, time (data): 0.159 (0.002)] l_pix: 1.9358e-01 l_lpips: 1.8481e-01 
2026-07-28 05:16:05,229 INFO: [000_U..][epoch:268, iter: 214,600, lr:(2.500e-05,1.750e-05,)] [eta: 5:00:30, time (data): 0.158 (0.002)] l_pix: 9.7729e-02 l_lpips: 9.5459e-02 
2026-07-28 05:16:21,058 INFO: [000_U..][epoch:268, iter: 214,700, lr:(2.500e-05,1.750e-05,)] [eta: 5:00:07, time (data): 0.157 (0.002)] l_pix: 2.1739e-01 l_lpips: 2.0654e-01 
2026-07-28 05:16:36,839 INFO: [000_U..][epoch:268, iter: 214,800, lr:(2.500e-05,1.750e-05,)] [eta: 4:59:44, time (data): 0.158 (0.002)] l_pix: 6.4745e-02 l_lpips: 6.0272e-02 
2026-07-28 05:16:52,806 INFO: [000_U..][epoch:268, iter: 214,900, lr:(2.500e-05,1.750e-05,)] [eta: 4:59:20, time (data): 0.159 (0.002)] l_pix: 6.7089e-02 l_lpips: 6.4453e-02 
2026-07-28 05:17:08,524 INFO: [000_U..][epoch:268, iter: 215,000, lr:(2.500e-05,1.750e-05,)] [eta: 4:58:57, time (data): 0.158 (0.002)] l_pix: 7.8650e-02 l_lpips: 7.6111e-02 
2026-07-28 05:21:37,184 INFO: Validation RealSRV3
	 # psnr: 25.2333	Best: 25.2333 @ 215000 iter
	 # ssim: 0.6997	Best: 0.7009 @ 205000 iter
	 # lpips: 0.3668	Best: 0.3527 @ 120000 iter

2026-07-28 05:21:53,008 INFO: [000_U..][epoch:268, iter: 215,100, lr:(2.500e-05,1.750e-05,)] [eta: 5:00:20, time (data): 0.156 (0.002)] l_pix: 7.0806e-02 l_lpips: 6.7993e-02 
2026-07-28 05:22:08,628 INFO: [000_U..][epoch:268, iter: 215,200, lr:(2.500e-05,1.750e-05,)] [eta: 4:59:57, time (data): 0.156 (0.002)] l_pix: 1.7225e-01 l_lpips: 1.6772e-01 
2026-07-28 05:22:24,617 INFO: [000_U..][epoch:269, iter: 215,300, lr:(2.500e-05,1.750e-05,)] [eta: 4:59:33, time (data): 0.162 (0.002)] l_pix: 2.4715e-01 l_lpips: 2.2534e-01 
2026-07-28 05:22:40,285 INFO: [000_U..][epoch:269, iter: 215,400, lr:(2.500e-05,1.750e-05,)] [eta: 4:59:10, time (data): 0.158 (0.002)] l_pix: 2.3075e-01 l_lpips: 2.2168e-01 
2026-07-28 05:22:55,885 INFO: [000_U..][epoch:269, iter: 215,500, lr:(2.500e-05,1.750e-05,)] [eta: 4:58:46, time (data): 0.155 (0.002)] l_pix: 1.6963e-01 l_lpips: 1.6614e-01 
2026-07-28 05:23:11,378 INFO: [000_U..][epoch:269, iter: 215,600, lr:(2.500e-05,1.750e-05,)] [eta: 4:58:23, time (data): 0.155 (0.002)] l_pix: 5.4555e-02 l_lpips: 5.1910e-02 
2026-07-28 05:23:26,824 INFO: [000_U..][epoch:269, iter: 215,700, lr:(2.500e-05,1.750e-05,)] [eta: 4:58:00, time (data): 0.154 (0.002)] l_pix: 3.0863e-01 l_lpips: 2.8662e-01 
2026-07-28 05:23:42,301 INFO: [000_U..][epoch:269, iter: 215,800, lr:(2.500e-05,1.750e-05,)] [eta: 4:57:36, time (data): 0.155 (0.002)] l_pix: 2.2511e-01 l_lpips: 2.1240e-01 
2026-07-28 05:23:58,069 INFO: [000_U..][epoch:269, iter: 215,900, lr:(2.500e-05,1.750e-05,)] [eta: 4:57:13, time (data): 0.160 (0.002)] l_pix: 2.4343e-01 l_lpips: 2.3108e-01 
2026-07-28 05:24:13,780 INFO: [000_U..][epoch:269, iter: 216,000, lr:(2.500e-05,1.750e-05,)] [eta: 4:56:49, time (data): 0.158 (0.002)] l_pix: 2.3170e-01 l_lpips: 2.1460e-01 
2026-07-28 05:24:29,713 INFO: [000_U..][epoch:270, iter: 216,100, lr:(2.500e-05,1.750e-05,)] [eta: 4:56:26, time (data): 0.154 (0.002)] l_pix: 5.8480e-02 l_lpips: 5.6824e-02 
2026-07-28 05:24:45,405 INFO: [000_U..][epoch:270, iter: 216,200, lr:(2.500e-05,1.750e-05,)] [eta: 4:56:03, time (data): 0.156 (0.002)] l_pix: 2.1071e-01 l_lpips: 2.0630e-01 
2026-07-28 05:25:00,971 INFO: [000_U..][epoch:270, iter: 216,300, lr:(2.500e-05,1.750e-05,)] [eta: 4:55:39, time (data): 0.154 (0.002)] l_pix: 9.5139e-02 l_lpips: 9.1614e-02 
2026-07-28 05:25:16,680 INFO: [000_U..][epoch:270, iter: 216,400, lr:(2.500e-05,1.750e-05,)] [eta: 4:55:16, time (data): 0.157 (0.002)] l_pix: 1.7062e-01 l_lpips: 1.6162e-01 
2026-07-28 05:25:32,380 INFO: [000_U..][epoch:270, iter: 216,500, lr:(2.500e-05,1.750e-05,)] [eta: 4:54:53, time (data): 0.159 (0.002)] l_pix: 2.0326e-01 l_lpips: 2.0032e-01 
2026-07-28 05:25:48,218 INFO: [000_U..][epoch:270, iter: 216,600, lr:(2.500e-05,1.750e-05,)] [eta: 4:54:30, time (data): 0.158 (0.002)] l_pix: 1.9812e-01 l_lpips: 1.9312e-01 
2026-07-28 05:26:04,130 INFO: [000_U..][epoch:270, iter: 216,700, lr:(2.500e-05,1.750e-05,)] [eta: 4:54:06, time (data): 0.163 (0.002)] l_pix: 1.7823e-01 l_lpips: 1.6724e-01 
2026-07-28 05:26:20,053 INFO: [000_U..][epoch:270, iter: 216,800, lr:(2.500e-05,1.750e-05,)] [eta: 4:53:43, time (data): 0.160 (0.002)] l_pix: 2.3643e-01 l_lpips: 2.2485e-01 
2026-07-28 05:26:36,407 INFO: [000_U..][epoch:271, iter: 216,900, lr:(2.500e-05,1.750e-05,)] [eta: 4:53:20, time (data): 0.163 (0.002)] l_pix: 1.8540e-01 l_lpips: 1.7993e-01 
2026-07-28 05:26:52,574 INFO: [000_U..][epoch:271, iter: 217,000, lr:(2.500e-05,1.750e-05,)] [eta: 4:52:57, time (data): 0.162 (0.002)] l_pix: 9.2502e-02 l_lpips: 8.5266e-02 
2026-07-28 05:27:08,763 INFO: [000_U..][epoch:271, iter: 217,100, lr:(2.500e-05,1.750e-05,)] [eta: 4:52:34, time (data): 0.163 (0.002)] l_pix: 1.3638e-01 l_lpips: 1.2976e-01 
2026-07-28 05:27:24,881 INFO: [000_U..][epoch:271, iter: 217,200, lr:(2.500e-05,1.750e-05,)] [eta: 4:52:11, time (data): 0.161 (0.002)] l_pix: 1.6275e-01 l_lpips: 1.5308e-01 
2026-07-28 05:27:40,768 INFO: [000_U..][epoch:271, iter: 217,300, lr:(2.500e-05,1.750e-05,)] [eta: 4:51:48, time (data): 0.158 (0.002)] l_pix: 4.0445e-02 l_lpips: 3.8849e-02 
2026-07-28 05:27:56,920 INFO: [000_U..][epoch:271, iter: 217,400, lr:(2.500e-05,1.750e-05,)] [eta: 4:51:25, time (data): 0.161 (0.002)] l_pix: 1.6916e-01 l_lpips: 1.6541e-01 
2026-07-28 05:28:13,102 INFO: [000_U..][epoch:271, iter: 217,500, lr:(2.500e-05,1.750e-05,)] [eta: 4:51:02, time (data): 0.162 (0.002)] l_pix: 2.8524e-01 l_lpips: 2.6318e-01 
2026-07-28 05:28:28,982 INFO: [000_U..][epoch:271, iter: 217,600, lr:(2.500e-05,1.750e-05,)] [eta: 4:50:38, time (data): 0.159 (0.002)] l_pix: 1.7409e-01 l_lpips: 1.6235e-01 
2026-07-28 05:28:45,393 INFO: [000_U..][epoch:272, iter: 217,700, lr:(2.500e-05,1.750e-05,)] [eta: 4:50:15, time (data): 0.161 (0.002)] l_pix: 2.6096e-01 l_lpips: 2.4194e-01 
2026-07-28 05:29:01,371 INFO: [000_U..][epoch:272, iter: 217,800, lr:(2.500e-05,1.750e-05,)] [eta: 4:49:52, time (data): 0.160 (0.002)] l_pix: 1.9421e-01 l_lpips: 1.8787e-01 
2026-07-28 05:29:17,244 INFO: [000_U..][epoch:272, iter: 217,900, lr:(2.500e-05,1.750e-05,)] [eta: 4:49:29, time (data): 0.159 (0.002)] l_pix: 1.4565e-01 l_lpips: 1.3855e-01 
2026-07-28 05:29:33,298 INFO: [000_U..][epoch:272, iter: 218,000, lr:(2.500e-05,1.750e-05,)] [eta: 4:49:06, time (data): 0.160 (0.002)] l_pix: 3.1137e-02 l_lpips: 2.9480e-02 
2026-07-28 05:29:49,319 INFO: [000_U..][epoch:272, iter: 218,100, lr:(2.500e-05,1.750e-05,)] [eta: 4:48:43, time (data): 0.160 (0.002)] l_pix: 2.3680e-01 l_lpips: 2.0557e-01 
2026-07-28 05:30:05,342 INFO: [000_U..][epoch:272, iter: 218,200, lr:(2.500e-05,1.750e-05,)] [eta: 4:48:20, time (data): 0.160 (0.002)] l_pix: 2.3363e-01 l_lpips: 2.2913e-01 
2026-07-28 05:30:21,462 INFO: [000_U..][epoch:272, iter: 218,300, lr:(2.500e-05,1.750e-05,)] [eta: 4:47:57, time (data): 0.159 (0.002)] l_pix: 1.8639e-01 l_lpips: 1.8506e-01 
2026-07-28 05:30:37,771 INFO: [000_U..][epoch:272, iter: 218,400, lr:(2.500e-05,1.750e-05,)] [eta: 4:47:34, time (data): 0.163 (0.002)] l_pix: 2.6372e-01 l_lpips: 2.5024e-01 
2026-07-28 05:30:53,938 INFO: [000_U..][epoch:273, iter: 218,500, lr:(2.500e-05,1.750e-05,)] [eta: 4:47:11, time (data): 0.161 (0.002)] l_pix: 3.2383e-01 l_lpips: 2.7051e-01 
2026-07-28 05:31:10,027 INFO: [000_U..][epoch:273, iter: 218,600, lr:(2.500e-05,1.750e-05,)] [eta: 4:46:48, time (data): 0.161 (0.002)] l_pix: 2.3486e-01 l_lpips: 2.1826e-01 
2026-07-28 05:31:26,187 INFO: [000_U..][epoch:273, iter: 218,700, lr:(2.500e-05,1.750e-05,)] [eta: 4:46:25, time (data): 0.161 (0.002)] l_pix: 2.0683e-01 l_lpips: 2.0117e-01 
2026-07-28 05:31:42,583 INFO: [000_U..][epoch:273, iter: 218,800, lr:(2.500e-05,1.750e-05,)] [eta: 4:46:02, time (data): 0.164 (0.002)] l_pix: 1.7775e-01 l_lpips: 1.6785e-01 
2026-07-28 05:31:58,556 INFO: [000_U..][epoch:273, iter: 218,900, lr:(2.500e-05,1.750e-05,)] [eta: 4:45:39, time (data): 0.159 (0.002)] l_pix: 1.9330e-01 l_lpips: 1.8237e-01 
2026-07-28 05:32:14,163 INFO: [000_U..][epoch:273, iter: 219,000, lr:(2.500e-05,1.750e-05,)] [eta: 4:45:16, time (data): 0.156 (0.002)] l_pix: 1.2366e-01 l_lpips: 1.2262e-01 
2026-07-28 05:32:29,678 INFO: [000_U..][epoch:273, iter: 219,100, lr:(2.500e-05,1.750e-05,)] [eta: 4:44:53, time (data): 0.157 (0.002)] l_pix: 2.2064e-01 l_lpips: 2.0374e-01 
2026-07-28 05:32:45,880 INFO: [000_U..][epoch:273, iter: 219,200, lr:(2.500e-05,1.750e-05,)] [eta: 4:44:30, time (data): 0.162 (0.002)] l_pix: 1.7940e-01 l_lpips: 1.7212e-01 
2026-07-28 05:33:02,352 INFO: [000_U..][epoch:274, iter: 219,300, lr:(2.500e-05,1.750e-05,)] [eta: 4:44:07, time (data): 0.160 (0.002)] l_pix: 9.1518e-03 l_lpips: 7.2327e-03 
2026-07-28 05:33:18,556 INFO: [000_U..][epoch:274, iter: 219,400, lr:(2.500e-05,1.750e-05,)] [eta: 4:43:44, time (data): 0.162 (0.002)] l_pix: 1.9394e-01 l_lpips: 1.7773e-01 
2026-07-28 05:33:34,662 INFO: [000_U..][epoch:274, iter: 219,500, lr:(2.500e-05,1.750e-05,)] [eta: 4:43:21, time (data): 0.160 (0.002)] l_pix: 6.8571e-02 l_lpips: 6.4331e-02 
2026-07-28 05:33:50,736 INFO: [000_U..][epoch:274, iter: 219,600, lr:(2.500e-05,1.750e-05,)] [eta: 4:42:58, time (data): 0.161 (0.002)] l_pix: 2.3808e-01 l_lpips: 2.2974e-01 
2026-07-28 05:34:07,293 INFO: [000_U..][epoch:274, iter: 219,700, lr:(2.500e-05,1.750e-05,)] [eta: 4:42:35, time (data): 0.164 (0.002)] l_pix: 1.7221e-01 l_lpips: 1.6895e-01 
2026-07-28 05:34:23,859 INFO: [000_U..][epoch:274, iter: 219,800, lr:(2.500e-05,1.750e-05,)] [eta: 4:42:12, time (data): 0.166 (0.002)] l_pix: 7.5231e-02 l_lpips: 7.3303e-02 
2026-07-28 05:34:40,311 INFO: [000_U..][epoch:274, iter: 219,900, lr:(2.500e-05,1.750e-05,)] [eta: 4:41:50, time (data): 0.162 (0.002)] l_pix: 1.2066e-01 l_lpips: 1.1688e-01 
2026-07-28 05:34:56,756 INFO: [000_U..][epoch:274, iter: 220,000, lr:(2.500e-05,1.750e-05,)] [eta: 4:41:27, time (data): 0.164 (0.002)] l_pix: 2.5152e-02 l_lpips: 1.9745e-02 
2026-07-28 05:34:56,756 INFO: Saving models and training states.
2026-07-28 05:39:29,122 INFO: Validation RealSRV3
	 # psnr: 24.9980	Best: 25.2333 @ 215000 iter
	 # ssim: 0.6988	Best: 0.7009 @ 205000 iter
	 # lpips: 0.3662	Best: 0.3527 @ 120000 iter

2026-07-28 05:39:45,288 INFO: [000_U..][epoch:275, iter: 220,100, lr:(2.500e-05,1.750e-05,)] [eta: 4:42:43, time (data): 0.158 (0.002)] l_pix: 7.2365e-02 l_lpips: 6.9458e-02 
2026-07-28 05:40:01,186 INFO: [000_U..][epoch:275, iter: 220,200, lr:(2.500e-05,1.750e-05,)] [eta: 4:42:20, time (data): 0.159 (0.002)] l_pix: 2.3814e-01 l_lpips: 2.1423e-01 
2026-07-28 05:40:17,175 INFO: [000_U..][epoch:275, iter: 220,300, lr:(2.500e-05,1.750e-05,)] [eta: 4:41:56, time (data): 0.163 (0.002)] l_pix: 1.2818e-01 l_lpips: 1.2207e-01 
2026-07-28 05:40:33,308 INFO: [000_U..][epoch:275, iter: 220,400, lr:(2.500e-05,1.750e-05,)] [eta: 4:41:33, time (data): 0.161 (0.002)] l_pix: 2.4438e-01 l_lpips: 2.1899e-01 
2026-07-28 05:40:49,241 INFO: [000_U..][epoch:275, iter: 220,500, lr:(2.500e-05,1.750e-05,)] [eta: 4:41:10, time (data): 0.161 (0.002)] l_pix: 8.0542e-02 l_lpips: 7.3242e-02 
2026-07-28 05:41:05,830 INFO: [000_U..][epoch:275, iter: 220,600, lr:(2.500e-05,1.750e-05,)] [eta: 4:40:47, time (data): 0.166 (0.002)] l_pix: 2.3431e-01 l_lpips: 2.2070e-01 
2026-07-28 05:41:22,239 INFO: [000_U..][epoch:275, iter: 220,700, lr:(2.500e-05,1.750e-05,)] [eta: 4:40:24, time (data): 0.163 (0.002)] l_pix: 1.6276e-01 l_lpips: 1.5869e-01 
2026-07-28 05:41:38,559 INFO: [000_U..][epoch:275, iter: 220,800, lr:(2.500e-05,1.750e-05,)] [eta: 4:40:01, time (data): 0.163 (0.002)] l_pix: 1.6621e-01 l_lpips: 1.6003e-01 
2026-07-28 05:41:54,815 INFO: [000_U..][epoch:276, iter: 220,900, lr:(2.500e-05,1.750e-05,)] [eta: 4:39:38, time (data): 0.160 (0.002)] l_pix: 5.9052e-02 l_lpips: 5.6885e-02 
2026-07-28 05:42:10,789 INFO: [000_U..][epoch:276, iter: 221,000, lr:(2.500e-05,1.750e-05,)] [eta: 4:39:15, time (data): 0.160 (0.002)] l_pix: 6.5052e-02 l_lpips: 6.3110e-02 
2026-07-28 05:42:26,910 INFO: [000_U..][epoch:276, iter: 221,100, lr:(2.500e-05,1.750e-05,)] [eta: 4:38:52, time (data): 0.160 (0.002)] l_pix: 1.8545e-01 l_lpips: 1.7969e-01 
2026-07-28 05:42:43,036 INFO: [000_U..][epoch:276, iter: 221,200, lr:(2.500e-05,1.750e-05,)] [eta: 4:38:29, time (data): 0.161 (0.002)] l_pix: 1.3341e-01 l_lpips: 1.3281e-01 
2026-07-28 05:42:59,123 INFO: [000_U..][epoch:276, iter: 221,300, lr:(2.500e-05,1.750e-05,)] [eta: 4:38:06, time (data): 0.161 (0.002)] l_pix: 2.4699e-01 l_lpips: 2.2510e-01 
2026-07-28 05:43:15,251 INFO: [000_U..][epoch:276, iter: 221,400, lr:(2.500e-05,1.750e-05,)] [eta: 4:37:43, time (data): 0.161 (0.002)] l_pix: 2.1929e-01 l_lpips: 2.1033e-01 
2026-07-28 05:43:31,210 INFO: [000_U..][epoch:276, iter: 221,500, lr:(2.500e-05,1.750e-05,)] [eta: 4:37:20, time (data): 0.160 (0.002)] l_pix: 2.2682e-01 l_lpips: 2.1680e-01 
2026-07-28 05:43:47,342 INFO: [000_U..][epoch:276, iter: 221,600, lr:(2.500e-05,1.750e-05,)] [eta: 4:36:57, time (data): 0.161 (0.002)] l_pix: 1.8817e-01 l_lpips: 1.8274e-01 
2026-07-28 05:44:03,819 INFO: [000_U..][epoch:277, iter: 221,700, lr:(2.500e-05,1.750e-05,)] [eta: 4:36:34, time (data): 0.163 (0.003)] l_pix: 2.0590e-01 l_lpips: 2.0312e-01 
2026-07-28 05:44:19,796 INFO: [000_U..][epoch:277, iter: 221,800, lr:(2.500e-05,1.750e-05,)] [eta: 4:36:11, time (data): 0.160 (0.002)] l_pix: 6.0818e-02 l_lpips: 5.6641e-02 
2026-07-28 05:44:35,745 INFO: [000_U..][epoch:277, iter: 221,900, lr:(2.500e-05,1.750e-05,)] [eta: 4:35:48, time (data): 0.160 (0.002)] l_pix: 7.5890e-02 l_lpips: 7.1899e-02 
2026-07-28 05:44:51,711 INFO: [000_U..][epoch:277, iter: 222,000, lr:(2.500e-05,1.750e-05,)] [eta: 4:35:25, time (data): 0.160 (0.002)] l_pix: 1.7886e-01 l_lpips: 1.7456e-01 
2026-07-28 05:45:07,686 INFO: [000_U..][epoch:277, iter: 222,100, lr:(2.500e-05,1.750e-05,)] [eta: 4:35:02, time (data): 0.160 (0.002)] l_pix: 2.9031e-01 l_lpips: 2.6782e-01 
2026-07-28 05:45:23,809 INFO: [000_U..][epoch:277, iter: 222,200, lr:(2.500e-05,1.750e-05,)] [eta: 4:34:39, time (data): 0.161 (0.002)] l_pix: 1.6650e-01 l_lpips: 1.6418e-01 
2026-07-28 05:45:40,112 INFO: [000_U..][epoch:277, iter: 222,300, lr:(2.500e-05,1.750e-05,)] [eta: 4:34:16, time (data): 0.162 (0.002)] l_pix: 9.0179e-02 l_lpips: 8.8623e-02 
2026-07-28 05:45:56,555 INFO: [000_U..][epoch:277, iter: 222,400, lr:(2.500e-05,1.750e-05,)] [eta: 4:33:54, time (data): 0.165 (0.002)] l_pix: 1.1967e-01 l_lpips: 1.1731e-01 
2026-07-28 05:46:12,958 INFO: [000_U..][epoch:278, iter: 222,500, lr:(2.500e-05,1.750e-05,)] [eta: 4:33:31, time (data): 0.164 (0.003)] l_pix: 2.3479e-01 l_lpips: 2.1802e-01 
2026-07-28 05:46:28,538 INFO: [000_U..][epoch:278, iter: 222,600, lr:(2.500e-05,1.750e-05,)] [eta: 4:33:08, time (data): 0.155 (0.002)] l_pix: 9.1967e-02 l_lpips: 8.3984e-02 
2026-07-28 05:46:43,925 INFO: [000_U..][epoch:278, iter: 222,700, lr:(2.500e-05,1.750e-05,)] [eta: 4:32:44, time (data): 0.155 (0.002)] l_pix: 2.4692e-01 l_lpips: 2.3169e-01 
2026-07-28 05:46:59,423 INFO: [000_U..][epoch:278, iter: 222,800, lr:(2.500e-05,1.750e-05,)] [eta: 4:32:21, time (data): 0.155 (0.002)] l_pix: 2.0503e-01 l_lpips: 1.9482e-01 
2026-07-28 05:47:15,565 INFO: [000_U..][epoch:278, iter: 222,900, lr:(2.500e-05,1.750e-05,)] [eta: 4:31:58, time (data): 0.158 (0.002)] l_pix: 1.4287e-01 l_lpips: 1.3635e-01 
2026-07-28 05:47:32,096 INFO: [000_U..][epoch:278, iter: 223,000, lr:(2.500e-05,1.750e-05,)] [eta: 4:31:36, time (data): 0.165 (0.002)] l_pix: 1.9139e-01 l_lpips: 1.8762e-01 
2026-07-28 05:47:48,656 INFO: [000_U..][epoch:278, iter: 223,100, lr:(2.500e-05,1.750e-05,)] [eta: 4:31:13, time (data): 0.165 (0.002)] l_pix: 9.2042e-02 l_lpips: 9.0088e-02 
2026-07-28 05:48:04,696 INFO: [000_U..][epoch:278, iter: 223,200, lr:(2.500e-05,1.750e-05,)] [eta: 4:30:50, time (data): 0.160 (0.002)] l_pix: 3.1094e-01 l_lpips: 2.9907e-01 
2026-07-28 05:48:21,193 INFO: [000_U..][epoch:279, iter: 223,300, lr:(2.500e-05,1.750e-05,)] [eta: 4:30:27, time (data): 0.163 (0.003)] l_pix: 1.3368e-01 l_lpips: 1.3171e-01 
2026-07-28 05:48:38,207 INFO: [000_U..][epoch:279, iter: 223,400, lr:(2.500e-05,1.750e-05,)] [eta: 4:30:05, time (data): 0.170 (0.002)] l_pix: 5.5037e-02 l_lpips: 5.0018e-02 
2026-07-28 05:48:54,670 INFO: [000_U..][epoch:279, iter: 223,500, lr:(2.500e-05,1.750e-05,)] [eta: 4:29:42, time (data): 0.167 (0.002)] l_pix: 1.2119e-01 l_lpips: 1.1615e-01 
2026-07-28 05:49:11,040 INFO: [000_U..][epoch:279, iter: 223,600, lr:(2.500e-05,1.750e-05,)] [eta: 4:29:19, time (data): 0.164 (0.002)] l_pix: 2.1703e-01 l_lpips: 2.0117e-01 
2026-07-28 05:49:27,633 INFO: [000_U..][epoch:279, iter: 223,700, lr:(2.500e-05,1.750e-05,)] [eta: 4:28:56, time (data): 0.165 (0.002)] l_pix: 2.1907e-01 l_lpips: 2.0581e-01 
2026-07-28 05:49:43,941 INFO: [000_U..][epoch:279, iter: 223,800, lr:(2.500e-05,1.750e-05,)] [eta: 4:28:34, time (data): 0.163 (0.002)] l_pix: 1.9740e-01 l_lpips: 1.9067e-01 
2026-07-28 05:50:00,160 INFO: [000_U..][epoch:279, iter: 223,900, lr:(2.500e-05,1.750e-05,)] [eta: 4:28:11, time (data): 0.163 (0.002)] l_pix: 2.1190e-01 l_lpips: 2.0728e-01 
2026-07-28 05:50:16,476 INFO: [000_U..][epoch:279, iter: 224,000, lr:(2.500e-05,1.750e-05,)] [eta: 4:27:48, time (data): 0.163 (0.002)] l_pix: 2.5610e-01 l_lpips: 2.2925e-01 
2026-07-28 05:50:32,925 INFO: [000_U..][epoch:280, iter: 224,100, lr:(2.500e-05,1.750e-05,)] [eta: 4:27:25, time (data): 0.164 (0.003)] l_pix: 2.2905e-01 l_lpips: 2.2046e-01 
2026-07-28 05:50:49,048 INFO: [000_U..][epoch:280, iter: 224,200, lr:(2.500e-05,1.750e-05,)] [eta: 4:27:02, time (data): 0.161 (0.002)] l_pix: 1.3549e-01 l_lpips: 1.3098e-01 
2026-07-28 05:51:05,252 INFO: [000_U..][epoch:280, iter: 224,300, lr:(2.500e-05,1.750e-05,)] [eta: 4:26:40, time (data): 0.162 (0.002)] l_pix: 1.8166e-01 l_lpips: 1.7615e-01 
2026-07-28 05:51:21,441 INFO: [000_U..][epoch:280, iter: 224,400, lr:(2.500e-05,1.750e-05,)] [eta: 4:26:17, time (data): 0.162 (0.002)] l_pix: 1.9056e-01 l_lpips: 1.7444e-01 
2026-07-28 05:51:37,844 INFO: [000_U..][epoch:280, iter: 224,500, lr:(2.500e-05,1.750e-05,)] [eta: 4:25:54, time (data): 0.163 (0.002)] l_pix: 2.0026e-01 l_lpips: 1.9360e-01 
2026-07-28 05:51:53,934 INFO: [000_U..][epoch:280, iter: 224,600, lr:(2.500e-05,1.750e-05,)] [eta: 4:25:31, time (data): 0.161 (0.002)] l_pix: 3.0145e-01 l_lpips: 2.9297e-01 
2026-07-28 05:52:09,723 INFO: [000_U..][epoch:280, iter: 224,700, lr:(2.500e-05,1.750e-05,)] [eta: 4:25:08, time (data): 0.159 (0.002)] l_pix: 2.3940e-01 l_lpips: 2.1667e-01 
2026-07-28 05:52:25,617 INFO: [000_U..][epoch:280, iter: 224,800, lr:(2.500e-05,1.750e-05,)] [eta: 4:24:45, time (data): 0.159 (0.002)] l_pix: 1.6353e-01 l_lpips: 1.5845e-01 
2026-07-28 05:52:41,691 INFO: [000_U..][epoch:281, iter: 224,900, lr:(2.500e-05,1.750e-05,)] [eta: 4:24:23, time (data): 0.160 (0.003)] l_pix: 1.5774e-01 l_lpips: 1.4050e-01 
2026-07-28 05:52:57,523 INFO: [000_U..][epoch:281, iter: 225,000, lr:(2.500e-05,1.750e-05,)] [eta: 4:24:00, time (data): 0.158 (0.002)] l_pix: 7.2723e-02 l_lpips: 6.9214e-02 
2026-07-28 05:57:26,372 INFO: Validation RealSRV3
	 # psnr: 25.1279	Best: 25.2333 @ 215000 iter
	 # ssim: 0.6996	Best: 0.7009 @ 205000 iter
	 # lpips: 0.3659	Best: 0.3527 @ 120000 iter

2026-07-28 05:57:41,897 INFO: [000_U..][epoch:281, iter: 225,100, lr:(2.500e-05,1.750e-05,)] [eta: 4:25:06, time (data): 0.156 (0.002)] l_pix: 1.7257e-01 l_lpips: 1.6846e-01 
2026-07-28 05:57:57,923 INFO: [000_U..][epoch:281, iter: 225,200, lr:(2.500e-05,1.750e-05,)] [eta: 4:24:43, time (data): 0.162 (0.002)] l_pix: 4.1773e-02 l_lpips: 3.8757e-02 
2026-07-28 05:58:14,411 INFO: [000_U..][epoch:281, iter: 225,300, lr:(2.500e-05,1.750e-05,)] [eta: 4:24:20, time (data): 0.163 (0.002)] l_pix: 2.0454e-01 l_lpips: 1.9775e-01 
2026-07-28 05:58:30,482 INFO: [000_U..][epoch:281, iter: 225,400, lr:(2.500e-05,1.750e-05,)] [eta: 4:23:57, time (data): 0.161 (0.002)] l_pix: 3.1360e-02 l_lpips: 2.9022e-02 
2026-07-28 05:58:46,380 INFO: [000_U..][epoch:281, iter: 225,500, lr:(2.500e-05,1.750e-05,)] [eta: 4:23:34, time (data): 0.160 (0.002)] l_pix: 1.8522e-01 l_lpips: 1.7761e-01 
2026-07-28 05:59:02,767 INFO: [000_U..][epoch:281, iter: 225,600, lr:(2.500e-05,1.750e-05,)] [eta: 4:23:12, time (data): 0.166 (0.002)] l_pix: 2.2435e-01 l_lpips: 1.9727e-01 
2026-07-28 05:59:19,036 INFO: [000_U..][epoch:282, iter: 225,700, lr:(2.500e-05,1.750e-05,)] [eta: 4:22:49, time (data): 0.164 (0.003)] l_pix: 2.6810e-01 l_lpips: 2.4072e-01 
2026-07-28 05:59:35,047 INFO: [000_U..][epoch:282, iter: 225,800, lr:(2.500e-05,1.750e-05,)] [eta: 4:22:26, time (data): 0.160 (0.002)] l_pix: 1.8528e-01 l_lpips: 1.7871e-01 
2026-07-28 05:59:50,947 INFO: [000_U..][epoch:282, iter: 225,900, lr:(2.500e-05,1.750e-05,)] [eta: 4:22:03, time (data): 0.159 (0.002)] l_pix: 1.6258e-01 l_lpips: 1.5930e-01 
2026-07-28 06:00:06,838 INFO: [000_U..][epoch:282, iter: 226,000, lr:(2.500e-05,1.750e-05,)] [eta: 4:21:40, time (data): 0.159 (0.002)] l_pix: 3.2367e-01 l_lpips: 3.0396e-01 
2026-07-28 06:00:22,731 INFO: [000_U..][epoch:282, iter: 226,100, lr:(2.500e-05,1.750e-05,)] [eta: 4:21:17, time (data): 0.159 (0.002)] l_pix: 9.3052e-02 l_lpips: 9.0881e-02 
2026-07-28 06:00:38,586 INFO: [000_U..][epoch:282, iter: 226,200, lr:(2.500e-05,1.750e-05,)] [eta: 4:20:54, time (data): 0.159 (0.002)] l_pix: 2.0155e-01 l_lpips: 1.9885e-01 
2026-07-28 06:00:54,593 INFO: [000_U..][epoch:282, iter: 226,300, lr:(2.500e-05,1.750e-05,)] [eta: 4:20:31, time (data): 0.159 (0.002)] l_pix: 2.2379e-01 l_lpips: 2.0996e-01 
2026-07-28 06:01:11,003 INFO: [000_U..][epoch:282, iter: 226,400, lr:(2.500e-05,1.750e-05,)] [eta: 4:20:08, time (data): 0.164 (0.002)] l_pix: 1.6657e-01 l_lpips: 1.6406e-01 
2026-07-28 06:01:27,273 INFO: [000_U..][epoch:283, iter: 226,500, lr:(2.500e-05,1.750e-05,)] [eta: 4:19:45, time (data): 0.163 (0.003)] l_pix: 5.3764e-02 l_lpips: 4.9072e-02 
2026-07-28 06:01:43,246 INFO: [000_U..][epoch:283, iter: 226,600, lr:(2.500e-05,1.750e-05,)] [eta: 4:19:23, time (data): 0.160 (0.002)] l_pix: 1.3135e-01 l_lpips: 1.2842e-01 
2026-07-28 06:01:59,156 INFO: [000_U..][epoch:283, iter: 226,700, lr:(2.500e-05,1.750e-05,)] [eta: 4:19:00, time (data): 0.159 (0.002)] l_pix: 1.8496e-01 l_lpips: 1.7566e-01 
2026-07-28 06:02:15,099 INFO: [000_U..][epoch:283, iter: 226,800, lr:(2.500e-05,1.750e-05,)] [eta: 4:18:37, time (data): 0.160 (0.002)] l_pix: 2.3246e-01 l_lpips: 2.2681e-01 
2026-07-28 06:02:30,919 INFO: [000_U..][epoch:283, iter: 226,900, lr:(2.500e-05,1.750e-05,)] [eta: 4:18:14, time (data): 0.159 (0.002)] l_pix: 2.1599e-01 l_lpips: 1.9727e-01 
2026-07-28 06:02:47,153 INFO: [000_U..][epoch:283, iter: 227,000, lr:(2.500e-05,1.750e-05,)] [eta: 4:17:51, time (data): 0.164 (0.002)] l_pix: 1.7430e-01 l_lpips: 1.6345e-01 
2026-07-28 06:03:03,772 INFO: [000_U..][epoch:283, iter: 227,100, lr:(2.500e-05,1.750e-05,)] [eta: 4:17:28, time (data): 0.165 (0.002)] l_pix: 2.2619e-01 l_lpips: 2.1387e-01 
2026-07-28 06:03:20,102 INFO: [000_U..][epoch:283, iter: 227,200, lr:(2.500e-05,1.750e-05,)] [eta: 4:17:06, time (data): 0.164 (0.002)] l_pix: 2.6045e-01 l_lpips: 2.4475e-01 
2026-07-28 06:03:36,561 INFO: [000_U..][epoch:284, iter: 227,300, lr:(2.500e-05,1.750e-05,)] [eta: 4:16:43, time (data): 0.164 (0.004)] l_pix: 4.0286e-02 l_lpips: 3.8727e-02 
2026-07-28 06:03:52,571 INFO: [000_U..][epoch:284, iter: 227,400, lr:(2.500e-05,1.750e-05,)] [eta: 4:16:20, time (data): 0.160 (0.002)] l_pix: 1.5927e-01 l_lpips: 1.5356e-01 
2026-07-28 06:04:08,823 INFO: [000_U..][epoch:284, iter: 227,500, lr:(2.500e-05,1.750e-05,)] [eta: 4:15:57, time (data): 0.162 (0.002)] l_pix: 1.8147e-01 l_lpips: 1.7761e-01 
2026-07-28 06:04:24,903 INFO: [000_U..][epoch:284, iter: 227,600, lr:(2.500e-05,1.750e-05,)] [eta: 4:15:35, time (data): 0.160 (0.002)] l_pix: 1.6926e-01 l_lpips: 1.5320e-01 
2026-07-28 06:04:41,089 INFO: [000_U..][epoch:284, iter: 227,700, lr:(2.500e-05,1.750e-05,)] [eta: 4:15:12, time (data): 0.161 (0.002)] l_pix: 6.0052e-02 l_lpips: 5.4901e-02 
2026-07-28 06:04:57,359 INFO: [000_U..][epoch:284, iter: 227,800, lr:(2.500e-05,1.750e-05,)] [eta: 4:14:49, time (data): 0.162 (0.002)] l_pix: 1.5610e-01 l_lpips: 1.5039e-01 
2026-07-28 06:05:13,335 INFO: [000_U..][epoch:284, iter: 227,900, lr:(2.500e-05,1.750e-05,)] [eta: 4:14:26, time (data): 0.161 (0.002)] l_pix: 4.4172e-02 l_lpips: 4.1779e-02 
2026-07-28 06:05:29,073 INFO: [000_U..][epoch:284, iter: 228,000, lr:(2.500e-05,1.750e-05,)] [eta: 4:14:03, time (data): 0.157 (0.002)] l_pix: 1.0316e-01 l_lpips: 1.0193e-01 
2026-07-28 06:05:45,333 INFO: [000_U..][epoch:285, iter: 228,100, lr:(2.500e-05,1.750e-05,)] [eta: 4:13:41, time (data): 0.160 (0.003)] l_pix: 5.5312e-02 l_lpips: 5.3101e-02 
2026-07-28 06:06:01,271 INFO: [000_U..][epoch:285, iter: 228,200, lr:(2.500e-05,1.750e-05,)] [eta: 4:13:18, time (data): 0.160 (0.002)] l_pix: 1.1079e-01 l_lpips: 1.0999e-01 
2026-07-28 06:06:17,352 INFO: [000_U..][epoch:285, iter: 228,300, lr:(2.500e-05,1.750e-05,)] [eta: 4:12:55, time (data): 0.160 (0.002)] l_pix: 2.4096e-01 l_lpips: 2.3657e-01 
2026-07-28 06:06:33,622 INFO: [000_U..][epoch:285, iter: 228,400, lr:(2.500e-05,1.750e-05,)] [eta: 4:12:32, time (data): 0.163 (0.002)] l_pix: 7.0097e-02 l_lpips: 6.4453e-02 
2026-07-28 06:06:49,773 INFO: [000_U..][epoch:285, iter: 228,500, lr:(2.500e-05,1.750e-05,)] [eta: 4:12:10, time (data): 0.162 (0.002)] l_pix: 2.3467e-01 l_lpips: 2.2913e-01 
2026-07-28 06:07:05,841 INFO: [000_U..][epoch:285, iter: 228,600, lr:(2.500e-05,1.750e-05,)] [eta: 4:11:47, time (data): 0.161 (0.002)] l_pix: 1.9358e-01 l_lpips: 1.8860e-01 
2026-07-28 06:07:22,030 INFO: [000_U..][epoch:285, iter: 228,700, lr:(2.500e-05,1.750e-05,)] [eta: 4:11:24, time (data): 0.162 (0.002)] l_pix: 5.7243e-02 l_lpips: 5.6274e-02 
2026-07-28 06:07:38,159 INFO: [000_U..][epoch:285, iter: 228,800, lr:(2.500e-05,1.750e-05,)] [eta: 4:11:01, time (data): 0.161 (0.002)] l_pix: 1.5129e-01 l_lpips: 1.4282e-01 
2026-07-28 06:07:54,462 INFO: [000_U..][epoch:286, iter: 228,900, lr:(2.500e-05,1.750e-05,)] [eta: 4:10:39, time (data): 0.162 (0.003)] l_pix: 1.9389e-01 l_lpips: 1.9067e-01 
2026-07-28 06:08:10,449 INFO: [000_U..][epoch:286, iter: 229,000, lr:(2.500e-05,1.750e-05,)] [eta: 4:10:16, time (data): 0.160 (0.002)] l_pix: 1.9481e-01 l_lpips: 1.8799e-01 
2026-07-28 06:08:26,479 INFO: [000_U..][epoch:286, iter: 229,100, lr:(2.500e-05,1.750e-05,)] [eta: 4:09:53, time (data): 0.160 (0.002)] l_pix: 1.4198e-01 l_lpips: 1.3843e-01 
2026-07-28 06:08:42,489 INFO: [000_U..][epoch:286, iter: 229,200, lr:(2.500e-05,1.750e-05,)] [eta: 4:09:31, time (data): 0.160 (0.002)] l_pix: 9.9397e-02 l_lpips: 9.7412e-02 
2026-07-28 06:08:58,461 INFO: [000_U..][epoch:286, iter: 229,300, lr:(2.500e-05,1.750e-05,)] [eta: 4:09:08, time (data): 0.160 (0.002)] l_pix: 1.9800e-01 l_lpips: 1.8933e-01 
2026-07-28 06:09:14,499 INFO: [000_U..][epoch:286, iter: 229,400, lr:(2.500e-05,1.750e-05,)] [eta: 4:08:45, time (data): 0.161 (0.002)] l_pix: 2.6815e-01 l_lpips: 2.5342e-01 
2026-07-28 06:09:30,524 INFO: [000_U..][epoch:286, iter: 229,500, lr:(2.500e-05,1.750e-05,)] [eta: 4:08:22, time (data): 0.160 (0.002)] l_pix: 1.1941e-01 l_lpips: 1.1798e-01 
2026-07-28 06:09:47,288 INFO: [000_U..][epoch:286, iter: 229,600, lr:(2.500e-05,1.750e-05,)] [eta: 4:08:00, time (data): 0.166 (0.002)] l_pix: 8.3676e-02 l_lpips: 8.0017e-02 
2026-07-28 06:10:03,627 INFO: [000_U..][epoch:287, iter: 229,700, lr:(2.500e-05,1.750e-05,)] [eta: 4:07:37, time (data): 0.164 (0.003)] l_pix: 1.5885e-01 l_lpips: 1.5454e-01 
2026-07-28 06:10:19,391 INFO: [000_U..][epoch:287, iter: 229,800, lr:(2.500e-05,1.750e-05,)] [eta: 4:07:14, time (data): 0.158 (0.002)] l_pix: 1.5668e-01 l_lpips: 1.4795e-01 
2026-07-28 06:10:35,080 INFO: [000_U..][epoch:287, iter: 229,900, lr:(2.500e-05,1.750e-05,)] [eta: 4:06:52, time (data): 0.157 (0.002)] l_pix: 1.1846e-01 l_lpips: 1.1536e-01 
2026-07-28 06:10:50,789 INFO: [000_U..][epoch:287, iter: 230,000, lr:(2.500e-05,1.750e-05,)] [eta: 4:06:29, time (data): 0.157 (0.002)] l_pix: 1.0446e-01 l_lpips: 9.9426e-02 
2026-07-28 06:10:50,790 INFO: Saving models and training states.
2026-07-28 06:15:21,447 INFO: Validation RealSRV3
	 # psnr: 24.9239	Best: 25.2333 @ 215000 iter
	 # ssim: 0.6942	Best: 0.7009 @ 205000 iter
	 # lpips: 0.3695	Best: 0.3527 @ 120000 iter

2026-07-28 06:15:37,713 INFO: [000_U..][epoch:287, iter: 230,100, lr:(2.500e-05,1.750e-05,)] [eta: 4:07:29, time (data): 0.161 (0.002)] l_pix: 8.8845e-02 l_lpips: 8.6609e-02 
2026-07-28 06:15:53,862 INFO: [000_U..][epoch:287, iter: 230,200, lr:(2.500e-05,1.750e-05,)] [eta: 4:07:06, time (data): 0.161 (0.002)] l_pix: 2.1167e-01 l_lpips: 2.0764e-01 
2026-07-28 06:16:09,873 INFO: [000_U..][epoch:287, iter: 230,300, lr:(2.500e-05,1.750e-05,)] [eta: 4:06:43, time (data): 0.160 (0.002)] l_pix: 1.8557e-01 l_lpips: 1.7712e-01 
2026-07-28 06:16:25,804 INFO: [000_U..][epoch:287, iter: 230,400, lr:(2.500e-05,1.750e-05,)] [eta: 4:06:20, time (data): 0.160 (0.002)] l_pix: 1.0813e-01 l_lpips: 1.0632e-01 
2026-07-28 06:16:42,185 INFO: [000_U..][epoch:288, iter: 230,500, lr:(2.500e-05,1.750e-05,)] [eta: 4:05:57, time (data): 0.162 (0.003)] l_pix: 6.8256e-02 l_lpips: 6.4941e-02 
2026-07-28 06:16:58,020 INFO: [000_U..][epoch:288, iter: 230,600, lr:(2.500e-05,1.750e-05,)] [eta: 4:05:35, time (data): 0.157 (0.002)] l_pix: 1.5806e-01 l_lpips: 1.4600e-01 
2026-07-28 06:17:13,816 INFO: [000_U..][epoch:288, iter: 230,700, lr:(2.500e-05,1.750e-05,)] [eta: 4:05:12, time (data): 0.158 (0.002)] l_pix: 1.9213e-01 l_lpips: 1.8066e-01 
2026-07-28 06:17:29,672 INFO: [000_U..][epoch:288, iter: 230,800, lr:(2.500e-05,1.750e-05,)] [eta: 4:04:49, time (data): 0.159 (0.002)] l_pix: 6.2942e-02 l_lpips: 6.1127e-02 
2026-07-28 06:17:45,683 INFO: [000_U..][epoch:288, iter: 230,900, lr:(2.500e-05,1.750e-05,)] [eta: 4:04:26, time (data): 0.160 (0.002)] l_pix: 2.0349e-01 l_lpips: 1.9604e-01 
2026-07-28 06:18:01,791 INFO: [000_U..][epoch:288, iter: 231,000, lr:(2.500e-05,1.750e-05,)] [eta: 4:04:03, time (data): 0.161 (0.002)] l_pix: 3.0177e-01 l_lpips: 2.9370e-01 
2026-07-28 06:18:17,884 INFO: [000_U..][epoch:288, iter: 231,100, lr:(2.500e-05,1.750e-05,)] [eta: 4:03:40, time (data): 0.161 (0.002)] l_pix: 1.3042e-01 l_lpips: 1.2451e-01 
2026-07-28 06:18:34,002 INFO: [000_U..][epoch:288, iter: 231,200, lr:(2.500e-05,1.750e-05,)] [eta: 4:03:18, time (data): 0.161 (0.002)] l_pix: 1.7825e-01 l_lpips: 1.7322e-01 
2026-07-28 06:18:51,048 INFO: [000_U..][epoch:289, iter: 231,300, lr:(2.500e-05,1.750e-05,)] [eta: 4:02:55, time (data): 0.167 (0.005)] l_pix: 5.6953e-02 l_lpips: 5.2795e-02 
2026-07-28 06:19:07,558 INFO: [000_U..][epoch:289, iter: 231,400, lr:(2.500e-05,1.750e-05,)] [eta: 4:02:33, time (data): 0.166 (0.002)] l_pix: 1.6812e-01 l_lpips: 1.6626e-01 
2026-07-28 06:19:24,865 INFO: [000_U..][epoch:289, iter: 231,500, lr:(2.500e-05,1.750e-05,)] [eta: 4:02:10, time (data): 0.171 (0.002)] l_pix: 5.4972e-02 l_lpips: 5.1758e-02 
2026-07-28 06:19:41,578 INFO: [000_U..][epoch:289, iter: 231,600, lr:(2.500e-05,1.750e-05,)] [eta: 4:01:48, time (data): 0.167 (0.002)] l_pix: 1.5577e-01 l_lpips: 1.5430e-01 
2026-07-28 06:19:58,338 INFO: [000_U..][epoch:289, iter: 231,700, lr:(2.500e-05,1.750e-05,)] [eta: 4:01:25, time (data): 0.167 (0.002)] l_pix: 6.1552e-02 l_lpips: 5.5176e-02 
2026-07-28 06:20:14,093 INFO: [000_U..][epoch:289, iter: 231,800, lr:(2.500e-05,1.750e-05,)] [eta: 4:01:02, time (data): 0.159 (0.002)] l_pix: 4.2590e-02 l_lpips: 4.0802e-02 
2026-07-28 06:20:30,086 INFO: [000_U..][epoch:289, iter: 231,900, lr:(2.500e-05,1.750e-05,)] [eta: 4:00:40, time (data): 0.160 (0.002)] l_pix: 2.2013e-01 l_lpips: 2.0703e-01 
2026-07-28 06:20:46,221 INFO: [000_U..][epoch:289, iter: 232,000, lr:(2.500e-05,1.750e-05,)] [eta: 4:00:17, time (data): 0.163 (0.002)] l_pix: 1.3762e-01 l_lpips: 1.3379e-01 
2026-07-28 06:21:02,380 INFO: [000_U..][epoch:290, iter: 232,100, lr:(2.500e-05,1.750e-05,)] [eta: 3:59:54, time (data): 0.162 (0.003)] l_pix: 1.5793e-01 l_lpips: 1.5308e-01 
2026-07-28 06:21:18,304 INFO: [000_U..][epoch:290, iter: 232,200, lr:(2.500e-05,1.750e-05,)] [eta: 3:59:32, time (data): 0.158 (0.002)] l_pix: 6.4446e-02 l_lpips: 5.5481e-02 
2026-07-28 06:21:34,309 INFO: [000_U..][epoch:290, iter: 232,300, lr:(2.500e-05,1.750e-05,)] [eta: 3:59:09, time (data): 0.159 (0.002)] l_pix: 1.9458e-01 l_lpips: 1.8848e-01 
2026-07-28 06:21:50,413 INFO: [000_U..][epoch:290, iter: 232,400, lr:(2.500e-05,1.750e-05,)] [eta: 3:58:46, time (data): 0.160 (0.002)] l_pix: 2.6410e-01 l_lpips: 2.6025e-01 
2026-07-28 06:22:06,857 INFO: [000_U..][epoch:290, iter: 232,500, lr:(2.500e-05,1.750e-05,)] [eta: 3:58:24, time (data): 0.163 (0.002)] l_pix: 2.5753e-01 l_lpips: 2.5537e-01 
2026-07-28 06:22:23,340 INFO: [000_U..][epoch:290, iter: 232,600, lr:(2.500e-05,1.750e-05,)] [eta: 3:58:01, time (data): 0.165 (0.002)] l_pix: 1.4507e-01 l_lpips: 1.3916e-01 
2026-07-28 06:22:39,518 INFO: [000_U..][epoch:290, iter: 232,700, lr:(2.500e-05,1.750e-05,)] [eta: 3:57:38, time (data): 0.163 (0.002)] l_pix: 2.0250e-01 l_lpips: 1.9373e-01 
2026-07-28 06:22:55,728 INFO: [000_U..][epoch:290, iter: 232,800, lr:(2.500e-05,1.750e-05,)] [eta: 3:57:16, time (data): 0.163 (0.002)] l_pix: 1.8304e-01 l_lpips: 1.7090e-01 
2026-07-28 06:23:12,251 INFO: [000_U..][epoch:291, iter: 232,900, lr:(2.500e-05,1.750e-05,)] [eta: 3:56:53, time (data): 0.165 (0.003)] l_pix: 2.1757e-01 l_lpips: 2.0483e-01 
2026-07-28 06:23:28,958 INFO: [000_U..][epoch:291, iter: 233,000, lr:(2.500e-05,1.750e-05,)] [eta: 3:56:31, time (data): 0.170 (0.002)] l_pix: 1.8342e-01 l_lpips: 1.7578e-01 
2026-07-28 06:23:45,669 INFO: [000_U..][epoch:291, iter: 233,100, lr:(2.500e-05,1.750e-05,)] [eta: 3:56:08, time (data): 0.168 (0.002)] l_pix: 1.4117e-01 l_lpips: 1.3745e-01 
2026-07-28 06:24:02,092 INFO: [000_U..][epoch:291, iter: 233,200, lr:(2.500e-05,1.750e-05,)] [eta: 3:55:46, time (data): 0.164 (0.002)] l_pix: 2.6265e-01 l_lpips: 2.4731e-01 
2026-07-28 06:24:18,474 INFO: [000_U..][epoch:291, iter: 233,300, lr:(2.500e-05,1.750e-05,)] [eta: 3:55:23, time (data): 0.164 (0.002)] l_pix: 4.4640e-02 l_lpips: 4.1199e-02 
2026-07-28 06:24:34,861 INFO: [000_U..][epoch:291, iter: 233,400, lr:(2.500e-05,1.750e-05,)] [eta: 3:55:01, time (data): 0.164 (0.002)] l_pix: 8.7434e-02 l_lpips: 8.4290e-02 
2026-07-28 06:24:51,301 INFO: [000_U..][epoch:291, iter: 233,500, lr:(2.500e-05,1.750e-05,)] [eta: 3:54:38, time (data): 0.164 (0.002)] l_pix: 1.8578e-01 l_lpips: 1.7798e-01 
2026-07-28 06:25:07,523 INFO: [000_U..][epoch:291, iter: 233,600, lr:(2.500e-05,1.750e-05,)] [eta: 3:54:16, time (data): 0.161 (0.002)] l_pix: 8.4861e-02 l_lpips: 8.2886e-02 
2026-07-28 06:25:24,091 INFO: [000_U..][epoch:292, iter: 233,700, lr:(2.500e-05,1.750e-05,)] [eta: 3:53:53, time (data): 0.164 (0.003)] l_pix: 1.3231e-01 l_lpips: 1.2659e-01 
2026-07-28 06:25:40,193 INFO: [000_U..][epoch:292, iter: 233,800, lr:(2.500e-05,1.750e-05,)] [eta: 3:53:31, time (data): 0.160 (0.002)] l_pix: 3.3282e-01 l_lpips: 2.9443e-01 
2026-07-28 06:25:56,159 INFO: [000_U..][epoch:292, iter: 233,900, lr:(2.500e-05,1.750e-05,)] [eta: 3:53:08, time (data): 0.160 (0.002)] l_pix: 2.5567e-01 l_lpips: 2.4072e-01 
2026-07-28 06:26:12,169 INFO: [000_U..][epoch:292, iter: 234,000, lr:(2.500e-05,1.750e-05,)] [eta: 3:52:45, time (data): 0.162 (0.002)] l_pix: 2.7456e-01 l_lpips: 2.6050e-01 
2026-07-28 06:26:28,102 INFO: [000_U..][epoch:292, iter: 234,100, lr:(2.500e-05,1.750e-05,)] [eta: 3:52:23, time (data): 0.160 (0.002)] l_pix: 8.6531e-02 l_lpips: 8.4839e-02 
2026-07-28 06:26:44,159 INFO: [000_U..][epoch:292, iter: 234,200, lr:(2.500e-05,1.750e-05,)] [eta: 3:52:00, time (data): 0.162 (0.002)] l_pix: 5.7621e-02 l_lpips: 5.5054e-02 
2026-07-28 06:27:00,248 INFO: [000_U..][epoch:292, iter: 234,300, lr:(2.500e-05,1.750e-05,)] [eta: 3:51:37, time (data): 0.161 (0.002)] l_pix: 1.8371e-01 l_lpips: 1.7615e-01 
2026-07-28 06:27:15,950 INFO: [000_U..][epoch:292, iter: 234,400, lr:(2.500e-05,1.750e-05,)] [eta: 3:51:15, time (data): 0.154 (0.002)] l_pix: 1.6927e-01 l_lpips: 1.5796e-01 
2026-07-28 06:27:31,584 INFO: [000_U..][epoch:293, iter: 234,500, lr:(2.500e-05,1.750e-05,)] [eta: 3:50:52, time (data): 0.156 (0.003)] l_pix: 2.0125e-01 l_lpips: 1.8579e-01 
2026-07-28 06:27:47,102 INFO: [000_U..][epoch:293, iter: 234,600, lr:(2.500e-05,1.750e-05,)] [eta: 3:50:29, time (data): 0.154 (0.002)] l_pix: 1.4831e-01 l_lpips: 1.4136e-01 
2026-07-28 06:28:02,699 INFO: [000_U..][epoch:293, iter: 234,700, lr:(2.500e-05,1.750e-05,)] [eta: 3:50:07, time (data): 0.156 (0.002)] l_pix: 2.5631e-01 l_lpips: 2.3340e-01 
2026-07-28 06:28:18,025 INFO: [000_U..][epoch:293, iter: 234,800, lr:(2.500e-05,1.750e-05,)] [eta: 3:49:44, time (data): 0.153 (0.002)] l_pix: 2.4913e-01 l_lpips: 2.2656e-01 
2026-07-28 06:28:33,297 INFO: [000_U..][epoch:293, iter: 234,900, lr:(2.500e-05,1.750e-05,)] [eta: 3:49:21, time (data): 0.153 (0.002)] l_pix: 1.9353e-01 l_lpips: 1.8372e-01 
2026-07-28 06:28:48,690 INFO: [000_U..][epoch:293, iter: 235,000, lr:(2.500e-05,1.750e-05,)] [eta: 3:48:58, time (data): 0.156 (0.002)] l_pix: 1.0350e-01 l_lpips: 1.0199e-01 
2026-07-28 06:33:24,576 INFO: Validation RealSRV3
	 # psnr: 24.9655	Best: 25.2333 @ 215000 iter
	 # ssim: 0.6945	Best: 0.7009 @ 205000 iter
	 # lpips: 0.3686	Best: 0.3527 @ 120000 iter

2026-07-28 06:33:41,048 INFO: [000_U..][epoch:293, iter: 235,100, lr:(2.500e-05,1.750e-05,)] [eta: 3:49:52, time (data): 0.163 (0.002)] l_pix: 2.2564e-01 l_lpips: 2.0361e-01 
2026-07-28 06:33:56,821 INFO: [000_U..][epoch:293, iter: 235,200, lr:(2.500e-05,1.750e-05,)] [eta: 3:49:29, time (data): 0.157 (0.002)] l_pix: 1.3784e-01 l_lpips: 1.3135e-01 
2026-07-28 06:34:13,387 INFO: [000_U..][epoch:294, iter: 235,300, lr:(2.500e-05,1.750e-05,)] [eta: 3:49:07, time (data): 0.164 (0.004)] l_pix: 1.6271e-01 l_lpips: 1.6174e-01 
2026-07-28 06:34:29,606 INFO: [000_U..][epoch:294, iter: 235,400, lr:(2.500e-05,1.750e-05,)] [eta: 3:48:44, time (data): 0.164 (0.002)] l_pix: 1.6774e-01 l_lpips: 1.5625e-01 
2026-07-28 06:34:45,638 INFO: [000_U..][epoch:294, iter: 235,500, lr:(2.500e-05,1.750e-05,)] [eta: 3:48:22, time (data): 0.161 (0.002)] l_pix: 2.0847e-01 l_lpips: 1.9849e-01 
2026-07-28 06:35:02,778 INFO: [000_U..][epoch:294, iter: 235,600, lr:(2.500e-05,1.750e-05,)] [eta: 3:47:59, time (data): 0.170 (0.002)] l_pix: 2.4267e-01 l_lpips: 2.3914e-01 
2026-07-28 06:35:20,085 INFO: [000_U..][epoch:294, iter: 235,700, lr:(2.500e-05,1.750e-05,)] [eta: 3:47:37, time (data): 0.172 (0.002)] l_pix: 4.8048e-02 l_lpips: 4.4739e-02 
2026-07-28 06:35:37,410 INFO: [000_U..][epoch:294, iter: 235,800, lr:(2.500e-05,1.750e-05,)] [eta: 3:47:15, time (data): 0.171 (0.002)] l_pix: 2.3814e-01 l_lpips: 2.3193e-01 
2026-07-28 06:35:54,250 INFO: [000_U..][epoch:294, iter: 235,900, lr:(2.500e-05,1.750e-05,)] [eta: 3:46:52, time (data): 0.169 (0.002)] l_pix: 1.7416e-01 l_lpips: 1.6553e-01 
2026-07-28 06:36:10,701 INFO: [000_U..][epoch:294, iter: 236,000, lr:(2.500e-05,1.750e-05,)] [eta: 3:46:30, time (data): 0.159 (0.002)] l_pix: 2.1283e-01 l_lpips: 1.9775e-01 
2026-07-28 06:36:26,908 INFO: [000_U..][epoch:295, iter: 236,100, lr:(2.500e-05,1.750e-05,)] [eta: 3:46:07, time (data): 0.162 (0.004)] l_pix: 2.0075e-01 l_lpips: 1.9373e-01 
2026-07-28 06:36:42,736 INFO: [000_U..][epoch:295, iter: 236,200, lr:(2.500e-05,1.750e-05,)] [eta: 3:45:44, time (data): 0.158 (0.002)] l_pix: 1.4301e-01 l_lpips: 1.3940e-01 
2026-07-28 06:36:58,462 INFO: [000_U..][epoch:295, iter: 236,300, lr:(2.500e-05,1.750e-05,)] [eta: 3:45:22, time (data): 0.157 (0.002)] l_pix: 1.7953e-01 l_lpips: 1.7310e-01 
2026-07-28 06:37:13,899 INFO: [000_U..][epoch:295, iter: 236,400, lr:(2.500e-05,1.750e-05,)] [eta: 3:44:59, time (data): 0.154 (0.002)] l_pix: 1.7061e-01 l_lpips: 1.6406e-01 
2026-07-28 06:37:29,637 INFO: [000_U..][epoch:295, iter: 236,500, lr:(2.500e-05,1.750e-05,)] [eta: 3:44:36, time (data): 0.157 (0.002)] l_pix: 2.7302e-01 l_lpips: 2.4756e-01 
2026-07-28 06:37:46,315 INFO: [000_U..][epoch:295, iter: 236,600, lr:(2.500e-05,1.750e-05,)] [eta: 3:44:14, time (data): 0.172 (0.002)] l_pix: 1.5886e-01 l_lpips: 1.5295e-01 
2026-07-28 06:38:02,809 INFO: [000_U..][epoch:295, iter: 236,700, lr:(2.500e-05,1.750e-05,)] [eta: 3:43:51, time (data): 0.166 (0.002)] l_pix: 2.1718e-01 l_lpips: 2.1289e-01 
2026-07-28 06:38:19,328 INFO: [000_U..][epoch:295, iter: 236,800, lr:(2.500e-05,1.750e-05,)] [eta: 3:43:29, time (data): 0.168 (0.002)] l_pix: 5.4921e-02 l_lpips: 5.3650e-02 
2026-07-28 06:38:35,200 INFO: [000_U..][epoch:296, iter: 236,900, lr:(2.500e-05,1.750e-05,)] [eta: 3:43:06, time (data): 0.160 (0.003)] l_pix: 2.3857e-01 l_lpips: 2.3425e-01 
2026-07-28 06:38:50,641 INFO: [000_U..][epoch:296, iter: 237,000, lr:(2.500e-05,1.750e-05,)] [eta: 3:42:43, time (data): 0.154 (0.002)] l_pix: 1.2989e-01 l_lpips: 1.2903e-01 
2026-07-28 06:39:06,340 INFO: [000_U..][epoch:296, iter: 237,100, lr:(2.500e-05,1.750e-05,)] [eta: 3:42:21, time (data): 0.156 (0.002)] l_pix: 2.2504e-01 l_lpips: 2.1704e-01 
2026-07-28 06:39:22,047 INFO: [000_U..][epoch:296, iter: 237,200, lr:(2.500e-05,1.750e-05,)] [eta: 3:41:58, time (data): 0.160 (0.002)] l_pix: 8.6371e-02 l_lpips: 8.4595e-02 
2026-07-28 06:39:38,071 INFO: [000_U..][epoch:296, iter: 237,300, lr:(2.500e-05,1.750e-05,)] [eta: 3:41:35, time (data): 0.160 (0.002)] l_pix: 1.6939e-01 l_lpips: 1.6724e-01 
2026-07-28 06:39:54,076 INFO: [000_U..][epoch:296, iter: 237,400, lr:(2.500e-05,1.750e-05,)] [eta: 3:41:13, time (data): 0.160 (0.002)] l_pix: 6.6823e-02 l_lpips: 6.2683e-02 
2026-07-28 06:40:10,227 INFO: [000_U..][epoch:296, iter: 237,500, lr:(2.500e-05,1.750e-05,)] [eta: 3:40:50, time (data): 0.161 (0.002)] l_pix: 2.3651e-01 l_lpips: 2.2949e-01 
2026-07-28 06:40:26,551 INFO: [000_U..][epoch:296, iter: 237,600, lr:(2.500e-05,1.750e-05,)] [eta: 3:40:28, time (data): 0.168 (0.002)] l_pix: 8.1526e-02 l_lpips: 8.0017e-02 
2026-07-28 06:40:43,185 INFO: [000_U..][epoch:297, iter: 237,700, lr:(2.500e-05,1.750e-05,)] [eta: 3:40:05, time (data): 0.166 (0.004)] l_pix: 1.3302e-01 l_lpips: 1.2744e-01 
2026-07-28 06:40:59,760 INFO: [000_U..][epoch:297, iter: 237,800, lr:(2.500e-05,1.750e-05,)] [eta: 3:39:43, time (data): 0.167 (0.002)] l_pix: 2.3322e-01 l_lpips: 2.2241e-01 
2026-07-28 06:41:16,278 INFO: [000_U..][epoch:297, iter: 237,900, lr:(2.500e-05,1.750e-05,)] [eta: 3:39:21, time (data): 0.165 (0.002)] l_pix: 2.2496e-01 l_lpips: 2.0435e-01 
2026-07-28 06:41:32,595 INFO: [000_U..][epoch:297, iter: 238,000, lr:(2.500e-05,1.750e-05,)] [eta: 3:38:58, time (data): 0.160 (0.002)] l_pix: 2.5430e-01 l_lpips: 2.3535e-01 
2026-07-28 06:41:48,515 INFO: [000_U..][epoch:297, iter: 238,100, lr:(2.500e-05,1.750e-05,)] [eta: 3:38:36, time (data): 0.159 (0.002)] l_pix: 2.1618e-01 l_lpips: 2.0337e-01 
2026-07-28 06:42:04,307 INFO: [000_U..][epoch:297, iter: 238,200, lr:(2.500e-05,1.750e-05,)] [eta: 3:38:13, time (data): 0.157 (0.002)] l_pix: 1.5824e-01 l_lpips: 1.4417e-01 
2026-07-28 06:42:20,072 INFO: [000_U..][epoch:297, iter: 238,300, lr:(2.500e-05,1.750e-05,)] [eta: 3:37:50, time (data): 0.158 (0.002)] l_pix: 4.1798e-02 l_lpips: 3.9062e-02 
2026-07-28 06:42:35,815 INFO: [000_U..][epoch:297, iter: 238,400, lr:(2.500e-05,1.750e-05,)] [eta: 3:37:28, time (data): 0.157 (0.002)] l_pix: 2.0363e-01 l_lpips: 1.9824e-01 
2026-07-28 06:42:51,868 INFO: [000_U..][epoch:298, iter: 238,500, lr:(2.500e-05,1.750e-05,)] [eta: 3:37:05, time (data): 0.160 (0.003)] l_pix: 2.2709e-01 l_lpips: 2.2192e-01 
2026-07-28 06:43:08,283 INFO: [000_U..][epoch:298, iter: 238,600, lr:(2.500e-05,1.750e-05,)] [eta: 3:36:43, time (data): 0.169 (0.002)] l_pix: 1.9330e-01 l_lpips: 1.9128e-01 
2026-07-28 06:43:25,182 INFO: [000_U..][epoch:298, iter: 238,700, lr:(2.500e-05,1.750e-05,)] [eta: 3:36:21, time (data): 0.169 (0.002)] l_pix: 2.1875e-01 l_lpips: 2.1082e-01 
2026-07-28 06:43:41,849 INFO: [000_U..][epoch:298, iter: 238,800, lr:(2.500e-05,1.750e-05,)] [eta: 3:35:58, time (data): 0.163 (0.002)] l_pix: 7.6430e-02 l_lpips: 7.3425e-02 
2026-07-28 06:43:58,176 INFO: [000_U..][epoch:298, iter: 238,900, lr:(2.500e-05,1.750e-05,)] [eta: 3:35:36, time (data): 0.163 (0.002)] l_pix: 3.0102e-01 l_lpips: 2.8857e-01 
2026-07-28 06:44:14,603 INFO: [000_U..][epoch:298, iter: 239,000, lr:(2.500e-05,1.750e-05,)] [eta: 3:35:13, time (data): 0.163 (0.002)] l_pix: 2.9101e-01 l_lpips: 2.7441e-01 
2026-07-28 06:44:30,990 INFO: [000_U..][epoch:298, iter: 239,100, lr:(2.500e-05,1.750e-05,)] [eta: 3:34:51, time (data): 0.164 (0.002)] l_pix: 8.7324e-02 l_lpips: 8.5876e-02 
2026-07-28 06:44:47,103 INFO: [000_U..][epoch:298, iter: 239,200, lr:(2.500e-05,1.750e-05,)] [eta: 3:34:29, time (data): 0.162 (0.002)] l_pix: 2.3035e-01 l_lpips: 2.0825e-01 
2026-07-28 06:45:03,598 INFO: [000_U..][epoch:299, iter: 239,300, lr:(2.500e-05,1.750e-05,)] [eta: 3:34:06, time (data): 0.165 (0.004)] l_pix: 2.5189e-01 l_lpips: 2.4438e-01 
2026-07-28 06:45:19,791 INFO: [000_U..][epoch:299, iter: 239,400, lr:(2.500e-05,1.750e-05,)] [eta: 3:33:44, time (data): 0.161 (0.002)] l_pix: 2.7864e-01 l_lpips: 2.6709e-01 
2026-07-28 06:45:36,365 INFO: [000_U..][epoch:299, iter: 239,500, lr:(2.500e-05,1.750e-05,)] [eta: 3:33:22, time (data): 0.165 (0.002)] l_pix: 1.2354e-01 l_lpips: 1.1743e-01 
2026-07-28 06:45:52,939 INFO: [000_U..][epoch:299, iter: 239,600, lr:(2.500e-05,1.750e-05,)] [eta: 3:32:59, time (data): 0.161 (0.002)] l_pix: 8.7303e-02 l_lpips: 8.3252e-02 
2026-07-28 06:46:09,314 INFO: [000_U..][epoch:299, iter: 239,700, lr:(2.500e-05,1.750e-05,)] [eta: 3:32:37, time (data): 0.164 (0.002)] l_pix: 2.6019e-01 l_lpips: 2.4341e-01 
2026-07-28 06:46:25,563 INFO: [000_U..][epoch:299, iter: 239,800, lr:(2.500e-05,1.750e-05,)] [eta: 3:32:14, time (data): 0.165 (0.002)] l_pix: 1.7280e-01 l_lpips: 1.6211e-01 
2026-07-28 06:46:41,878 INFO: [000_U..][epoch:299, iter: 239,900, lr:(2.500e-05,1.750e-05,)] [eta: 3:31:52, time (data): 0.163 (0.002)] l_pix: 1.2528e-01 l_lpips: 1.2048e-01 
2026-07-28 06:46:58,239 INFO: [000_U..][epoch:299, iter: 240,000, lr:(2.500e-05,1.750e-05,)] [eta: 3:31:30, time (data): 0.163 (0.003)] l_pix: 2.3780e-01 l_lpips: 2.2510e-01 
2026-07-28 06:46:58,239 INFO: Saving models and training states.
2026-07-28 06:51:33,268 INFO: Validation RealSRV3
	 # psnr: 25.0399	Best: 25.2333 @ 215000 iter
	 # ssim: 0.7000	Best: 0.7009 @ 205000 iter
	 # lpips: 0.3639	Best: 0.3527 @ 120000 iter

2026-07-28 06:51:49,128 INFO: [000_U..][epoch:300, iter: 240,100, lr:(2.500e-05,1.750e-05,)] [eta: 3:32:16, time (data): 0.159 (0.004)] l_pix: 7.0614e-02 l_lpips: 6.9458e-02 
2026-07-28 06:52:04,712 INFO: [000_U..][epoch:300, iter: 240,200, lr:(2.500e-05,1.750e-05,)] [eta: 3:31:53, time (data): 0.155 (0.002)] l_pix: 2.3785e-01 l_lpips: 2.2681e-01 
2026-07-28 06:52:20,768 INFO: [000_U..][epoch:300, iter: 240,300, lr:(2.500e-05,1.750e-05,)] [eta: 3:31:31, time (data): 0.160 (0.002)] l_pix: 1.8127e-01 l_lpips: 1.7712e-01 
2026-07-28 06:52:37,489 INFO: [000_U..][epoch:300, iter: 240,400, lr:(2.500e-05,1.750e-05,)] [eta: 3:31:08, time (data): 0.162 (0.002)] l_pix: 4.7489e-02 l_lpips: 4.5471e-02 
2026-07-28 06:52:53,586 INFO: [000_U..][epoch:300, iter: 240,500, lr:(2.500e-05,1.750e-05,)] [eta: 3:30:46, time (data): 0.161 (0.002)] l_pix: 1.7872e-01 l_lpips: 1.7700e-01 
2026-07-28 06:53:10,232 INFO: [000_U..][epoch:300, iter: 240,600, lr:(2.500e-05,1.750e-05,)] [eta: 3:30:23, time (data): 0.162 (0.002)] l_pix: 3.6696e-02 l_lpips: 3.4729e-02 
2026-07-28 06:53:26,577 INFO: [000_U..][epoch:300, iter: 240,700, lr:(2.500e-05,1.750e-05,)] [eta: 3:30:01, time (data): 0.163 (0.002)] l_pix: 2.8559e-01 l_lpips: 2.6025e-01 
2026-07-28 06:53:42,898 INFO: [000_U..][epoch:300, iter: 240,800, lr:(2.500e-05,1.750e-05,)] [eta: 3:29:38, time (data): 0.162 (0.002)] l_pix: 5.8760e-02 l_lpips: 5.4443e-02 
2026-07-28 06:53:58,894 INFO: [000_U..][epoch:301, iter: 240,900, lr:(2.500e-05,1.750e-05,)] [eta: 3:29:16, time (data): 0.160 (0.004)] l_pix: 1.2830e-01 l_lpips: 1.2354e-01 
2026-07-28 06:54:14,454 INFO: [000_U..][epoch:301, iter: 241,000, lr:(2.500e-05,1.750e-05,)] [eta: 3:28:53, time (data): 0.157 (0.002)] l_pix: 1.5538e-01 l_lpips: 1.4844e-01 
2026-07-28 06:54:30,335 INFO: [000_U..][epoch:301, iter: 241,100, lr:(2.500e-05,1.750e-05,)] [eta: 3:28:31, time (data): 0.159 (0.002)] l_pix: 1.5288e-01 l_lpips: 1.4819e-01 
2026-07-28 06:54:46,230 INFO: [000_U..][epoch:301, iter: 241,200, lr:(2.500e-05,1.750e-05,)] [eta: 3:28:08, time (data): 0.159 (0.002)] l_pix: 1.1851e-01 l_lpips: 1.1627e-01 
2026-07-28 06:55:02,048 INFO: [000_U..][epoch:301, iter: 241,300, lr:(2.500e-05,1.750e-05,)] [eta: 3:27:46, time (data): 0.158 (0.002)] l_pix: 2.6423e-01 l_lpips: 2.4536e-01 
2026-07-28 06:55:17,628 INFO: [000_U..][epoch:301, iter: 241,400, lr:(2.500e-05,1.750e-05,)] [eta: 3:27:23, time (data): 0.157 (0.002)] l_pix: 1.3039e-01 l_lpips: 1.2781e-01 
2026-07-28 06:55:33,162 INFO: [000_U..][epoch:301, iter: 241,500, lr:(2.500e-05,1.750e-05,)] [eta: 3:27:00, time (data): 0.155 (0.002)] l_pix: 8.9166e-02 l_lpips: 8.7280e-02 
2026-07-28 06:55:48,724 INFO: [000_U..][epoch:301, iter: 241,600, lr:(2.500e-05,1.750e-05,)] [eta: 3:26:38, time (data): 0.155 (0.002)] l_pix: 5.0876e-02 l_lpips: 4.7943e-02 
2026-07-28 06:56:04,704 INFO: [000_U..][epoch:302, iter: 241,700, lr:(2.500e-05,1.750e-05,)] [eta: 3:26:15, time (data): 0.157 (0.002)] l_pix: 1.4472e-01 l_lpips: 1.3831e-01 
2026-07-28 06:56:19,990 INFO: [000_U..][epoch:302, iter: 241,800, lr:(2.500e-05,1.750e-05,)] [eta: 3:25:53, time (data): 0.155 (0.002)] l_pix: 1.2383e-01 l_lpips: 1.2054e-01 
2026-07-28 06:56:35,286 INFO: [000_U..][epoch:302, iter: 241,900, lr:(2.500e-05,1.750e-05,)] [eta: 3:25:30, time (data): 0.153 (0.002)] l_pix: 2.0039e-01 l_lpips: 1.8445e-01 
2026-07-28 06:56:50,586 INFO: [000_U..][epoch:302, iter: 242,000, lr:(2.500e-05,1.750e-05,)] [eta: 3:25:07, time (data): 0.153 (0.002)] l_pix: 2.2526e-01 l_lpips: 2.1704e-01 
2026-07-28 06:57:06,529 INFO: [000_U..][epoch:302, iter: 242,100, lr:(2.500e-05,1.750e-05,)] [eta: 3:24:45, time (data): 0.160 (0.002)] l_pix: 1.8385e-01 l_lpips: 1.6418e-01 
2026-07-28 06:57:22,510 INFO: [000_U..][epoch:302, iter: 242,200, lr:(2.500e-05,1.750e-05,)] [eta: 3:24:22, time (data): 0.160 (0.002)] l_pix: 1.5501e-01 l_lpips: 1.4001e-01 
2026-07-28 06:57:38,502 INFO: [000_U..][epoch:302, iter: 242,300, lr:(2.500e-05,1.750e-05,)] [eta: 3:24:00, time (data): 0.160 (0.002)] l_pix: 1.6708e-01 l_lpips: 1.5845e-01 
2026-07-28 06:57:54,820 INFO: [000_U..][epoch:302, iter: 242,400, lr:(2.500e-05,1.750e-05,)] [eta: 3:23:38, time (data): 0.162 (0.002)] l_pix: 3.6898e-02 l_lpips: 3.4912e-02 
2026-07-28 06:58:11,277 INFO: [000_U..][epoch:303, iter: 242,500, lr:(2.500e-05,1.750e-05,)] [eta: 3:23:15, time (data): 0.162 (0.002)] l_pix: 2.2728e-01 l_lpips: 2.0898e-01 
2026-07-28 06:58:27,427 INFO: [000_U..][epoch:303, iter: 242,600, lr:(2.500e-05,1.750e-05,)] [eta: 3:22:53, time (data): 0.162 (0.002)] l_pix: 8.8119e-02 l_lpips: 8.5693e-02 
2026-07-28 06:58:43,747 INFO: [000_U..][epoch:303, iter: 242,700, lr:(2.500e-05,1.750e-05,)] [eta: 3:22:30, time (data): 0.163 (0.002)] l_pix: 6.6691e-02 l_lpips: 6.2988e-02 
2026-07-28 06:58:59,960 INFO: [000_U..][epoch:303, iter: 242,800, lr:(2.500e-05,1.750e-05,)] [eta: 3:22:08, time (data): 0.163 (0.002)] l_pix: 2.1248e-01 l_lpips: 2.0312e-01 
2026-07-28 06:59:16,201 INFO: [000_U..][epoch:303, iter: 242,900, lr:(2.500e-05,1.750e-05,)] [eta: 3:21:46, time (data): 0.162 (0.002)] l_pix: 2.5765e-01 l_lpips: 2.3499e-01 
2026-07-28 06:59:32,383 INFO: [000_U..][epoch:303, iter: 243,000, lr:(2.500e-05,1.750e-05,)] [eta: 3:21:23, time (data): 0.162 (0.002)] l_pix: 2.1069e-01 l_lpips: 1.9885e-01 
2026-07-28 06:59:48,581 INFO: [000_U..][epoch:303, iter: 243,100, lr:(2.500e-05,1.750e-05,)] [eta: 3:21:01, time (data): 0.162 (0.002)] l_pix: 3.1753e-01 l_lpips: 2.6489e-01 
2026-07-28 07:00:04,775 INFO: [000_U..][epoch:303, iter: 243,200, lr:(2.500e-05,1.750e-05,)] [eta: 3:20:39, time (data): 0.162 (0.002)] l_pix: 1.9687e-01 l_lpips: 1.8774e-01 
2026-07-28 07:00:21,199 INFO: [000_U..][epoch:304, iter: 243,300, lr:(2.500e-05,1.750e-05,)] [eta: 3:20:16, time (data): 0.162 (0.002)] l_pix: 1.3811e-01 l_lpips: 1.3574e-01 
2026-07-28 07:00:37,021 INFO: [000_U..][epoch:304, iter: 243,400, lr:(2.500e-05,1.750e-05,)] [eta: 3:19:54, time (data): 0.160 (0.002)] l_pix: 1.7361e-01 l_lpips: 1.6675e-01 
2026-07-28 07:00:52,863 INFO: [000_U..][epoch:304, iter: 243,500, lr:(2.500e-05,1.750e-05,)] [eta: 3:19:31, time (data): 0.158 (0.002)] l_pix: 7.8356e-02 l_lpips: 7.7026e-02 
2026-07-28 07:01:08,628 INFO: [000_U..][epoch:304, iter: 243,600, lr:(2.500e-05,1.750e-05,)] [eta: 3:19:09, time (data): 0.158 (0.002)] l_pix: 2.0808e-01 l_lpips: 1.9885e-01 
2026-07-28 07:01:24,714 INFO: [000_U..][epoch:304, iter: 243,700, lr:(2.500e-05,1.750e-05,)] [eta: 3:18:47, time (data): 0.161 (0.002)] l_pix: 6.2379e-02 l_lpips: 6.0730e-02 
2026-07-28 07:01:40,549 INFO: [000_U..][epoch:304, iter: 243,800, lr:(2.500e-05,1.750e-05,)] [eta: 3:18:24, time (data): 0.160 (0.002)] l_pix: 2.6167e-01 l_lpips: 2.4841e-01 
2026-07-28 07:01:56,466 INFO: [000_U..][epoch:304, iter: 243,900, lr:(2.500e-05,1.750e-05,)] [eta: 3:18:02, time (data): 0.159 (0.002)] l_pix: 2.6374e-01 l_lpips: 2.5464e-01 
2026-07-28 07:02:12,431 INFO: [000_U..][epoch:304, iter: 244,000, lr:(2.500e-05,1.750e-05,)] [eta: 3:17:39, time (data): 0.160 (0.002)] l_pix: 7.8010e-02 l_lpips: 7.6721e-02 
2026-07-28 07:02:28,099 INFO: [000_U..][epoch:305, iter: 244,100, lr:(2.500e-05,1.750e-05,)] [eta: 3:17:17, time (data): 0.154 (0.002)] l_pix: 2.5195e-01 l_lpips: 2.3755e-01 
2026-07-28 07:02:43,473 INFO: [000_U..][epoch:305, iter: 244,200, lr:(2.500e-05,1.750e-05,)] [eta: 3:16:54, time (data): 0.154 (0.002)] l_pix: 2.8698e-01 l_lpips: 2.4915e-01 
2026-07-28 07:02:58,739 INFO: [000_U..][epoch:305, iter: 244,300, lr:(2.500e-05,1.750e-05,)] [eta: 3:16:32, time (data): 0.153 (0.002)] l_pix: 1.9148e-01 l_lpips: 1.7297e-01 
2026-07-28 07:03:14,098 INFO: [000_U..][epoch:305, iter: 244,400, lr:(2.500e-05,1.750e-05,)] [eta: 3:16:09, time (data): 0.153 (0.002)] l_pix: 5.8189e-02 l_lpips: 5.4382e-02 
2026-07-28 07:03:29,451 INFO: [000_U..][epoch:305, iter: 244,500, lr:(2.500e-05,1.750e-05,)] [eta: 3:15:47, time (data): 0.154 (0.002)] l_pix: 4.9553e-02 l_lpips: 4.6448e-02 
2026-07-28 07:03:44,949 INFO: [000_U..][epoch:305, iter: 244,600, lr:(2.500e-05,1.750e-05,)] [eta: 3:15:24, time (data): 0.154 (0.002)] l_pix: 1.7929e-01 l_lpips: 1.6846e-01 
2026-07-28 07:04:00,401 INFO: [000_U..][epoch:305, iter: 244,700, lr:(2.500e-05,1.750e-05,)] [eta: 3:15:02, time (data): 0.154 (0.002)] l_pix: 3.5919e-02 l_lpips: 3.3966e-02 
2026-07-28 07:04:15,745 INFO: [000_U..][epoch:305, iter: 244,800, lr:(2.500e-05,1.750e-05,)] [eta: 3:14:40, time (data): 0.154 (0.002)] l_pix: 2.4171e-01 l_lpips: 2.3364e-01 
2026-07-28 07:04:31,669 INFO: [000_U..][epoch:306, iter: 244,900, lr:(2.500e-05,1.750e-05,)] [eta: 3:14:17, time (data): 0.157 (0.002)] l_pix: 1.7364e-01 l_lpips: 1.6602e-01 
2026-07-28 07:04:47,593 INFO: [000_U..][epoch:306, iter: 245,000, lr:(2.500e-05,1.750e-05,)] [eta: 3:13:55, time (data): 0.158 (0.002)] l_pix: 7.3460e-02 l_lpips: 7.0923e-02 
2026-07-28 07:09:16,483 INFO: Validation RealSRV3
	 # psnr: 25.1267	Best: 25.2333 @ 215000 iter
	 # ssim: 0.7009	Best: 0.7009 @ 205000 iter
	 # lpips: 0.3652	Best: 0.3527 @ 120000 iter

2026-07-28 07:09:32,357 INFO: [000_U..][epoch:306, iter: 245,100, lr:(2.500e-05,1.750e-05,)] [eta: 3:14:33, time (data): 0.159 (0.002)] l_pix: 8.5554e-02 l_lpips: 8.3984e-02 
2026-07-28 07:09:47,767 INFO: [000_U..][epoch:306, iter: 245,200, lr:(2.500e-05,1.750e-05,)] [eta: 3:14:10, time (data): 0.156 (0.002)] l_pix: 1.8165e-01 l_lpips: 1.7480e-01 
2026-07-28 07:10:03,109 INFO: [000_U..][epoch:306, iter: 245,300, lr:(2.500e-05,1.750e-05,)] [eta: 3:13:48, time (data): 0.153 (0.002)] l_pix: 1.9683e-01 l_lpips: 1.7786e-01 
2026-07-28 07:10:18,465 INFO: [000_U..][epoch:306, iter: 245,400, lr:(2.500e-05,1.750e-05,)] [eta: 3:13:25, time (data): 0.153 (0.002)] l_pix: 1.7545e-01 l_lpips: 1.6003e-01 
2026-07-28 07:10:33,871 INFO: [000_U..][epoch:306, iter: 245,500, lr:(2.500e-05,1.750e-05,)] [eta: 3:13:02, time (data): 0.153 (0.002)] l_pix: 6.9568e-02 l_lpips: 6.7749e-02 
2026-07-28 07:10:49,244 INFO: [000_U..][epoch:306, iter: 245,600, lr:(2.500e-05,1.750e-05,)] [eta: 3:12:40, time (data): 0.154 (0.002)] l_pix: 2.0905e-01 l_lpips: 1.9995e-01 
2026-07-28 07:11:05,291 INFO: [000_U..][epoch:307, iter: 245,700, lr:(2.500e-05,1.750e-05,)] [eta: 3:12:18, time (data): 0.157 (0.002)] l_pix: 2.5233e-01 l_lpips: 2.4292e-01 
2026-07-28 07:11:20,719 INFO: [000_U..][epoch:307, iter: 245,800, lr:(2.500e-05,1.750e-05,)] [eta: 3:11:55, time (data): 0.156 (0.002)] l_pix: 1.4816e-01 l_lpips: 1.4417e-01 
2026-07-28 07:11:36,127 INFO: [000_U..][epoch:307, iter: 245,900, lr:(2.500e-05,1.750e-05,)] [eta: 3:11:32, time (data): 0.154 (0.002)] l_pix: 5.4692e-02 l_lpips: 5.1361e-02 
2026-07-28 07:11:51,547 INFO: [000_U..][epoch:307, iter: 246,000, lr:(2.500e-05,1.750e-05,)] [eta: 3:11:10, time (data): 0.154 (0.002)] l_pix: 1.4833e-01 l_lpips: 1.4490e-01 
2026-07-28 07:12:06,902 INFO: [000_U..][epoch:307, iter: 246,100, lr:(2.500e-05,1.750e-05,)] [eta: 3:10:47, time (data): 0.154 (0.002)] l_pix: 1.7898e-01 l_lpips: 1.7346e-01 
2026-07-28 07:12:22,250 INFO: [000_U..][epoch:307, iter: 246,200, lr:(2.500e-05,1.750e-05,)] [eta: 3:10:25, time (data): 0.154 (0.002)] l_pix: 2.1869e-01 l_lpips: 2.0044e-01 
2026-07-28 07:12:37,590 INFO: [000_U..][epoch:307, iter: 246,300, lr:(2.500e-05,1.750e-05,)] [eta: 3:10:02, time (data): 0.153 (0.002)] l_pix: 3.6201e-02 l_lpips: 3.4149e-02 
2026-07-28 07:12:52,905 INFO: [000_U..][epoch:307, iter: 246,400, lr:(2.500e-05,1.750e-05,)] [eta: 3:09:40, time (data): 0.153 (0.002)] l_pix: 4.2805e-02 l_lpips: 4.0375e-02 
2026-07-28 07:13:08,759 INFO: [000_U..][epoch:308, iter: 246,500, lr:(2.500e-05,1.750e-05,)] [eta: 3:09:17, time (data): 0.156 (0.002)] l_pix: 2.4630e-01 l_lpips: 2.1326e-01 
2026-07-28 07:13:24,401 INFO: [000_U..][epoch:308, iter: 246,600, lr:(2.500e-05,1.750e-05,)] [eta: 3:08:55, time (data): 0.156 (0.002)] l_pix: 3.6719e-02 l_lpips: 3.4546e-02 
2026-07-28 07:13:40,080 INFO: [000_U..][epoch:308, iter: 246,700, lr:(2.500e-05,1.750e-05,)] [eta: 3:08:33, time (data): 0.158 (0.002)] l_pix: 6.2552e-02 l_lpips: 5.5664e-02 
2026-07-28 07:13:56,227 INFO: [000_U..][epoch:308, iter: 246,800, lr:(2.500e-05,1.750e-05,)] [eta: 3:08:10, time (data): 0.160 (0.002)] l_pix: 1.1427e-01 l_lpips: 1.1230e-01 
2026-07-28 07:14:11,790 INFO: [000_U..][epoch:308, iter: 246,900, lr:(2.500e-05,1.750e-05,)] [eta: 3:07:48, time (data): 0.156 (0.002)] l_pix: 2.0755e-01 l_lpips: 1.9922e-01 
2026-07-28 07:14:27,132 INFO: [000_U..][epoch:308, iter: 247,000, lr:(2.500e-05,1.750e-05,)] [eta: 3:07:25, time (data): 0.154 (0.002)] l_pix: 1.8331e-01 l_lpips: 1.7847e-01 
2026-07-28 07:14:42,471 INFO: [000_U..][epoch:308, iter: 247,100, lr:(2.500e-05,1.750e-05,)] [eta: 3:07:03, time (data): 0.154 (0.002)] l_pix: 1.7769e-01 l_lpips: 1.7554e-01 
2026-07-28 07:14:57,849 INFO: [000_U..][epoch:308, iter: 247,200, lr:(2.500e-05,1.750e-05,)] [eta: 3:06:40, time (data): 0.154 (0.002)] l_pix: 1.7000e-01 l_lpips: 1.6699e-01 
2026-07-28 07:15:13,889 INFO: [000_U..][epoch:309, iter: 247,300, lr:(2.500e-05,1.750e-05,)] [eta: 3:06:18, time (data): 0.155 (0.002)] l_pix: 5.9478e-02 l_lpips: 5.2856e-02 
2026-07-28 07:15:29,422 INFO: [000_U..][epoch:309, iter: 247,400, lr:(2.500e-05,1.750e-05,)] [eta: 3:05:56, time (data): 0.155 (0.002)] l_pix: 1.7965e-01 l_lpips: 1.7737e-01 
2026-07-28 07:15:45,065 INFO: [000_U..][epoch:309, iter: 247,500, lr:(2.500e-05,1.750e-05,)] [eta: 3:05:33, time (data): 0.157 (0.002)] l_pix: 1.5235e-01 l_lpips: 1.4771e-01 
2026-07-28 07:16:00,990 INFO: [000_U..][epoch:309, iter: 247,600, lr:(2.500e-05,1.750e-05,)] [eta: 3:05:11, time (data): 0.158 (0.002)] l_pix: 1.9285e-02 l_lpips: 1.7090e-02 
2026-07-28 07:16:16,622 INFO: [000_U..][epoch:309, iter: 247,700, lr:(2.500e-05,1.750e-05,)] [eta: 3:04:49, time (data): 0.155 (0.002)] l_pix: 2.5580e-02 l_lpips: 2.3956e-02 
2026-07-28 07:16:32,079 INFO: [000_U..][epoch:309, iter: 247,800, lr:(2.500e-05,1.750e-05,)] [eta: 3:04:26, time (data): 0.155 (0.002)] l_pix: 4.3959e-02 l_lpips: 4.0558e-02 
2026-07-28 07:16:47,557 INFO: [000_U..][epoch:309, iter: 247,900, lr:(2.500e-05,1.750e-05,)] [eta: 3:04:04, time (data): 0.156 (0.002)] l_pix: 2.8468e-01 l_lpips: 2.7100e-01 
2026-07-28 07:17:03,492 INFO: [000_U..][epoch:309, iter: 248,000, lr:(2.500e-05,1.750e-05,)] [eta: 3:03:41, time (data): 0.158 (0.002)] l_pix: 1.3981e-01 l_lpips: 1.3538e-01 
2026-07-28 07:17:19,159 INFO: [000_U..][epoch:310, iter: 248,100, lr:(2.500e-05,1.750e-05,)] [eta: 3:03:19, time (data): 0.153 (0.002)] l_pix: 1.0217e-01 l_lpips: 9.9365e-02 
2026-07-28 07:17:34,776 INFO: [000_U..][epoch:310, iter: 248,200, lr:(2.500e-05,1.750e-05,)] [eta: 3:02:57, time (data): 0.155 (0.002)] l_pix: 2.0627e-01 l_lpips: 1.9189e-01 
2026-07-28 07:17:50,195 INFO: [000_U..][epoch:310, iter: 248,300, lr:(2.500e-05,1.750e-05,)] [eta: 3:02:34, time (data): 0.153 (0.002)] l_pix: 1.4915e-01 l_lpips: 1.4478e-01 
2026-07-28 07:18:05,447 INFO: [000_U..][epoch:310, iter: 248,400, lr:(2.500e-05,1.750e-05,)] [eta: 3:02:12, time (data): 0.153 (0.002)] l_pix: 1.7411e-01 l_lpips: 1.7310e-01 
2026-07-28 07:18:20,714 INFO: [000_U..][epoch:310, iter: 248,500, lr:(2.500e-05,1.750e-05,)] [eta: 3:01:49, time (data): 0.153 (0.002)] l_pix: 2.3707e-01 l_lpips: 2.0435e-01 
2026-07-28 07:18:35,998 INFO: [000_U..][epoch:310, iter: 248,600, lr:(2.500e-05,1.750e-05,)] [eta: 3:01:27, time (data): 0.153 (0.002)] l_pix: 7.1134e-02 l_lpips: 6.9031e-02 
2026-07-28 07:18:51,300 INFO: [000_U..][epoch:310, iter: 248,700, lr:(2.500e-05,1.750e-05,)] [eta: 3:01:05, time (data): 0.153 (0.002)] l_pix: 1.2583e-01 l_lpips: 1.2036e-01 
2026-07-28 07:19:06,775 INFO: [000_U..][epoch:310, iter: 248,800, lr:(2.500e-05,1.750e-05,)] [eta: 3:00:42, time (data): 0.154 (0.002)] l_pix: 1.7553e-01 l_lpips: 1.7017e-01 
2026-07-28 07:19:22,601 INFO: [000_U..][epoch:311, iter: 248,900, lr:(2.500e-05,1.750e-05,)] [eta: 3:00:20, time (data): 0.154 (0.002)] l_pix: 1.7651e-01 l_lpips: 1.7383e-01 
2026-07-28 07:19:37,917 INFO: [000_U..][epoch:311, iter: 249,000, lr:(2.500e-05,1.750e-05,)] [eta: 2:59:58, time (data): 0.154 (0.002)] l_pix: 1.3989e-01 l_lpips: 1.3818e-01 
2026-07-28 07:19:53,467 INFO: [000_U..][epoch:311, iter: 249,100, lr:(2.500e-05,1.750e-05,)] [eta: 2:59:35, time (data): 0.157 (0.002)] l_pix: 2.1055e-01 l_lpips: 2.0483e-01 
2026-07-28 07:20:09,296 INFO: [000_U..][epoch:311, iter: 249,200, lr:(2.500e-05,1.750e-05,)] [eta: 2:59:13, time (data): 0.158 (0.002)] l_pix: 6.6973e-02 l_lpips: 6.5674e-02 
2026-07-28 07:20:24,943 INFO: [000_U..][epoch:311, iter: 249,300, lr:(2.500e-05,1.750e-05,)] [eta: 2:58:51, time (data): 0.156 (0.002)] l_pix: 1.4936e-01 l_lpips: 1.4697e-01 
2026-07-28 07:20:40,295 INFO: [000_U..][epoch:311, iter: 249,400, lr:(2.500e-05,1.750e-05,)] [eta: 2:58:28, time (data): 0.154 (0.002)] l_pix: 2.0038e-01 l_lpips: 1.9434e-01 
2026-07-28 07:20:55,657 INFO: [000_U..][epoch:311, iter: 249,500, lr:(2.500e-05,1.750e-05,)] [eta: 2:58:06, time (data): 0.154 (0.002)] l_pix: 1.2290e-01 l_lpips: 1.1853e-01 
2026-07-28 07:21:11,207 INFO: [000_U..][epoch:311, iter: 249,600, lr:(2.500e-05,1.750e-05,)] [eta: 2:57:44, time (data): 0.155 (0.002)] l_pix: 6.6442e-02 l_lpips: 6.3416e-02 
2026-07-28 07:21:27,030 INFO: [000_U..][epoch:312, iter: 249,700, lr:(2.500e-05,1.750e-05,)] [eta: 2:57:22, time (data): 0.155 (0.002)] l_pix: 2.2976e-01 l_lpips: 2.2241e-01 
2026-07-28 07:21:43,007 INFO: [000_U..][epoch:312, iter: 249,800, lr:(2.500e-05,1.750e-05,)] [eta: 2:56:59, time (data): 0.158 (0.002)] l_pix: 1.2334e-01 l_lpips: 1.2164e-01 
2026-07-28 07:21:58,638 INFO: [000_U..][epoch:312, iter: 249,900, lr:(2.500e-05,1.750e-05,)] [eta: 2:56:37, time (data): 0.156 (0.002)] l_pix: 2.7172e-01 l_lpips: 2.6221e-01 
2026-07-28 07:22:14,264 INFO: [000_U..][epoch:312, iter: 250,000, lr:(2.500e-05,1.750e-05,)] [eta: 2:56:15, time (data): 0.156 (0.002)] l_pix: 2.3961e-01 l_lpips: 2.2583e-01 
2026-07-28 07:22:14,265 INFO: Saving models and training states.
2026-07-28 07:26:49,027 INFO: Validation RealSRV3
	 # psnr: 25.2777	Best: 25.2777 @ 250000 iter
	 # ssim: 0.6988	Best: 0.7009 @ 205000 iter
	 # lpips: 0.3721	Best: 0.3527 @ 120000 iter

2026-07-28 07:27:04,440 INFO: [000_U..][epoch:312, iter: 250,100, lr:(2.500e-05,1.750e-05,)] [eta: 2:56:47, time (data): 0.153 (0.002)] l_pix: 2.0869e-01 l_lpips: 1.9421e-01 
2026-07-28 07:27:19,804 INFO: [000_U..][epoch:312, iter: 250,200, lr:(2.500e-05,1.750e-05,)] [eta: 2:56:25, time (data): 0.154 (0.002)] l_pix: 2.1589e-01 l_lpips: 2.0239e-01 
2026-07-28 07:27:35,385 INFO: [000_U..][epoch:312, iter: 250,300, lr:(2.500e-05,1.750e-05,)] [eta: 2:56:03, time (data): 0.153 (0.002)] l_pix: 2.2143e-01 l_lpips: 2.0703e-01 
2026-07-28 07:27:51,143 INFO: [000_U..][epoch:312, iter: 250,400, lr:(2.500e-05,1.750e-05,)] [eta: 2:55:40, time (data): 0.156 (0.002)] l_pix: 2.1063e-01 l_lpips: 2.0020e-01 
2026-07-28 07:28:06,746 INFO: [000_U..][epoch:313, iter: 250,500, lr:(2.500e-05,1.750e-05,)] [eta: 2:55:18, time (data): 0.153 (0.002)] l_pix: 1.6735e-01 l_lpips: 1.5063e-01 
2026-07-28 07:28:22,125 INFO: [000_U..][epoch:313, iter: 250,600, lr:(2.500e-05,1.750e-05,)] [eta: 2:54:55, time (data): 0.154 (0.002)] l_pix: 2.0495e-01 l_lpips: 1.8628e-01 
2026-07-28 07:28:37,452 INFO: [000_U..][epoch:313, iter: 250,700, lr:(2.500e-05,1.750e-05,)] [eta: 2:54:33, time (data): 0.153 (0.002)] l_pix: 2.3943e-01 l_lpips: 2.1484e-01 
2026-07-28 07:28:52,946 INFO: [000_U..][epoch:313, iter: 250,800, lr:(2.500e-05,1.750e-05,)] [eta: 2:54:11, time (data): 0.154 (0.002)] l_pix: 1.8502e-01 l_lpips: 1.7310e-01 
2026-07-28 07:29:08,427 INFO: [000_U..][epoch:313, iter: 250,900, lr:(2.500e-05,1.750e-05,)] [eta: 2:53:48, time (data): 0.156 (0.002)] l_pix: 5.5187e-02 l_lpips: 5.3894e-02 
2026-07-28 07:29:24,267 INFO: [000_U..][epoch:313, iter: 251,000, lr:(2.500e-05,1.750e-05,)] [eta: 2:53:26, time (data): 0.157 (0.002)] l_pix: 2.5297e-01 l_lpips: 2.3633e-01 
2026-07-28 07:29:40,031 INFO: [000_U..][epoch:313, iter: 251,100, lr:(2.500e-05,1.750e-05,)] [eta: 2:53:04, time (data): 0.157 (0.002)] l_pix: 1.6756e-01 l_lpips: 1.5686e-01 
2026-07-28 07:29:55,368 INFO: [000_U..][epoch:313, iter: 251,200, lr:(2.500e-05,1.750e-05,)] [eta: 2:52:41, time (data): 0.154 (0.002)] l_pix: 2.3042e-01 l_lpips: 2.1484e-01 
2026-07-28 07:30:11,008 INFO: [000_U..][epoch:314, iter: 251,300, lr:(2.500e-05,1.750e-05,)] [eta: 2:52:19, time (data): 0.154 (0.002)] l_pix: 2.9740e-01 l_lpips: 2.7271e-01 
2026-07-28 07:30:26,398 INFO: [000_U..][epoch:314, iter: 251,400, lr:(2.500e-05,1.750e-05,)] [eta: 2:51:57, time (data): 0.154 (0.002)] l_pix: 1.7598e-01 l_lpips: 1.7261e-01 
2026-07-28 07:30:41,720 INFO: [000_U..][epoch:314, iter: 251,500, lr:(2.500e-05,1.750e-05,)] [eta: 2:51:34, time (data): 0.153 (0.002)] l_pix: 1.0537e-01 l_lpips: 9.6680e-02 
2026-07-28 07:30:57,057 INFO: [000_U..][epoch:314, iter: 251,600, lr:(2.500e-05,1.750e-05,)] [eta: 2:51:12, time (data): 0.153 (0.002)] l_pix: 2.3682e-01 l_lpips: 2.1948e-01 
2026-07-28 07:31:12,431 INFO: [000_U..][epoch:314, iter: 251,700, lr:(2.500e-05,1.750e-05,)] [eta: 2:50:50, time (data): 0.154 (0.002)] l_pix: 1.4809e-01 l_lpips: 1.4441e-01 
2026-07-28 07:31:27,984 INFO: [000_U..][epoch:314, iter: 251,800, lr:(2.500e-05,1.750e-05,)] [eta: 2:50:27, time (data): 0.155 (0.002)] l_pix: 1.3233e-01 l_lpips: 1.2988e-01 
2026-07-28 07:31:43,298 INFO: [000_U..][epoch:314, iter: 251,900, lr:(2.500e-05,1.750e-05,)] [eta: 2:50:05, time (data): 0.153 (0.002)] l_pix: 2.2590e-01 l_lpips: 2.1228e-01 
2026-07-28 07:31:58,601 INFO: [000_U..][epoch:314, iter: 252,000, lr:(2.500e-05,1.750e-05,)] [eta: 2:49:43, time (data): 0.153 (0.002)] l_pix: 1.6186e-01 l_lpips: 1.4685e-01 
2026-07-28 07:32:14,577 INFO: [000_U..][epoch:315, iter: 252,100, lr:(2.500e-05,1.750e-05,)] [eta: 2:49:20, time (data): 0.157 (0.002)] l_pix: 4.6299e-02 l_lpips: 4.4250e-02 
2026-07-28 07:32:29,870 INFO: [000_U..][epoch:315, iter: 252,200, lr:(2.500e-05,1.750e-05,)] [eta: 2:48:58, time (data): 0.154 (0.002)] l_pix: 1.5561e-01 l_lpips: 1.4587e-01 
2026-07-28 07:32:45,152 INFO: [000_U..][epoch:315, iter: 252,300, lr:(2.500e-05,1.750e-05,)] [eta: 2:48:36, time (data): 0.152 (0.002)] l_pix: 1.2268e-01 l_lpips: 1.1951e-01 
2026-07-28 07:33:00,453 INFO: [000_U..][epoch:315, iter: 252,400, lr:(2.500e-05,1.750e-05,)] [eta: 2:48:13, time (data): 0.153 (0.002)] l_pix: 2.7266e-01 l_lpips: 2.6074e-01 
2026-07-28 07:33:15,726 INFO: [000_U..][epoch:315, iter: 252,500, lr:(2.500e-05,1.750e-05,)] [eta: 2:47:51, time (data): 0.153 (0.002)] l_pix: 2.8272e-01 l_lpips: 2.6367e-01 
2026-07-28 07:33:30,991 INFO: [000_U..][epoch:315, iter: 252,600, lr:(2.500e-05,1.750e-05,)] [eta: 2:47:29, time (data): 0.153 (0.002)] l_pix: 2.1120e-01 l_lpips: 2.0312e-01 
2026-07-28 07:33:46,239 INFO: [000_U..][epoch:315, iter: 252,700, lr:(2.500e-05,1.750e-05,)] [eta: 2:47:06, time (data): 0.153 (0.002)] l_pix: 1.7083e-01 l_lpips: 1.6418e-01 
2026-07-28 07:34:01,673 INFO: [000_U..][epoch:315, iter: 252,800, lr:(2.500e-05,1.750e-05,)] [eta: 2:46:44, time (data): 0.154 (0.002)] l_pix: 9.5201e-02 l_lpips: 9.3262e-02 
2026-07-28 07:34:17,597 INFO: [000_U..][epoch:316, iter: 252,900, lr:(2.500e-05,1.750e-05,)] [eta: 2:46:22, time (data): 0.156 (0.002)] l_pix: 2.0077e-01 l_lpips: 1.9714e-01 
2026-07-28 07:34:33,105 INFO: [000_U..][epoch:316, iter: 253,000, lr:(2.500e-05,1.750e-05,)] [eta: 2:46:00, time (data): 0.155 (0.002)] l_pix: 2.1498e-01 l_lpips: 1.9702e-01 
2026-07-28 07:34:48,399 INFO: [000_U..][epoch:316, iter: 253,100, lr:(2.500e-05,1.750e-05,)] [eta: 2:45:37, time (data): 0.153 (0.002)] l_pix: 2.1043e-01 l_lpips: 2.0483e-01 
2026-07-28 07:35:03,652 INFO: [000_U..][epoch:316, iter: 253,200, lr:(2.500e-05,1.750e-05,)] [eta: 2:45:15, time (data): 0.153 (0.002)] l_pix: 1.8530e-01 l_lpips: 1.8018e-01 
2026-07-28 07:35:19,010 INFO: [000_U..][epoch:316, iter: 253,300, lr:(2.500e-05,1.750e-05,)] [eta: 2:44:53, time (data): 0.154 (0.002)] l_pix: 8.5832e-02 l_lpips: 8.2031e-02 
2026-07-28 07:35:34,337 INFO: [000_U..][epoch:316, iter: 253,400, lr:(2.500e-05,1.750e-05,)] [eta: 2:44:31, time (data): 0.153 (0.002)] l_pix: 1.8644e-01 l_lpips: 1.6357e-01 
2026-07-28 07:35:49,712 INFO: [000_U..][epoch:316, iter: 253,500, lr:(2.500e-05,1.750e-05,)] [eta: 2:44:08, time (data): 0.154 (0.002)] l_pix: 1.6613e-01 l_lpips: 1.5967e-01 
2026-07-28 07:36:05,174 INFO: [000_U..][epoch:316, iter: 253,600, lr:(2.500e-05,1.750e-05,)] [eta: 2:43:46, time (data): 0.154 (0.002)] l_pix: 2.4717e-01 l_lpips: 2.3071e-01 
2026-07-28 07:36:20,905 INFO: [000_U..][epoch:317, iter: 253,700, lr:(2.500e-05,1.750e-05,)] [eta: 2:43:24, time (data): 0.154 (0.002)] l_pix: 2.8540e-01 l_lpips: 2.6318e-01 
2026-07-28 07:36:36,449 INFO: [000_U..][epoch:317, iter: 253,800, lr:(2.500e-05,1.750e-05,)] [eta: 2:43:02, time (data): 0.155 (0.002)] l_pix: 2.9622e-01 l_lpips: 2.7100e-01 
2026-07-28 07:36:51,810 INFO: [000_U..][epoch:317, iter: 253,900, lr:(2.500e-05,1.750e-05,)] [eta: 2:42:40, time (data): 0.154 (0.002)] l_pix: 5.4948e-02 l_lpips: 5.2612e-02 
2026-07-28 07:37:07,130 INFO: [000_U..][epoch:317, iter: 254,000, lr:(2.500e-05,1.750e-05,)] [eta: 2:42:17, time (data): 0.153 (0.002)] l_pix: 1.8105e-01 l_lpips: 1.7395e-01 
2026-07-28 07:37:22,557 INFO: [000_U..][epoch:317, iter: 254,100, lr:(2.500e-05,1.750e-05,)] [eta: 2:41:55, time (data): 0.156 (0.002)] l_pix: 1.8986e-01 l_lpips: 1.8359e-01 
2026-07-28 07:37:38,064 INFO: [000_U..][epoch:317, iter: 254,200, lr:(2.500e-05,1.750e-05,)] [eta: 2:41:33, time (data): 0.155 (0.002)] l_pix: 4.2472e-02 l_lpips: 4.0741e-02 
2026-07-28 07:37:53,697 INFO: [000_U..][epoch:317, iter: 254,300, lr:(2.500e-05,1.750e-05,)] [eta: 2:41:11, time (data): 0.160 (0.002)] l_pix: 2.5828e-01 l_lpips: 2.3108e-01 
2026-07-28 07:38:09,637 INFO: [000_U..][epoch:317, iter: 254,400, lr:(2.500e-05,1.750e-05,)] [eta: 2:40:49, time (data): 0.160 (0.002)] l_pix: 9.0834e-02 l_lpips: 8.8745e-02 
2026-07-28 07:38:25,298 INFO: [000_U..][epoch:318, iter: 254,500, lr:(2.500e-05,1.750e-05,)] [eta: 2:40:27, time (data): 0.154 (0.002)] l_pix: 2.0865e-01 l_lpips: 1.9592e-01 
2026-07-28 07:38:40,678 INFO: [000_U..][epoch:318, iter: 254,600, lr:(2.500e-05,1.750e-05,)] [eta: 2:40:04, time (data): 0.154 (0.002)] l_pix: 1.9516e-01 l_lpips: 1.8738e-01 
2026-07-28 07:38:56,137 INFO: [000_U..][epoch:318, iter: 254,700, lr:(2.500e-05,1.750e-05,)] [eta: 2:39:42, time (data): 0.158 (0.002)] l_pix: 2.3868e-01 l_lpips: 2.2974e-01 
2026-07-28 07:39:11,972 INFO: [000_U..][epoch:318, iter: 254,800, lr:(2.500e-05,1.750e-05,)] [eta: 2:39:20, time (data): 0.158 (0.002)] l_pix: 2.2343e-01 l_lpips: 2.1362e-01 
2026-07-28 07:39:27,261 INFO: [000_U..][epoch:318, iter: 254,900, lr:(2.500e-05,1.750e-05,)] [eta: 2:38:58, time (data): 0.152 (0.002)] l_pix: 5.8645e-02 l_lpips: 5.6152e-02 
2026-07-28 07:39:42,566 INFO: [000_U..][epoch:318, iter: 255,000, lr:(2.500e-05,1.750e-05,)] [eta: 2:38:36, time (data): 0.153 (0.002)] l_pix: 2.5426e-01 l_lpips: 2.4109e-01 
2026-07-28 07:44:14,774 INFO: Validation RealSRV3
	 # psnr: 25.1563	Best: 25.2777 @ 250000 iter
	 # ssim: 0.7037	Best: 0.7037 @ 255000 iter
	 # lpips: 0.3614	Best: 0.3527 @ 120000 iter

2026-07-28 07:44:30,054 INFO: [000_U..][epoch:318, iter: 255,100, lr:(2.500e-05,1.750e-05,)] [eta: 2:39:01, time (data): 0.153 (0.002)] l_pix: 1.2801e-01 l_lpips: 1.2402e-01 
2026-07-28 07:44:45,392 INFO: [000_U..][epoch:318, iter: 255,200, lr:(2.500e-05,1.750e-05,)] [eta: 2:38:39, time (data): 0.153 (0.002)] l_pix: 2.3508e-01 l_lpips: 2.3291e-01 
2026-07-28 07:45:00,993 INFO: [000_U..][epoch:319, iter: 255,300, lr:(2.500e-05,1.750e-05,)] [eta: 2:38:17, time (data): 0.154 (0.002)] l_pix: 2.0554e-01 l_lpips: 1.9580e-01 
2026-07-28 07:45:16,254 INFO: [000_U..][epoch:319, iter: 255,400, lr:(2.500e-05,1.750e-05,)] [eta: 2:37:55, time (data): 0.153 (0.002)] l_pix: 1.7484e-01 l_lpips: 1.6748e-01 
2026-07-28 07:45:31,518 INFO: [000_U..][epoch:319, iter: 255,500, lr:(2.500e-05,1.750e-05,)] [eta: 2:37:32, time (data): 0.153 (0.002)] l_pix: 2.1983e-01 l_lpips: 2.1021e-01 
2026-07-28 07:45:46,760 INFO: [000_U..][epoch:319, iter: 255,600, lr:(2.500e-05,1.750e-05,)] [eta: 2:37:10, time (data): 0.153 (0.002)] l_pix: 1.2517e-01 l_lpips: 1.2323e-01 
2026-07-28 07:46:02,021 INFO: [000_U..][epoch:319, iter: 255,700, lr:(2.500e-05,1.750e-05,)] [eta: 2:36:48, time (data): 0.154 (0.002)] l_pix: 6.5277e-02 l_lpips: 6.3232e-02 
2026-07-28 07:46:17,334 INFO: [000_U..][epoch:319, iter: 255,800, lr:(2.500e-05,1.750e-05,)] [eta: 2:36:25, time (data): 0.153 (0.002)] l_pix: 8.3360e-02 l_lpips: 8.1909e-02 
2026-07-28 07:46:32,831 INFO: [000_U..][epoch:319, iter: 255,900, lr:(2.500e-05,1.750e-05,)] [eta: 2:36:03, time (data): 0.152 (0.002)] l_pix: 1.9801e-01 l_lpips: 1.8835e-01 
2026-07-28 07:46:48,138 INFO: [000_U..][epoch:319, iter: 256,000, lr:(2.500e-05,1.750e-05,)] [eta: 2:35:41, time (data): 0.153 (0.002)] l_pix: 1.5422e-01 l_lpips: 1.4941e-01 
2026-07-28 07:47:04,016 INFO: [000_U..][epoch:320, iter: 256,100, lr:(2.500e-05,1.750e-05,)] [eta: 2:35:19, time (data): 0.156 (0.002)] l_pix: 6.0159e-03 l_lpips: 2.9335e-03 
2026-07-28 07:47:19,675 INFO: [000_U..][epoch:320, iter: 256,200, lr:(2.500e-05,1.750e-05,)] [eta: 2:34:57, time (data): 0.157 (0.002)] l_pix: 2.6578e-01 l_lpips: 2.3291e-01 
2026-07-28 07:47:35,263 INFO: [000_U..][epoch:320, iter: 256,300, lr:(2.500e-05,1.750e-05,)] [eta: 2:34:34, time (data): 0.153 (0.002)] l_pix: 8.9186e-02 l_lpips: 8.7769e-02 
2026-07-28 07:47:50,587 INFO: [000_U..][epoch:320, iter: 256,400, lr:(2.500e-05,1.750e-05,)] [eta: 2:34:12, time (data): 0.153 (0.002)] l_pix: 1.9757e-01 l_lpips: 1.8762e-01 
2026-07-28 07:48:06,167 INFO: [000_U..][epoch:320, iter: 256,500, lr:(2.500e-05,1.750e-05,)] [eta: 2:33:50, time (data): 0.161 (0.002)] l_pix: 2.2558e-01 l_lpips: 2.1460e-01 
2026-07-28 07:48:22,034 INFO: [000_U..][epoch:320, iter: 256,600, lr:(2.500e-05,1.750e-05,)] [eta: 2:33:28, time (data): 0.159 (0.002)] l_pix: 2.6250e-01 l_lpips: 2.6050e-01 
2026-07-28 07:48:38,012 INFO: [000_U..][epoch:320, iter: 256,700, lr:(2.500e-05,1.750e-05,)] [eta: 2:33:06, time (data): 0.170 (0.002)] l_pix: 2.1803e-01 l_lpips: 2.0850e-01 
2026-07-28 07:48:54,497 INFO: [000_U..][epoch:320, iter: 256,800, lr:(2.500e-05,1.750e-05,)] [eta: 2:32:44, time (data): 0.166 (0.002)] l_pix: 2.0087e-01 l_lpips: 1.8628e-01 
2026-07-28 07:49:10,573 INFO: [000_U..][epoch:321, iter: 256,900, lr:(2.500e-05,1.750e-05,)] [eta: 2:32:22, time (data): 0.155 (0.002)] l_pix: 2.3553e-01 l_lpips: 2.3022e-01 
2026-07-28 07:49:25,977 INFO: [000_U..][epoch:321, iter: 257,000, lr:(2.500e-05,1.750e-05,)] [eta: 2:32:00, time (data): 0.154 (0.002)] l_pix: 1.6516e-01 l_lpips: 1.6016e-01 
2026-07-28 07:49:41,409 INFO: [000_U..][epoch:321, iter: 257,100, lr:(2.500e-05,1.750e-05,)] [eta: 2:31:37, time (data): 0.155 (0.002)] l_pix: 2.2414e-01 l_lpips: 2.1008e-01 
2026-07-28 07:49:57,102 INFO: [000_U..][epoch:321, iter: 257,200, lr:(2.500e-05,1.750e-05,)] [eta: 2:31:15, time (data): 0.157 (0.002)] l_pix: 9.3952e-02 l_lpips: 8.0811e-02 
2026-07-28 07:50:12,759 INFO: [000_U..][epoch:321, iter: 257,300, lr:(2.500e-05,1.750e-05,)] [eta: 2:30:53, time (data): 0.156 (0.002)] l_pix: 1.8958e-01 l_lpips: 1.8079e-01 
2026-07-28 07:50:28,447 INFO: [000_U..][epoch:321, iter: 257,400, lr:(2.500e-05,1.750e-05,)] [eta: 2:30:31, time (data): 0.157 (0.002)] l_pix: 2.2894e-01 l_lpips: 2.1387e-01 
2026-07-28 07:50:43,922 INFO: [000_U..][epoch:321, iter: 257,500, lr:(2.500e-05,1.750e-05,)] [eta: 2:30:09, time (data): 0.153 (0.002)] l_pix: 1.5569e-01 l_lpips: 1.5015e-01 
2026-07-28 07:50:59,424 INFO: [000_U..][epoch:321, iter: 257,600, lr:(2.500e-05,1.750e-05,)] [eta: 2:29:47, time (data): 0.155 (0.002)] l_pix: 1.6777e-01 l_lpips: 1.6479e-01 
2026-07-28 07:51:15,064 INFO: [000_U..][epoch:322, iter: 257,700, lr:(2.500e-05,1.750e-05,)] [eta: 2:29:25, time (data): 0.154 (0.002)] l_pix: 1.0036e-01 l_lpips: 9.7046e-02 
2026-07-28 07:51:30,428 INFO: [000_U..][epoch:322, iter: 257,800, lr:(2.500e-05,1.750e-05,)] [eta: 2:29:02, time (data): 0.154 (0.002)] l_pix: 4.2570e-02 l_lpips: 4.1199e-02 
2026-07-28 07:51:45,931 INFO: [000_U..][epoch:322, iter: 257,900, lr:(2.500e-05,1.750e-05,)] [eta: 2:28:40, time (data): 0.154 (0.002)] l_pix: 2.2014e-01 l_lpips: 2.1729e-01 
2026-07-28 07:52:01,469 INFO: [000_U..][epoch:322, iter: 258,000, lr:(2.500e-05,1.750e-05,)] [eta: 2:28:18, time (data): 0.155 (0.002)] l_pix: 1.2822e-01 l_lpips: 1.2720e-01 
2026-07-28 07:52:16,798 INFO: [000_U..][epoch:322, iter: 258,100, lr:(2.500e-05,1.750e-05,)] [eta: 2:27:56, time (data): 0.152 (0.002)] l_pix: 1.7623e-01 l_lpips: 1.6724e-01 
2026-07-28 07:52:32,115 INFO: [000_U..][epoch:322, iter: 258,200, lr:(2.500e-05,1.750e-05,)] [eta: 2:27:34, time (data): 0.153 (0.002)] l_pix: 1.1942e-01 l_lpips: 1.1804e-01 
2026-07-28 07:52:47,396 INFO: [000_U..][epoch:322, iter: 258,300, lr:(2.500e-05,1.750e-05,)] [eta: 2:27:12, time (data): 0.152 (0.002)] l_pix: 2.4532e-01 l_lpips: 2.3474e-01 
2026-07-28 07:53:02,688 INFO: [000_U..][epoch:322, iter: 258,400, lr:(2.500e-05,1.750e-05,)] [eta: 2:26:50, time (data): 0.153 (0.002)] l_pix: 1.8621e-01 l_lpips: 1.8115e-01 
2026-07-28 07:53:18,464 INFO: [000_U..][epoch:323, iter: 258,500, lr:(2.500e-05,1.750e-05,)] [eta: 2:26:28, time (data): 0.154 (0.002)] l_pix: 1.3952e-01 l_lpips: 1.3513e-01 
2026-07-28 07:53:33,830 INFO: [000_U..][epoch:323, iter: 258,600, lr:(2.500e-05,1.750e-05,)] [eta: 2:26:06, time (data): 0.154 (0.002)] l_pix: 2.3836e-01 l_lpips: 2.3657e-01 
2026-07-28 07:53:49,223 INFO: [000_U..][epoch:323, iter: 258,700, lr:(2.500e-05,1.750e-05,)] [eta: 2:25:43, time (data): 0.156 (0.002)] l_pix: 2.1554e-01 l_lpips: 2.0935e-01 
2026-07-28 07:54:04,733 INFO: [000_U..][epoch:323, iter: 258,800, lr:(2.500e-05,1.750e-05,)] [eta: 2:25:21, time (data): 0.155 (0.002)] l_pix: 1.4248e-01 l_lpips: 1.3977e-01 
2026-07-28 07:54:20,429 INFO: [000_U..][epoch:323, iter: 258,900, lr:(2.500e-05,1.750e-05,)] [eta: 2:24:59, time (data): 0.155 (0.002)] l_pix: 2.0934e-01 l_lpips: 1.9666e-01 
2026-07-28 07:54:35,957 INFO: [000_U..][epoch:323, iter: 259,000, lr:(2.500e-05,1.750e-05,)] [eta: 2:24:37, time (data): 0.155 (0.002)] l_pix: 1.7668e-01 l_lpips: 1.7407e-01 
2026-07-28 07:54:51,502 INFO: [000_U..][epoch:323, iter: 259,100, lr:(2.500e-05,1.750e-05,)] [eta: 2:24:15, time (data): 0.155 (0.002)] l_pix: 1.9411e-01 l_lpips: 1.7896e-01 
2026-07-28 07:55:07,058 INFO: [000_U..][epoch:323, iter: 259,200, lr:(2.500e-05,1.750e-05,)] [eta: 2:23:53, time (data): 0.156 (0.002)] l_pix: 1.6374e-01 l_lpips: 1.5808e-01 
2026-07-28 07:55:23,178 INFO: [000_U..][epoch:324, iter: 259,300, lr:(2.500e-05,1.750e-05,)] [eta: 2:23:31, time (data): 0.159 (0.002)] l_pix: 1.0113e-01 l_lpips: 9.9060e-02 
2026-07-28 07:55:38,623 INFO: [000_U..][epoch:324, iter: 259,400, lr:(2.500e-05,1.750e-05,)] [eta: 2:23:09, time (data): 0.155 (0.002)] l_pix: 2.0282e-01 l_lpips: 1.9653e-01 
2026-07-28 07:55:54,312 INFO: [000_U..][epoch:324, iter: 259,500, lr:(2.500e-05,1.750e-05,)] [eta: 2:22:47, time (data): 0.156 (0.002)] l_pix: 1.6037e-01 l_lpips: 1.4941e-01 
2026-07-28 07:56:09,914 INFO: [000_U..][epoch:324, iter: 259,600, lr:(2.500e-05,1.750e-05,)] [eta: 2:22:25, time (data): 0.156 (0.002)] l_pix: 2.3851e-01 l_lpips: 2.2070e-01 
2026-07-28 07:56:25,598 INFO: [000_U..][epoch:324, iter: 259,700, lr:(2.500e-05,1.750e-05,)] [eta: 2:22:03, time (data): 0.155 (0.002)] l_pix: 1.5003e-01 l_lpips: 1.4673e-01 
2026-07-28 07:56:41,227 INFO: [000_U..][epoch:324, iter: 259,800, lr:(2.500e-05,1.750e-05,)] [eta: 2:21:41, time (data): 0.156 (0.002)] l_pix: 2.2515e-01 l_lpips: 2.1631e-01 
2026-07-28 07:56:57,186 INFO: [000_U..][epoch:324, iter: 259,900, lr:(2.500e-05,1.750e-05,)] [eta: 2:21:19, time (data): 0.158 (0.002)] l_pix: 2.5181e-01 l_lpips: 2.3413e-01 
2026-07-28 07:57:12,841 INFO: [000_U..][epoch:324, iter: 260,000, lr:(2.500e-05,1.750e-05,)] [eta: 2:20:57, time (data): 0.157 (0.002)] l_pix: 1.4291e-01 l_lpips: 1.4124e-01 
2026-07-28 07:57:12,841 INFO: Saving models and training states.
2026-07-28 08:01:45,146 INFO: Validation RealSRV3
	 # psnr: 25.2963	Best: 25.2963 @ 260000 iter
	 # ssim: 0.7022	Best: 0.7037 @ 255000 iter
	 # lpips: 0.3711	Best: 0.3527 @ 120000 iter

2026-07-28 08:02:00,767 INFO: [000_U..][epoch:325, iter: 260,100, lr:(2.500e-05,1.750e-05,)] [eta: 2:21:17, time (data): 0.153 (0.002)] l_pix: 5.6428e-02 l_lpips: 5.4749e-02 
2026-07-28 08:02:16,090 INFO: [000_U..][epoch:325, iter: 260,200, lr:(2.500e-05,1.750e-05,)] [eta: 2:20:55, time (data): 0.153 (0.002)] l_pix: 2.7581e-01 l_lpips: 2.7344e-01 
2026-07-28 08:02:31,435 INFO: [000_U..][epoch:325, iter: 260,300, lr:(2.500e-05,1.750e-05,)] [eta: 2:20:33, time (data): 0.153 (0.002)] l_pix: 1.3417e-01 l_lpips: 1.3123e-01 
2026-07-28 08:02:46,794 INFO: [000_U..][epoch:325, iter: 260,400, lr:(2.500e-05,1.750e-05,)] [eta: 2:20:11, time (data): 0.154 (0.002)] l_pix: 8.3712e-02 l_lpips: 7.6172e-02 
2026-07-28 08:03:02,108 INFO: [000_U..][epoch:325, iter: 260,500, lr:(2.500e-05,1.750e-05,)] [eta: 2:19:48, time (data): 0.154 (0.002)] l_pix: 2.5338e-01 l_lpips: 2.5024e-01 
2026-07-28 08:03:17,435 INFO: [000_U..][epoch:325, iter: 260,600, lr:(2.500e-05,1.750e-05,)] [eta: 2:19:26, time (data): 0.153 (0.002)] l_pix: 2.3558e-01 l_lpips: 2.1606e-01 
2026-07-28 08:03:32,761 INFO: [000_U..][epoch:325, iter: 260,700, lr:(2.500e-05,1.750e-05,)] [eta: 2:19:04, time (data): 0.152 (0.002)] l_pix: 1.5743e-01 l_lpips: 1.5601e-01 
2026-07-28 08:03:48,047 INFO: [000_U..][epoch:325, iter: 260,800, lr:(2.500e-05,1.750e-05,)] [eta: 2:18:42, time (data): 0.153 (0.002)] l_pix: 1.9438e-01 l_lpips: 1.8604e-01 
2026-07-28 08:04:04,111 INFO: [000_U..][epoch:326, iter: 260,900, lr:(2.500e-05,1.750e-05,)] [eta: 2:18:20, time (data): 0.159 (0.002)] l_pix: 3.3114e-01 l_lpips: 2.9565e-01 
2026-07-28 08:04:19,605 INFO: [000_U..][epoch:326, iter: 261,000, lr:(2.500e-05,1.750e-05,)] [eta: 2:17:58, time (data): 0.155 (0.002)] l_pix: 2.5216e-01 l_lpips: 2.2363e-01 
2026-07-28 08:04:35,087 INFO: [000_U..][epoch:326, iter: 261,100, lr:(2.500e-05,1.750e-05,)] [eta: 2:17:36, time (data): 0.156 (0.002)] l_pix: 1.7759e-01 l_lpips: 1.6992e-01 
2026-07-28 08:04:50,515 INFO: [000_U..][epoch:326, iter: 261,200, lr:(2.500e-05,1.750e-05,)] [eta: 2:17:14, time (data): 0.154 (0.002)] l_pix: 2.9258e-01 l_lpips: 2.5586e-01 
2026-07-28 08:05:05,748 INFO: [000_U..][epoch:326, iter: 261,300, lr:(2.500e-05,1.750e-05,)] [eta: 2:16:52, time (data): 0.153 (0.002)] l_pix: 2.5373e-01 l_lpips: 2.3608e-01 
2026-07-28 08:05:20,947 INFO: [000_U..][epoch:326, iter: 261,400, lr:(2.500e-05,1.750e-05,)] [eta: 2:16:30, time (data): 0.152 (0.002)] l_pix: 2.2902e-01 l_lpips: 2.1021e-01 
2026-07-28 08:05:36,214 INFO: [000_U..][epoch:326, iter: 261,500, lr:(2.500e-05,1.750e-05,)] [eta: 2:16:07, time (data): 0.152 (0.002)] l_pix: 2.0453e-01 l_lpips: 1.9214e-01 
2026-07-28 08:05:51,494 INFO: [000_U..][epoch:326, iter: 261,600, lr:(2.500e-05,1.750e-05,)] [eta: 2:15:45, time (data): 0.153 (0.002)] l_pix: 8.6317e-02 l_lpips: 8.1970e-02 
2026-07-28 08:06:07,434 INFO: [000_U..][epoch:327, iter: 261,700, lr:(2.500e-05,1.750e-05,)] [eta: 2:15:23, time (data): 0.156 (0.003)] l_pix: 2.2509e-01 l_lpips: 2.1387e-01 
2026-07-28 08:06:23,192 INFO: [000_U..][epoch:327, iter: 261,800, lr:(2.500e-05,1.750e-05,)] [eta: 2:15:01, time (data): 0.158 (0.002)] l_pix: 2.3766e-01 l_lpips: 2.3462e-01 
2026-07-28 08:06:38,889 INFO: [000_U..][epoch:327, iter: 261,900, lr:(2.500e-05,1.750e-05,)] [eta: 2:14:39, time (data): 0.157 (0.002)] l_pix: 2.8680e-01 l_lpips: 2.7490e-01 
2026-07-28 08:06:54,382 INFO: [000_U..][epoch:327, iter: 262,000, lr:(2.500e-05,1.750e-05,)] [eta: 2:14:17, time (data): 0.155 (0.002)] l_pix: 1.6504e-01 l_lpips: 1.6357e-01 
2026-07-28 08:07:09,792 INFO: [000_U..][epoch:327, iter: 262,100, lr:(2.500e-05,1.750e-05,)] [eta: 2:13:55, time (data): 0.155 (0.002)] l_pix: 5.1820e-02 l_lpips: 4.9774e-02 
2026-07-28 08:07:25,169 INFO: [000_U..][epoch:327, iter: 262,200, lr:(2.500e-05,1.750e-05,)] [eta: 2:13:33, time (data): 0.154 (0.002)] l_pix: 2.0166e-01 l_lpips: 1.9519e-01 
2026-07-28 08:07:40,787 INFO: [000_U..][epoch:327, iter: 262,300, lr:(2.500e-05,1.750e-05,)] [eta: 2:13:11, time (data): 0.155 (0.002)] l_pix: 1.5484e-01 l_lpips: 1.5051e-01 
2026-07-28 08:07:56,050 INFO: [000_U..][epoch:327, iter: 262,400, lr:(2.500e-05,1.750e-05,)] [eta: 2:12:49, time (data): 0.153 (0.002)] l_pix: 1.9234e-01 l_lpips: 1.8164e-01 
2026-07-28 08:08:11,867 INFO: [000_U..][epoch:328, iter: 262,500, lr:(2.500e-05,1.750e-05,)] [eta: 2:12:27, time (data): 0.155 (0.003)] l_pix: 1.3003e-01 l_lpips: 1.2634e-01 
2026-07-28 08:08:27,454 INFO: [000_U..][epoch:328, iter: 262,600, lr:(2.500e-05,1.750e-05,)] [eta: 2:12:05, time (data): 0.156 (0.002)] l_pix: 3.1613e-01 l_lpips: 2.9248e-01 
2026-07-28 08:08:43,122 INFO: [000_U..][epoch:328, iter: 262,700, lr:(2.500e-05,1.750e-05,)] [eta: 2:11:43, time (data): 0.156 (0.002)] l_pix: 7.3111e-02 l_lpips: 6.0242e-02 
2026-07-28 08:08:58,845 INFO: [000_U..][epoch:328, iter: 262,800, lr:(2.500e-05,1.750e-05,)] [eta: 2:11:21, time (data): 0.157 (0.002)] l_pix: 6.9049e-02 l_lpips: 6.8176e-02 
2026-07-28 08:09:14,346 INFO: [000_U..][epoch:328, iter: 262,900, lr:(2.500e-05,1.750e-05,)] [eta: 2:10:59, time (data): 0.156 (0.002)] l_pix: 1.7308e-01 l_lpips: 1.6943e-01 
2026-07-28 08:09:30,173 INFO: [000_U..][epoch:328, iter: 263,000, lr:(2.500e-05,1.750e-05,)] [eta: 2:10:37, time (data): 0.158 (0.002)] l_pix: 2.1784e-01 l_lpips: 2.0630e-01 
2026-07-28 08:09:46,029 INFO: [000_U..][epoch:328, iter: 263,100, lr:(2.500e-05,1.750e-05,)] [eta: 2:10:15, time (data): 0.158 (0.002)] l_pix: 2.9330e-02 l_lpips: 2.6123e-02 
2026-07-28 08:10:01,843 INFO: [000_U..][epoch:328, iter: 263,200, lr:(2.500e-05,1.750e-05,)] [eta: 2:09:53, time (data): 0.158 (0.002)] l_pix: 1.6060e-01 l_lpips: 1.4893e-01 
2026-07-28 08:10:17,694 INFO: [000_U..][epoch:329, iter: 263,300, lr:(2.500e-05,1.750e-05,)] [eta: 2:09:32, time (data): 0.158 (0.003)] l_pix: 1.1440e-01 l_lpips: 1.0486e-01 
2026-07-28 08:10:33,641 INFO: [000_U..][epoch:329, iter: 263,400, lr:(2.500e-05,1.750e-05,)] [eta: 2:09:10, time (data): 0.160 (0.002)] l_pix: 9.9152e-02 l_lpips: 9.8389e-02 
2026-07-28 08:10:49,173 INFO: [000_U..][epoch:329, iter: 263,500, lr:(2.500e-05,1.750e-05,)] [eta: 2:08:48, time (data): 0.157 (0.002)] l_pix: 1.3200e-01 l_lpips: 1.2769e-01 
2026-07-28 08:11:04,678 INFO: [000_U..][epoch:329, iter: 263,600, lr:(2.500e-05,1.750e-05,)] [eta: 2:08:26, time (data): 0.155 (0.002)] l_pix: 1.8886e-01 l_lpips: 1.7542e-01 
2026-07-28 08:11:20,234 INFO: [000_U..][epoch:329, iter: 263,700, lr:(2.500e-05,1.750e-05,)] [eta: 2:08:04, time (data): 0.155 (0.002)] l_pix: 1.9458e-01 l_lpips: 1.7505e-01 
2026-07-28 08:11:35,855 INFO: [000_U..][epoch:329, iter: 263,800, lr:(2.500e-05,1.750e-05,)] [eta: 2:07:42, time (data): 0.156 (0.002)] l_pix: 1.4976e-01 l_lpips: 1.4197e-01 
2026-07-28 08:11:51,418 INFO: [000_U..][epoch:329, iter: 263,900, lr:(2.500e-05,1.750e-05,)] [eta: 2:07:20, time (data): 0.156 (0.002)] l_pix: 1.8363e-01 l_lpips: 1.7896e-01 
2026-07-28 08:12:07,107 INFO: [000_U..][epoch:329, iter: 264,000, lr:(2.500e-05,1.750e-05,)] [eta: 2:06:58, time (data): 0.157 (0.002)] l_pix: 2.2734e-01 l_lpips: 2.0764e-01 
2026-07-28 08:12:22,961 INFO: [000_U..][epoch:330, iter: 264,100, lr:(2.500e-05,1.750e-05,)] [eta: 2:06:36, time (data): 0.158 (0.003)] l_pix: 2.9441e-02 l_lpips: 2.5558e-02 
2026-07-28 08:12:38,448 INFO: [000_U..][epoch:330, iter: 264,200, lr:(2.500e-05,1.750e-05,)] [eta: 2:06:14, time (data): 0.154 (0.002)] l_pix: 1.4009e-01 l_lpips: 1.3257e-01 
2026-07-28 08:12:53,840 INFO: [000_U..][epoch:330, iter: 264,300, lr:(2.500e-05,1.750e-05,)] [eta: 2:05:52, time (data): 0.154 (0.002)] l_pix: 5.1002e-02 l_lpips: 4.9072e-02 
2026-07-28 08:13:09,448 INFO: [000_U..][epoch:330, iter: 264,400, lr:(2.500e-05,1.750e-05,)] [eta: 2:05:30, time (data): 0.156 (0.002)] l_pix: 1.7917e-01 l_lpips: 1.6577e-01 
2026-07-28 08:13:24,847 INFO: [000_U..][epoch:330, iter: 264,500, lr:(2.500e-05,1.750e-05,)] [eta: 2:05:08, time (data): 0.155 (0.002)] l_pix: 1.6833e-01 l_lpips: 1.6638e-01 
2026-07-28 08:13:40,151 INFO: [000_U..][epoch:330, iter: 264,600, lr:(2.500e-05,1.750e-05,)] [eta: 2:04:47, time (data): 0.153 (0.002)] l_pix: 4.9349e-02 l_lpips: 4.6204e-02 
2026-07-28 08:13:55,510 INFO: [000_U..][epoch:330, iter: 264,700, lr:(2.500e-05,1.750e-05,)] [eta: 2:04:25, time (data): 0.153 (0.002)] l_pix: 5.8099e-02 l_lpips: 5.1544e-02 
2026-07-28 08:14:10,780 INFO: [000_U..][epoch:330, iter: 264,800, lr:(2.500e-05,1.750e-05,)] [eta: 2:04:03, time (data): 0.153 (0.002)] l_pix: 3.1190e-01 l_lpips: 2.7832e-01 
2026-07-28 08:14:26,604 INFO: [000_U..][epoch:331, iter: 264,900, lr:(2.500e-05,1.750e-05,)] [eta: 2:03:41, time (data): 0.156 (0.003)] l_pix: 2.0480e-01 l_lpips: 1.7969e-01 
2026-07-28 08:14:42,476 INFO: [000_U..][epoch:331, iter: 265,000, lr:(2.500e-05,1.750e-05,)] [eta: 2:03:19, time (data): 0.159 (0.002)] l_pix: 6.0606e-02 l_lpips: 5.6763e-02 
2026-07-28 08:19:12,147 INFO: Validation RealSRV3
	 # psnr: 25.3670	Best: 25.3670 @ 265000 iter
	 # ssim: 0.7074	Best: 0.7074 @ 265000 iter
	 # lpips: 0.3560	Best: 0.3527 @ 120000 iter

2026-07-28 08:19:28,326 INFO: [000_U..][epoch:331, iter: 265,100, lr:(2.500e-05,1.750e-05,)] [eta: 2:03:33, time (data): 0.161 (0.002)] l_pix: 1.1660e-01 l_lpips: 1.1279e-01 
2026-07-28 08:19:44,466 INFO: [000_U..][epoch:331, iter: 265,200, lr:(2.500e-05,1.750e-05,)] [eta: 2:03:11, time (data): 0.162 (0.002)] l_pix: 2.0041e-01 l_lpips: 1.9678e-01 
2026-07-28 08:20:00,560 INFO: [000_U..][epoch:331, iter: 265,300, lr:(2.500e-05,1.750e-05,)] [eta: 2:02:49, time (data): 0.161 (0.002)] l_pix: 1.9720e-01 l_lpips: 1.8579e-01 
2026-07-28 08:20:16,672 INFO: [000_U..][epoch:331, iter: 265,400, lr:(2.500e-05,1.750e-05,)] [eta: 2:02:27, time (data): 0.161 (0.002)] l_pix: 3.0072e-01 l_lpips: 2.9688e-01 
2026-07-28 08:20:32,770 INFO: [000_U..][epoch:331, iter: 265,500, lr:(2.500e-05,1.750e-05,)] [eta: 2:02:05, time (data): 0.161 (0.002)] l_pix: 1.4781e-01 l_lpips: 1.4355e-01 
2026-07-28 08:20:48,965 INFO: [000_U..][epoch:331, iter: 265,600, lr:(2.500e-05,1.750e-05,)] [eta: 2:01:43, time (data): 0.162 (0.002)] l_pix: 5.5963e-02 l_lpips: 5.0995e-02 
2026-07-28 08:21:05,385 INFO: [000_U..][epoch:332, iter: 265,700, lr:(2.500e-05,1.750e-05,)] [eta: 2:01:21, time (data): 0.163 (0.003)] l_pix: 2.7988e-01 l_lpips: 2.7612e-01 
2026-07-28 08:21:21,510 INFO: [000_U..][epoch:332, iter: 265,800, lr:(2.500e-05,1.750e-05,)] [eta: 2:00:59, time (data): 0.161 (0.002)] l_pix: 2.2006e-01 l_lpips: 2.0496e-01 
2026-07-28 08:21:37,575 INFO: [000_U..][epoch:332, iter: 265,900, lr:(2.500e-05,1.750e-05,)] [eta: 2:00:38, time (data): 0.161 (0.002)] l_pix: 8.6598e-02 l_lpips: 8.3679e-02 
2026-07-28 08:21:53,623 INFO: [000_U..][epoch:332, iter: 266,000, lr:(2.500e-05,1.750e-05,)] [eta: 2:00:16, time (data): 0.161 (0.002)] l_pix: 3.9067e-02 l_lpips: 3.7628e-02 
2026-07-28 08:22:09,583 INFO: [000_U..][epoch:332, iter: 266,100, lr:(2.500e-05,1.750e-05,)] [eta: 1:59:54, time (data): 0.160 (0.002)] l_pix: 2.5163e-01 l_lpips: 2.4438e-01 
2026-07-28 08:22:25,832 INFO: [000_U..][epoch:332, iter: 266,200, lr:(2.500e-05,1.750e-05,)] [eta: 1:59:32, time (data): 0.162 (0.002)] l_pix: 1.2511e-01 l_lpips: 1.2189e-01 
2026-07-28 08:22:41,907 INFO: [000_U..][epoch:332, iter: 266,300, lr:(2.500e-05,1.750e-05,)] [eta: 1:59:10, time (data): 0.161 (0.002)] l_pix: 1.2773e-01 l_lpips: 1.2244e-01 
2026-07-28 08:22:57,949 INFO: [000_U..][epoch:332, iter: 266,400, lr:(2.500e-05,1.750e-05,)] [eta: 1:58:48, time (data): 0.161 (0.002)] l_pix: 2.2583e-01 l_lpips: 2.1094e-01 
2026-07-28 08:23:14,445 INFO: [000_U..][epoch:333, iter: 266,500, lr:(2.500e-05,1.750e-05,)] [eta: 1:58:26, time (data): 0.163 (0.004)] l_pix: 1.6230e-01 l_lpips: 1.6162e-01 
2026-07-28 08:23:30,535 INFO: [000_U..][epoch:333, iter: 266,600, lr:(2.500e-05,1.750e-05,)] [eta: 1:58:04, time (data): 0.161 (0.002)] l_pix: 5.5174e-02 l_lpips: 5.2917e-02 
2026-07-28 08:23:46,492 INFO: [000_U..][epoch:333, iter: 266,700, lr:(2.500e-05,1.750e-05,)] [eta: 1:57:43, time (data): 0.160 (0.002)] l_pix: 9.8330e-02 l_lpips: 9.4727e-02 
2026-07-28 08:24:02,569 INFO: [000_U..][epoch:333, iter: 266,800, lr:(2.500e-05,1.750e-05,)] [eta: 1:57:21, time (data): 0.161 (0.002)] l_pix: 7.4889e-02 l_lpips: 7.0068e-02 
2026-07-28 08:24:18,616 INFO: [000_U..][epoch:333, iter: 266,900, lr:(2.500e-05,1.750e-05,)] [eta: 1:56:59, time (data): 0.161 (0.002)] l_pix: 1.9292e-01 l_lpips: 1.8750e-01 
2026-07-28 08:24:34,940 INFO: [000_U..][epoch:333, iter: 267,000, lr:(2.500e-05,1.750e-05,)] [eta: 1:56:37, time (data): 0.163 (0.002)] l_pix: 2.5586e-01 l_lpips: 2.4719e-01 
2026-07-28 08:24:50,899 INFO: [000_U..][epoch:333, iter: 267,100, lr:(2.500e-05,1.750e-05,)] [eta: 1:56:15, time (data): 0.161 (0.002)] l_pix: 1.8754e-01 l_lpips: 1.7615e-01 
2026-07-28 08:25:06,872 INFO: [000_U..][epoch:333, iter: 267,200, lr:(2.500e-05,1.750e-05,)] [eta: 1:55:53, time (data): 0.159 (0.002)] l_pix: 1.1651e-01 l_lpips: 1.1267e-01 
2026-07-28 08:25:23,018 INFO: [000_U..][epoch:334, iter: 267,300, lr:(2.500e-05,1.750e-05,)] [eta: 1:55:32, time (data): 0.161 (0.003)] l_pix: 8.5069e-02 l_lpips: 8.3740e-02 
2026-07-28 08:25:38,932 INFO: [000_U..][epoch:334, iter: 267,400, lr:(2.500e-05,1.750e-05,)] [eta: 1:55:10, time (data): 0.158 (0.002)] l_pix: 2.1239e-01 l_lpips: 1.9983e-01 
2026-07-28 08:25:54,919 INFO: [000_U..][epoch:334, iter: 267,500, lr:(2.500e-05,1.750e-05,)] [eta: 1:54:48, time (data): 0.159 (0.002)] l_pix: 1.6792e-01 l_lpips: 1.6455e-01 
2026-07-28 08:26:10,719 INFO: [000_U..][epoch:334, iter: 267,600, lr:(2.500e-05,1.750e-05,)] [eta: 1:54:26, time (data): 0.158 (0.002)] l_pix: 1.6925e-01 l_lpips: 1.6040e-01 
2026-07-28 08:26:26,560 INFO: [000_U..][epoch:334, iter: 267,700, lr:(2.500e-05,1.750e-05,)] [eta: 1:54:04, time (data): 0.158 (0.002)] l_pix: 2.3298e-01 l_lpips: 2.3047e-01 
2026-07-28 08:26:42,630 INFO: [000_U..][epoch:334, iter: 267,800, lr:(2.500e-05,1.750e-05,)] [eta: 1:53:42, time (data): 0.161 (0.002)] l_pix: 2.3267e-01 l_lpips: 2.2693e-01 
2026-07-28 08:26:58,943 INFO: [000_U..][epoch:334, iter: 267,900, lr:(2.500e-05,1.750e-05,)] [eta: 1:53:21, time (data): 0.162 (0.002)] l_pix: 1.2623e-01 l_lpips: 1.2061e-01 
2026-07-28 08:27:14,748 INFO: [000_U..][epoch:334, iter: 268,000, lr:(2.500e-05,1.750e-05,)] [eta: 1:52:59, time (data): 0.158 (0.002)] l_pix: 2.4930e-01 l_lpips: 2.3254e-01 
2026-07-28 08:27:31,047 INFO: [000_U..][epoch:335, iter: 268,100, lr:(2.500e-05,1.750e-05,)] [eta: 1:52:37, time (data): 0.161 (0.003)] l_pix: 1.7347e-01 l_lpips: 1.6858e-01 
2026-07-28 08:27:46,958 INFO: [000_U..][epoch:335, iter: 268,200, lr:(2.500e-05,1.750e-05,)] [eta: 1:52:15, time (data): 0.158 (0.002)] l_pix: 2.4706e-01 l_lpips: 2.2656e-01 
2026-07-28 08:28:02,884 INFO: [000_U..][epoch:335, iter: 268,300, lr:(2.500e-05,1.750e-05,)] [eta: 1:51:53, time (data): 0.159 (0.002)] l_pix: 4.1204e-02 l_lpips: 3.9246e-02 
2026-07-28 08:28:19,097 INFO: [000_U..][epoch:335, iter: 268,400, lr:(2.500e-05,1.750e-05,)] [eta: 1:51:32, time (data): 0.162 (0.002)] l_pix: 4.8327e-02 l_lpips: 4.5471e-02 
2026-07-28 08:28:35,234 INFO: [000_U..][epoch:335, iter: 268,500, lr:(2.500e-05,1.750e-05,)] [eta: 1:51:10, time (data): 0.162 (0.002)] l_pix: 2.2758e-01 l_lpips: 2.0581e-01 
2026-07-28 08:28:51,097 INFO: [000_U..][epoch:335, iter: 268,600, lr:(2.500e-05,1.750e-05,)] [eta: 1:50:48, time (data): 0.159 (0.002)] l_pix: 2.6751e-01 l_lpips: 2.4756e-01 
2026-07-28 08:29:07,135 INFO: [000_U..][epoch:335, iter: 268,700, lr:(2.500e-05,1.750e-05,)] [eta: 1:50:26, time (data): 0.160 (0.002)] l_pix: 8.1764e-02 l_lpips: 7.9346e-02 
2026-07-28 08:29:22,961 INFO: [000_U..][epoch:335, iter: 268,800, lr:(2.500e-05,1.750e-05,)] [eta: 1:50:05, time (data): 0.159 (0.002)] l_pix: 7.4835e-02 l_lpips: 7.2021e-02 
2026-07-28 08:29:38,891 INFO: [000_U..][epoch:336, iter: 268,900, lr:(2.500e-05,1.750e-05,)] [eta: 1:49:43, time (data): 0.159 (0.003)] l_pix: 1.7784e-01 l_lpips: 1.7651e-01 
2026-07-28 08:29:54,608 INFO: [000_U..][epoch:336, iter: 269,000, lr:(2.500e-05,1.750e-05,)] [eta: 1:49:21, time (data): 0.157 (0.002)] l_pix: 4.6014e-02 l_lpips: 4.3274e-02 
2026-07-28 08:30:10,523 INFO: [000_U..][epoch:336, iter: 269,100, lr:(2.500e-05,1.750e-05,)] [eta: 1:48:59, time (data): 0.158 (0.002)] l_pix: 1.9489e-01 l_lpips: 1.8811e-01 
2026-07-28 08:30:26,219 INFO: [000_U..][epoch:336, iter: 269,200, lr:(2.500e-05,1.750e-05,)] [eta: 1:48:37, time (data): 0.158 (0.002)] l_pix: 1.4194e-01 l_lpips: 1.3831e-01 
2026-07-28 08:30:42,231 INFO: [000_U..][epoch:336, iter: 269,300, lr:(2.500e-05,1.750e-05,)] [eta: 1:48:16, time (data): 0.159 (0.002)] l_pix: 1.7121e-01 l_lpips: 1.6675e-01 
2026-07-28 08:30:58,391 INFO: [000_U..][epoch:336, iter: 269,400, lr:(2.500e-05,1.750e-05,)] [eta: 1:47:54, time (data): 0.161 (0.002)] l_pix: 7.8763e-02 l_lpips: 7.3181e-02 
2026-07-28 08:31:14,524 INFO: [000_U..][epoch:336, iter: 269,500, lr:(2.500e-05,1.750e-05,)] [eta: 1:47:32, time (data): 0.161 (0.002)] l_pix: 5.8915e-02 l_lpips: 5.5847e-02 
2026-07-28 08:31:30,427 INFO: [000_U..][epoch:336, iter: 269,600, lr:(2.500e-05,1.750e-05,)] [eta: 1:47:10, time (data): 0.159 (0.002)] l_pix: 1.9434e-01 l_lpips: 1.8591e-01 
2026-07-28 08:31:46,495 INFO: [000_U..][epoch:337, iter: 269,700, lr:(2.500e-05,1.750e-05,)] [eta: 1:46:49, time (data): 0.160 (0.003)] l_pix: 1.3102e-01 l_lpips: 1.2469e-01 
2026-07-28 08:32:02,218 INFO: [000_U..][epoch:337, iter: 269,800, lr:(2.500e-05,1.750e-05,)] [eta: 1:46:27, time (data): 0.158 (0.002)] l_pix: 8.3844e-02 l_lpips: 8.2153e-02 
2026-07-28 08:32:18,149 INFO: [000_U..][epoch:337, iter: 269,900, lr:(2.500e-05,1.750e-05,)] [eta: 1:46:05, time (data): 0.159 (0.002)] l_pix: 1.5408e-01 l_lpips: 1.4380e-01 
2026-07-28 08:32:34,061 INFO: [000_U..][epoch:337, iter: 270,000, lr:(2.500e-05,1.750e-05,)] [eta: 1:45:43, time (data): 0.159 (0.002)] l_pix: 5.6836e-02 l_lpips: 4.9591e-02 
2026-07-28 08:32:34,063 INFO: Saving models and training states.
2026-07-28 08:37:06,901 INFO: Validation RealSRV3
	 # psnr: 25.1623	Best: 25.3670 @ 265000 iter
	 # ssim: 0.7038	Best: 0.7074 @ 265000 iter
	 # lpips: 0.3644	Best: 0.3527 @ 120000 iter

2026-07-28 08:37:22,606 INFO: [000_U..][epoch:337, iter: 270,100, lr:(2.500e-05,1.750e-05,)] [eta: 1:45:52, time (data): 0.158 (0.002)] l_pix: 1.9402e-01 l_lpips: 1.8530e-01 
2026-07-28 08:37:38,637 INFO: [000_U..][epoch:337, iter: 270,200, lr:(2.500e-05,1.750e-05,)] [eta: 1:45:30, time (data): 0.159 (0.002)] l_pix: 4.7944e-02 l_lpips: 4.1382e-02 
2026-07-28 08:37:54,253 INFO: [000_U..][epoch:337, iter: 270,300, lr:(2.500e-05,1.750e-05,)] [eta: 1:45:08, time (data): 0.157 (0.002)] l_pix: 7.4505e-02 l_lpips: 7.1716e-02 
2026-07-28 08:38:09,839 INFO: [000_U..][epoch:337, iter: 270,400, lr:(2.500e-05,1.750e-05,)] [eta: 1:44:46, time (data): 0.156 (0.002)] l_pix: 8.6266e-02 l_lpips: 8.4351e-02 
2026-07-28 08:38:25,899 INFO: [000_U..][epoch:338, iter: 270,500, lr:(2.500e-05,1.750e-05,)] [eta: 1:44:25, time (data): 0.159 (0.003)] l_pix: 2.3521e-01 l_lpips: 2.2827e-01 
2026-07-28 08:38:42,215 INFO: [000_U..][epoch:338, iter: 270,600, lr:(2.500e-05,1.750e-05,)] [eta: 1:44:03, time (data): 0.164 (0.002)] l_pix: 1.5144e-01 l_lpips: 1.4758e-01 
2026-07-28 08:38:57,839 INFO: [000_U..][epoch:338, iter: 270,700, lr:(2.500e-05,1.750e-05,)] [eta: 1:43:41, time (data): 0.159 (0.002)] l_pix: 3.6673e-02 l_lpips: 3.4485e-02 
2026-07-28 08:39:13,555 INFO: [000_U..][epoch:338, iter: 270,800, lr:(2.500e-05,1.750e-05,)] [eta: 1:43:19, time (data): 0.157 (0.002)] l_pix: 6.3675e-02 l_lpips: 6.1249e-02 
2026-07-28 08:39:29,018 INFO: [000_U..][epoch:338, iter: 270,900, lr:(2.500e-05,1.750e-05,)] [eta: 1:42:57, time (data): 0.156 (0.002)] l_pix: 2.3084e-01 l_lpips: 2.2412e-01 
2026-07-28 08:39:44,374 INFO: [000_U..][epoch:338, iter: 271,000, lr:(2.500e-05,1.750e-05,)] [eta: 1:42:35, time (data): 0.153 (0.002)] l_pix: 2.1088e-01 l_lpips: 2.0105e-01 
2026-07-28 08:39:59,878 INFO: [000_U..][epoch:338, iter: 271,100, lr:(2.500e-05,1.750e-05,)] [eta: 1:42:14, time (data): 0.154 (0.002)] l_pix: 1.1872e-01 l_lpips: 1.1707e-01 
2026-07-28 08:40:15,289 INFO: [000_U..][epoch:338, iter: 271,200, lr:(2.500e-05,1.750e-05,)] [eta: 1:41:52, time (data): 0.154 (0.002)] l_pix: 1.8860e-01 l_lpips: 1.8616e-01 
2026-07-28 08:40:31,334 INFO: [000_U..][epoch:339, iter: 271,300, lr:(2.500e-05,1.750e-05,)] [eta: 1:41:30, time (data): 0.158 (0.003)] l_pix: 1.1703e-01 l_lpips: 1.1310e-01 
2026-07-28 08:40:47,149 INFO: [000_U..][epoch:339, iter: 271,400, lr:(2.500e-05,1.750e-05,)] [eta: 1:41:08, time (data): 0.159 (0.002)] l_pix: 1.7132e-01 l_lpips: 1.5588e-01 
2026-07-28 08:41:03,094 INFO: [000_U..][epoch:339, iter: 271,500, lr:(2.500e-05,1.750e-05,)] [eta: 1:40:46, time (data): 0.159 (0.002)] l_pix: 1.8041e-01 l_lpips: 1.6650e-01 
2026-07-28 08:41:18,859 INFO: [000_U..][epoch:339, iter: 271,600, lr:(2.500e-05,1.750e-05,)] [eta: 1:40:25, time (data): 0.157 (0.002)] l_pix: 7.4166e-02 l_lpips: 7.2510e-02 
2026-07-28 08:41:34,442 INFO: [000_U..][epoch:339, iter: 271,700, lr:(2.500e-05,1.750e-05,)] [eta: 1:40:03, time (data): 0.156 (0.002)] l_pix: 1.4993e-01 l_lpips: 1.4282e-01 
2026-07-28 08:41:49,989 INFO: [000_U..][epoch:339, iter: 271,800, lr:(2.500e-05,1.750e-05,)] [eta: 1:39:41, time (data): 0.155 (0.002)] l_pix: 2.5302e-01 l_lpips: 2.4390e-01 
2026-07-28 08:42:05,660 INFO: [000_U..][epoch:339, iter: 271,900, lr:(2.500e-05,1.750e-05,)] [eta: 1:39:19, time (data): 0.156 (0.002)] l_pix: 5.1121e-02 l_lpips: 4.6997e-02 
2026-07-28 08:42:21,506 INFO: [000_U..][epoch:339, iter: 272,000, lr:(2.500e-05,1.750e-05,)] [eta: 1:38:57, time (data): 0.159 (0.002)] l_pix: 9.2657e-02 l_lpips: 8.9294e-02 
2026-07-28 08:42:38,448 INFO: [000_U..][epoch:340, iter: 272,100, lr:(2.500e-05,1.750e-05,)] [eta: 1:38:36, time (data): 0.166 (0.003)] l_pix: 3.9362e-02 l_lpips: 3.7170e-02 
2026-07-28 08:42:54,474 INFO: [000_U..][epoch:340, iter: 272,200, lr:(2.500e-05,1.750e-05,)] [eta: 1:38:14, time (data): 0.160 (0.002)] l_pix: 1.8169e-01 l_lpips: 1.7871e-01 
2026-07-28 08:43:11,050 INFO: [000_U..][epoch:340, iter: 272,300, lr:(2.500e-05,1.750e-05,)] [eta: 1:37:52, time (data): 0.164 (0.002)] l_pix: 2.0417e-01 l_lpips: 1.8225e-01 
2026-07-28 08:43:26,797 INFO: [000_U..][epoch:340, iter: 272,400, lr:(2.500e-05,1.750e-05,)] [eta: 1:37:31, time (data): 0.158 (0.002)] l_pix: 1.8855e-01 l_lpips: 1.8359e-01 
2026-07-28 08:43:42,966 INFO: [000_U..][epoch:340, iter: 272,500, lr:(2.500e-05,1.750e-05,)] [eta: 1:37:09, time (data): 0.160 (0.002)] l_pix: 2.5966e-01 l_lpips: 2.4878e-01 
2026-07-28 08:43:59,012 INFO: [000_U..][epoch:340, iter: 272,600, lr:(2.500e-05,1.750e-05,)] [eta: 1:36:47, time (data): 0.160 (0.002)] l_pix: 4.9412e-02 l_lpips: 4.7455e-02 
2026-07-28 08:44:14,870 INFO: [000_U..][epoch:340, iter: 272,700, lr:(2.500e-05,1.750e-05,)] [eta: 1:36:25, time (data): 0.159 (0.002)] l_pix: 2.1097e-01 l_lpips: 1.9373e-01 
2026-07-28 08:44:30,604 INFO: [000_U..][epoch:340, iter: 272,800, lr:(2.500e-05,1.750e-05,)] [eta: 1:36:04, time (data): 0.158 (0.002)] l_pix: 2.5355e-01 l_lpips: 2.2717e-01 
2026-07-28 08:44:46,356 INFO: [000_U..][epoch:341, iter: 272,900, lr:(2.500e-05,1.750e-05,)] [eta: 1:35:42, time (data): 0.158 (0.003)] l_pix: 1.5170e-01 l_lpips: 1.4832e-01 
2026-07-28 08:45:02,217 INFO: [000_U..][epoch:341, iter: 273,000, lr:(2.500e-05,1.750e-05,)] [eta: 1:35:20, time (data): 0.158 (0.002)] l_pix: 4.4925e-02 l_lpips: 4.1077e-02 
2026-07-28 08:45:17,919 INFO: [000_U..][epoch:341, iter: 273,100, lr:(2.500e-05,1.750e-05,)] [eta: 1:34:59, time (data): 0.157 (0.002)] l_pix: 2.0968e-01 l_lpips: 1.9141e-01 
2026-07-28 08:45:33,160 INFO: [000_U..][epoch:341, iter: 273,200, lr:(2.500e-05,1.750e-05,)] [eta: 1:34:37, time (data): 0.153 (0.002)] l_pix: 1.8479e-01 l_lpips: 1.7603e-01 
2026-07-28 08:45:48,761 INFO: [000_U..][epoch:341, iter: 273,300, lr:(2.500e-05,1.750e-05,)] [eta: 1:34:15, time (data): 0.155 (0.002)] l_pix: 1.9084e-01 l_lpips: 1.8372e-01 
2026-07-28 08:46:04,465 INFO: [000_U..][epoch:341, iter: 273,400, lr:(2.500e-05,1.750e-05,)] [eta: 1:33:53, time (data): 0.157 (0.002)] l_pix: 2.0776e-02 l_lpips: 1.8433e-02 
2026-07-28 08:46:20,530 INFO: [000_U..][epoch:341, iter: 273,500, lr:(2.500e-05,1.750e-05,)] [eta: 1:33:32, time (data): 0.160 (0.002)] l_pix: 2.5274e-01 l_lpips: 2.4951e-01 
2026-07-28 08:46:36,956 INFO: [000_U..][epoch:341, iter: 273,600, lr:(2.500e-05,1.750e-05,)] [eta: 1:33:10, time (data): 0.164 (0.002)] l_pix: 1.8477e-01 l_lpips: 1.7151e-01 
2026-07-28 08:46:53,576 INFO: [000_U..][epoch:342, iter: 273,700, lr:(2.500e-05,1.750e-05,)] [eta: 1:32:48, time (data): 0.166 (0.003)] l_pix: 2.3158e-01 l_lpips: 2.2046e-01 
2026-07-28 08:47:10,030 INFO: [000_U..][epoch:342, iter: 273,800, lr:(2.500e-05,1.750e-05,)] [eta: 1:32:27, time (data): 0.164 (0.002)] l_pix: 7.0235e-03 l_lpips: 3.7384e-03 
2026-07-28 08:47:26,516 INFO: [000_U..][epoch:342, iter: 273,900, lr:(2.500e-05,1.750e-05,)] [eta: 1:32:05, time (data): 0.165 (0.002)] l_pix: 4.0672e-02 l_lpips: 3.8330e-02 
2026-07-28 08:47:42,694 INFO: [000_U..][epoch:342, iter: 274,000, lr:(2.500e-05,1.750e-05,)] [eta: 1:31:44, time (data): 0.159 (0.002)] l_pix: 2.4835e-01 l_lpips: 2.4329e-01 
2026-07-28 08:47:58,762 INFO: [000_U..][epoch:342, iter: 274,100, lr:(2.500e-05,1.750e-05,)] [eta: 1:31:22, time (data): 0.160 (0.002)] l_pix: 5.4789e-02 l_lpips: 5.1025e-02 
2026-07-28 08:48:14,825 INFO: [000_U..][epoch:342, iter: 274,200, lr:(2.500e-05,1.750e-05,)] [eta: 1:31:00, time (data): 0.161 (0.002)] l_pix: 2.5997e-01 l_lpips: 2.3779e-01 
2026-07-28 08:48:31,004 INFO: [000_U..][epoch:342, iter: 274,300, lr:(2.500e-05,1.750e-05,)] [eta: 1:30:39, time (data): 0.162 (0.002)] l_pix: 8.1228e-02 l_lpips: 7.8064e-02 
2026-07-28 08:48:47,160 INFO: [000_U..][epoch:342, iter: 274,400, lr:(2.500e-05,1.750e-05,)] [eta: 1:30:17, time (data): 0.163 (0.002)] l_pix: 2.2636e-01 l_lpips: 2.1582e-01 
2026-07-28 08:49:02,775 INFO: [000_U..][epoch:343, iter: 274,500, lr:(2.500e-05,1.750e-05,)] [eta: 1:29:55, time (data): 0.158 (0.003)] l_pix: 2.9992e-01 l_lpips: 2.6562e-01 
2026-07-28 08:49:18,055 INFO: [000_U..][epoch:343, iter: 274,600, lr:(2.500e-05,1.750e-05,)] [eta: 1:29:34, time (data): 0.153 (0.002)] l_pix: 1.2177e-01 l_lpips: 1.1841e-01 
2026-07-28 08:49:33,357 INFO: [000_U..][epoch:343, iter: 274,700, lr:(2.500e-05,1.750e-05,)] [eta: 1:29:12, time (data): 0.153 (0.002)] l_pix: 3.1295e-01 l_lpips: 2.8516e-01 
2026-07-28 08:49:48,717 INFO: [000_U..][epoch:343, iter: 274,800, lr:(2.500e-05,1.750e-05,)] [eta: 1:28:50, time (data): 0.154 (0.002)] l_pix: 1.8589e-01 l_lpips: 1.8103e-01 
2026-07-28 08:50:04,316 INFO: [000_U..][epoch:343, iter: 274,900, lr:(2.500e-05,1.750e-05,)] [eta: 1:28:29, time (data): 0.155 (0.002)] l_pix: 1.4017e-01 l_lpips: 1.3257e-01 
2026-07-28 08:50:20,026 INFO: [000_U..][epoch:343, iter: 275,000, lr:(2.500e-05,1.750e-05,)] [eta: 1:28:07, time (data): 0.158 (0.002)] l_pix: 2.4145e-01 l_lpips: 2.1985e-01 
2026-07-28 08:54:50,177 INFO: Validation RealSRV3
	 # psnr: 25.1600	Best: 25.3670 @ 265000 iter
	 # ssim: 0.6997	Best: 0.7074 @ 265000 iter
	 # lpips: 0.3659	Best: 0.3527 @ 120000 iter

2026-07-28 08:55:06,244 INFO: [000_U..][epoch:343, iter: 275,100, lr:(2.500e-05,1.750e-05,)] [eta: 1:28:10, time (data): 0.160 (0.002)] l_pix: 2.2852e-01 l_lpips: 2.1436e-01 
2026-07-28 08:55:22,577 INFO: [000_U..][epoch:343, iter: 275,200, lr:(2.500e-05,1.750e-05,)] [eta: 1:27:48, time (data): 0.162 (0.002)] l_pix: 4.9037e-02 l_lpips: 4.5685e-02 
2026-07-28 08:55:39,044 INFO: [000_U..][epoch:344, iter: 275,300, lr:(2.500e-05,1.750e-05,)] [eta: 1:27:26, time (data): 0.164 (0.003)] l_pix: 2.7756e-01 l_lpips: 2.5757e-01 
2026-07-28 08:55:55,228 INFO: [000_U..][epoch:344, iter: 275,400, lr:(2.500e-05,1.750e-05,)] [eta: 1:27:05, time (data): 0.161 (0.002)] l_pix: 1.6802e-01 l_lpips: 1.5747e-01 
2026-07-28 08:56:11,163 INFO: [000_U..][epoch:344, iter: 275,500, lr:(2.500e-05,1.750e-05,)] [eta: 1:26:43, time (data): 0.160 (0.002)] l_pix: 1.6975e-01 l_lpips: 1.6187e-01 
2026-07-28 08:56:27,157 INFO: [000_U..][epoch:344, iter: 275,600, lr:(2.500e-05,1.750e-05,)] [eta: 1:26:21, time (data): 0.160 (0.002)] l_pix: 1.6109e-01 l_lpips: 1.5381e-01 
2026-07-28 08:56:43,097 INFO: [000_U..][epoch:344, iter: 275,700, lr:(2.500e-05,1.750e-05,)] [eta: 1:26:00, time (data): 0.159 (0.002)] l_pix: 4.6677e-02 l_lpips: 4.4861e-02 
2026-07-28 08:56:58,977 INFO: [000_U..][epoch:344, iter: 275,800, lr:(2.500e-05,1.750e-05,)] [eta: 1:25:38, time (data): 0.159 (0.002)] l_pix: 4.2243e-02 l_lpips: 4.1168e-02 
2026-07-28 08:57:14,928 INFO: [000_U..][epoch:344, iter: 275,900, lr:(2.500e-05,1.750e-05,)] [eta: 1:25:16, time (data): 0.159 (0.002)] l_pix: 1.9355e-01 l_lpips: 1.8384e-01 
2026-07-28 08:57:30,733 INFO: [000_U..][epoch:344, iter: 276,000, lr:(2.500e-05,1.750e-05,)] [eta: 1:24:54, time (data): 0.158 (0.002)] l_pix: 9.7613e-02 l_lpips: 9.1614e-02 
2026-07-28 08:57:46,844 INFO: [000_U..][epoch:345, iter: 276,100, lr:(2.500e-05,1.750e-05,)] [eta: 1:24:33, time (data): 0.160 (0.003)] l_pix: 6.1677e-02 l_lpips: 5.9937e-02 
2026-07-28 08:58:03,021 INFO: [000_U..][epoch:345, iter: 276,200, lr:(2.500e-05,1.750e-05,)] [eta: 1:24:11, time (data): 0.162 (0.002)] l_pix: 2.2010e-01 l_lpips: 2.0605e-01 
2026-07-28 08:58:19,335 INFO: [000_U..][epoch:345, iter: 276,300, lr:(2.500e-05,1.750e-05,)] [eta: 1:23:49, time (data): 0.163 (0.002)] l_pix: 1.5409e-01 l_lpips: 1.4160e-01 
2026-07-28 08:58:35,529 INFO: [000_U..][epoch:345, iter: 276,400, lr:(2.500e-05,1.750e-05,)] [eta: 1:23:28, time (data): 0.162 (0.002)] l_pix: 1.2648e-01 l_lpips: 1.2573e-01 
2026-07-28 08:58:51,748 INFO: [000_U..][epoch:345, iter: 276,500, lr:(2.500e-05,1.750e-05,)] [eta: 1:23:06, time (data): 0.162 (0.002)] l_pix: 2.2985e-01 l_lpips: 2.1851e-01 
2026-07-28 08:59:08,051 INFO: [000_U..][epoch:345, iter: 276,600, lr:(2.500e-05,1.750e-05,)] [eta: 1:22:45, time (data): 0.162 (0.002)] l_pix: 1.3811e-01 l_lpips: 1.3416e-01 
2026-07-28 08:59:23,900 INFO: [000_U..][epoch:345, iter: 276,700, lr:(2.500e-05,1.750e-05,)] [eta: 1:22:23, time (data): 0.159 (0.002)] l_pix: 1.6435e-01 l_lpips: 1.5894e-01 
2026-07-28 08:59:40,070 INFO: [000_U..][epoch:345, iter: 276,800, lr:(2.500e-05,1.750e-05,)] [eta: 1:22:01, time (data): 0.161 (0.002)] l_pix: 3.0663e-01 l_lpips: 2.8027e-01 
2026-07-28 08:59:56,399 INFO: [000_U..][epoch:346, iter: 276,900, lr:(2.500e-05,1.750e-05,)] [eta: 1:21:40, time (data): 0.163 (0.004)] l_pix: 1.8598e-01 l_lpips: 1.7798e-01 
2026-07-28 09:00:12,492 INFO: [000_U..][epoch:346, iter: 277,000, lr:(2.500e-05,1.750e-05,)] [eta: 1:21:18, time (data): 0.158 (0.002)] l_pix: 2.0251e-01 l_lpips: 1.9458e-01 
2026-07-28 09:00:28,306 INFO: [000_U..][epoch:346, iter: 277,100, lr:(2.500e-05,1.750e-05,)] [eta: 1:20:56, time (data): 0.158 (0.002)] l_pix: 4.7212e-02 l_lpips: 4.4128e-02 
2026-07-28 09:00:44,372 INFO: [000_U..][epoch:346, iter: 277,200, lr:(2.500e-05,1.750e-05,)] [eta: 1:20:35, time (data): 0.160 (0.002)] l_pix: 2.1450e-01 l_lpips: 1.9678e-01 
2026-07-28 09:01:00,158 INFO: [000_U..][epoch:346, iter: 277,300, lr:(2.500e-05,1.750e-05,)] [eta: 1:20:13, time (data): 0.158 (0.002)] l_pix: 2.5462e-01 l_lpips: 2.2693e-01 
2026-07-28 09:01:16,024 INFO: [000_U..][epoch:346, iter: 277,400, lr:(2.500e-05,1.750e-05,)] [eta: 1:19:51, time (data): 0.159 (0.002)] l_pix: 2.2141e-01 l_lpips: 2.1228e-01 
2026-07-28 09:01:32,121 INFO: [000_U..][epoch:346, iter: 277,500, lr:(2.500e-05,1.750e-05,)] [eta: 1:19:30, time (data): 0.161 (0.002)] l_pix: 2.4709e-01 l_lpips: 2.1191e-01 
2026-07-28 09:01:48,305 INFO: [000_U..][epoch:346, iter: 277,600, lr:(2.500e-05,1.750e-05,)] [eta: 1:19:08, time (data): 0.161 (0.002)] l_pix: 1.6259e-01 l_lpips: 1.5527e-01 
2026-07-28 09:02:04,623 INFO: [000_U..][epoch:347, iter: 277,700, lr:(2.500e-05,1.750e-05,)] [eta: 1:18:47, time (data): 0.163 (0.004)] l_pix: 1.7505e-01 l_lpips: 1.6748e-01 
2026-07-28 09:02:20,836 INFO: [000_U..][epoch:347, iter: 277,800, lr:(2.500e-05,1.750e-05,)] [eta: 1:18:25, time (data): 0.162 (0.002)] l_pix: 2.1632e-01 l_lpips: 2.0691e-01 
2026-07-28 09:02:36,796 INFO: [000_U..][epoch:347, iter: 277,900, lr:(2.500e-05,1.750e-05,)] [eta: 1:18:03, time (data): 0.160 (0.002)] l_pix: 2.7545e-01 l_lpips: 2.4780e-01 
2026-07-28 09:02:52,700 INFO: [000_U..][epoch:347, iter: 278,000, lr:(2.500e-05,1.750e-05,)] [eta: 1:17:42, time (data): 0.159 (0.002)] l_pix: 1.7302e-01 l_lpips: 1.7017e-01 
2026-07-28 09:03:08,584 INFO: [000_U..][epoch:347, iter: 278,100, lr:(2.500e-05,1.750e-05,)] [eta: 1:17:20, time (data): 0.159 (0.002)] l_pix: 1.4932e-01 l_lpips: 1.4404e-01 
2026-07-28 09:03:24,836 INFO: [000_U..][epoch:347, iter: 278,200, lr:(2.500e-05,1.750e-05,)] [eta: 1:16:59, time (data): 0.161 (0.002)] l_pix: 2.0051e-01 l_lpips: 1.9189e-01 
2026-07-28 09:03:40,701 INFO: [000_U..][epoch:347, iter: 278,300, lr:(2.500e-05,1.750e-05,)] [eta: 1:16:37, time (data): 0.159 (0.002)] l_pix: 4.0710e-02 l_lpips: 3.8879e-02 
2026-07-28 09:03:56,616 INFO: [000_U..][epoch:347, iter: 278,400, lr:(2.500e-05,1.750e-05,)] [eta: 1:16:15, time (data): 0.157 (0.002)] l_pix: 1.5310e-01 l_lpips: 1.4722e-01 
2026-07-28 09:04:12,998 INFO: [000_U..][epoch:348, iter: 278,500, lr:(2.500e-05,1.750e-05,)] [eta: 1:15:54, time (data): 0.163 (0.004)] l_pix: 4.3592e-02 l_lpips: 4.0558e-02 
2026-07-28 09:04:28,795 INFO: [000_U..][epoch:348, iter: 278,600, lr:(2.500e-05,1.750e-05,)] [eta: 1:15:32, time (data): 0.157 (0.002)] l_pix: 1.9759e-01 l_lpips: 1.9116e-01 
2026-07-28 09:04:44,602 INFO: [000_U..][epoch:348, iter: 278,700, lr:(2.500e-05,1.750e-05,)] [eta: 1:15:11, time (data): 0.158 (0.002)] l_pix: 9.1640e-02 l_lpips: 8.7402e-02 
2026-07-28 09:05:00,352 INFO: [000_U..][epoch:348, iter: 278,800, lr:(2.500e-05,1.750e-05,)] [eta: 1:14:49, time (data): 0.154 (0.002)] l_pix: 2.4480e-01 l_lpips: 2.3779e-01 
2026-07-28 09:05:16,097 INFO: [000_U..][epoch:348, iter: 278,900, lr:(2.500e-05,1.750e-05,)] [eta: 1:14:27, time (data): 0.157 (0.002)] l_pix: 1.7526e-01 l_lpips: 1.6443e-01 
2026-07-28 09:05:31,846 INFO: [000_U..][epoch:348, iter: 279,000, lr:(2.500e-05,1.750e-05,)] [eta: 1:14:06, time (data): 0.155 (0.002)] l_pix: 1.4648e-01 l_lpips: 1.3831e-01 
2026-07-28 09:05:47,715 INFO: [000_U..][epoch:348, iter: 279,100, lr:(2.500e-05,1.750e-05,)] [eta: 1:13:44, time (data): 0.158 (0.002)] l_pix: 1.7925e-01 l_lpips: 1.6565e-01 
2026-07-28 09:06:03,631 INFO: [000_U..][epoch:348, iter: 279,200, lr:(2.500e-05,1.750e-05,)] [eta: 1:13:23, time (data): 0.172 (0.002)] l_pix: 1.5293e-01 l_lpips: 1.4490e-01 
2026-07-28 09:06:19,438 INFO: [000_U..][epoch:349, iter: 279,300, lr:(2.500e-05,1.750e-05,)] [eta: 1:13:01, time (data): 0.159 (0.004)] l_pix: 1.6606e-01 l_lpips: 1.5454e-01 
2026-07-28 09:06:34,898 INFO: [000_U..][epoch:349, iter: 279,400, lr:(2.500e-05,1.750e-05,)] [eta: 1:12:40, time (data): 0.158 (0.002)] l_pix: 1.9496e-01 l_lpips: 1.8176e-01 
2026-07-28 09:06:50,250 INFO: [000_U..][epoch:349, iter: 279,500, lr:(2.500e-05,1.750e-05,)] [eta: 1:12:18, time (data): 0.154 (0.002)] l_pix: 2.0575e-01 l_lpips: 1.9873e-01 
2026-07-28 09:07:06,175 INFO: [000_U..][epoch:349, iter: 279,600, lr:(2.500e-05,1.750e-05,)] [eta: 1:11:56, time (data): 0.162 (0.002)] l_pix: 1.9871e-01 l_lpips: 1.8689e-01 
2026-07-28 09:07:21,695 INFO: [000_U..][epoch:349, iter: 279,700, lr:(2.500e-05,1.750e-05,)] [eta: 1:11:35, time (data): 0.156 (0.002)] l_pix: 1.4261e-01 l_lpips: 1.4099e-01 
2026-07-28 09:07:37,203 INFO: [000_U..][epoch:349, iter: 279,800, lr:(2.500e-05,1.750e-05,)] [eta: 1:11:13, time (data): 0.155 (0.002)] l_pix: 2.3520e-01 l_lpips: 2.3132e-01 
2026-07-28 09:07:52,974 INFO: [000_U..][epoch:349, iter: 279,900, lr:(2.500e-05,1.750e-05,)] [eta: 1:10:52, time (data): 0.157 (0.002)] l_pix: 1.8993e-01 l_lpips: 1.8823e-01 
2026-07-28 09:08:08,591 INFO: [000_U..][epoch:349, iter: 280,000, lr:(2.500e-05,1.750e-05,)] [eta: 1:10:30, time (data): 0.154 (0.002)] l_pix: 2.0395e-01 l_lpips: 1.9556e-01 
2026-07-28 09:08:08,592 INFO: Saving models and training states.
2026-07-28 09:12:40,225 INFO: Validation RealSRV3
	 # psnr: 25.3223	Best: 25.3670 @ 265000 iter
	 # ssim: 0.7070	Best: 0.7074 @ 265000 iter
	 # lpips: 0.3613	Best: 0.3527 @ 120000 iter

2026-07-28 09:12:56,132 INFO: [000_U..][epoch:350, iter: 280,100, lr:(2.500e-05,1.750e-05,)] [eta: 1:10:28, time (data): 0.159 (0.004)] l_pix: 2.2820e-01 l_lpips: 2.1143e-01 
2026-07-28 09:13:11,935 INFO: [000_U..][epoch:350, iter: 280,200, lr:(2.500e-05,1.750e-05,)] [eta: 1:10:06, time (data): 0.154 (0.002)] l_pix: 1.1494e-01 l_lpips: 1.0974e-01 
2026-07-28 09:13:27,841 INFO: [000_U..][epoch:350, iter: 280,300, lr:(2.500e-05,1.750e-05,)] [eta: 1:09:45, time (data): 0.159 (0.002)] l_pix: 1.8434e-01 l_lpips: 1.7944e-01 
2026-07-28 09:13:43,919 INFO: [000_U..][epoch:350, iter: 280,400, lr:(2.500e-05,1.750e-05,)] [eta: 1:09:23, time (data): 0.156 (0.002)] l_pix: 5.6263e-02 l_lpips: 5.0446e-02 
2026-07-28 09:13:59,814 INFO: [000_U..][epoch:350, iter: 280,500, lr:(2.500e-05,1.750e-05,)] [eta: 1:09:01, time (data): 0.159 (0.002)] l_pix: 1.6402e-01 l_lpips: 1.6235e-01 
2026-07-28 09:14:15,716 INFO: [000_U..][epoch:350, iter: 280,600, lr:(2.500e-05,1.750e-05,)] [eta: 1:08:40, time (data): 0.156 (0.002)] l_pix: 9.1185e-02 l_lpips: 8.8257e-02 
2026-07-28 09:14:31,913 INFO: [000_U..][epoch:350, iter: 280,700, lr:(2.500e-05,1.750e-05,)] [eta: 1:08:18, time (data): 0.162 (0.002)] l_pix: 1.6440e-01 l_lpips: 1.6187e-01 
2026-07-28 09:14:48,059 INFO: [000_U..][epoch:350, iter: 280,800, lr:(2.500e-05,1.750e-05,)] [eta: 1:07:57, time (data): 0.160 (0.002)] l_pix: 6.6406e-02 l_lpips: 6.3477e-02 
2026-07-28 09:15:04,178 INFO: [000_U..][epoch:351, iter: 280,900, lr:(2.500e-05,1.750e-05,)] [eta: 1:07:35, time (data): 0.161 (0.004)] l_pix: 7.1760e-02 l_lpips: 6.8726e-02 
2026-07-28 09:15:19,717 INFO: [000_U..][epoch:351, iter: 281,000, lr:(2.500e-05,1.750e-05,)] [eta: 1:07:13, time (data): 0.151 (0.002)] l_pix: 2.1240e-01 l_lpips: 1.9641e-01 
2026-07-28 09:15:35,977 INFO: [000_U..][epoch:351, iter: 281,100, lr:(2.500e-05,1.750e-05,)] [eta: 1:06:52, time (data): 0.162 (0.002)] l_pix: 1.0495e-02 l_lpips: 8.0719e-03 
2026-07-28 09:15:52,434 INFO: [000_U..][epoch:351, iter: 281,200, lr:(2.500e-05,1.750e-05,)] [eta: 1:06:30, time (data): 0.166 (0.002)] l_pix: 2.0089e-01 l_lpips: 1.8311e-01 
2026-07-28 09:16:08,963 INFO: [000_U..][epoch:351, iter: 281,300, lr:(2.500e-05,1.750e-05,)] [eta: 1:06:09, time (data): 0.165 (0.002)] l_pix: 2.1973e-01 l_lpips: 2.1277e-01 
2026-07-28 09:16:25,637 INFO: [000_U..][epoch:351, iter: 281,400, lr:(2.500e-05,1.750e-05,)] [eta: 1:05:47, time (data): 0.166 (0.002)] l_pix: 1.7436e-01 l_lpips: 1.6772e-01 
2026-07-28 09:16:41,943 INFO: [000_U..][epoch:351, iter: 281,500, lr:(2.500e-05,1.750e-05,)] [eta: 1:05:26, time (data): 0.163 (0.002)] l_pix: 5.6666e-03 l_lpips: 3.3913e-03 
2026-07-28 09:16:58,336 INFO: [000_U..][epoch:351, iter: 281,600, lr:(2.500e-05,1.750e-05,)] [eta: 1:05:04, time (data): 0.163 (0.002)] l_pix: 1.8965e-01 l_lpips: 1.8311e-01 
2026-07-28 09:17:14,660 INFO: [000_U..][epoch:352, iter: 281,700, lr:(2.500e-05,1.750e-05,)] [eta: 1:04:43, time (data): 0.160 (0.002)] l_pix: 1.8896e-01 l_lpips: 1.7383e-01 
2026-07-28 09:17:30,680 INFO: [000_U..][epoch:352, iter: 281,800, lr:(2.500e-05,1.750e-05,)] [eta: 1:04:21, time (data): 0.160 (0.002)] l_pix: 1.5835e-01 l_lpips: 1.5063e-01 
2026-07-28 09:17:46,768 INFO: [000_U..][epoch:352, iter: 281,900, lr:(2.500e-05,1.750e-05,)] [eta: 1:04:00, time (data): 0.161 (0.002)] l_pix: 1.0071e-01 l_lpips: 9.7961e-02 
2026-07-28 09:18:02,856 INFO: [000_U..][epoch:352, iter: 282,000, lr:(2.500e-05,1.750e-05,)] [eta: 1:03:38, time (data): 0.161 (0.002)] l_pix: 2.1375e-01 l_lpips: 2.0850e-01 
2026-07-28 09:18:18,992 INFO: [000_U..][epoch:352, iter: 282,100, lr:(2.500e-05,1.750e-05,)] [eta: 1:03:16, time (data): 0.161 (0.002)] l_pix: 2.1506e-01 l_lpips: 2.0728e-01 
2026-07-28 09:18:34,974 INFO: [000_U..][epoch:352, iter: 282,200, lr:(2.500e-05,1.750e-05,)] [eta: 1:02:55, time (data): 0.161 (0.002)] l_pix: 1.6064e-01 l_lpips: 1.5442e-01 
2026-07-28 09:18:50,849 INFO: [000_U..][epoch:352, iter: 282,300, lr:(2.500e-05,1.750e-05,)] [eta: 1:02:33, time (data): 0.159 (0.002)] l_pix: 1.6571e-01 l_lpips: 1.6162e-01 
2026-07-28 09:19:06,624 INFO: [000_U..][epoch:352, iter: 282,400, lr:(2.500e-05,1.750e-05,)] [eta: 1:02:12, time (data): 0.158 (0.002)] l_pix: 2.2751e-01 l_lpips: 2.2217e-01 
2026-07-28 09:19:23,042 INFO: [000_U..][epoch:353, iter: 282,500, lr:(2.500e-05,1.750e-05,)] [eta: 1:01:50, time (data): 0.162 (0.002)] l_pix: 2.2186e-01 l_lpips: 2.1057e-01 
2026-07-28 09:19:39,292 INFO: [000_U..][epoch:353, iter: 282,600, lr:(2.500e-05,1.750e-05,)] [eta: 1:01:29, time (data): 0.162 (0.002)] l_pix: 2.1656e-01 l_lpips: 2.0239e-01 
2026-07-28 09:19:55,323 INFO: [000_U..][epoch:353, iter: 282,700, lr:(2.500e-05,1.750e-05,)] [eta: 1:01:07, time (data): 0.160 (0.002)] l_pix: 2.6902e-01 l_lpips: 2.5244e-01 
2026-07-28 09:20:11,344 INFO: [000_U..][epoch:353, iter: 282,800, lr:(2.500e-05,1.750e-05,)] [eta: 1:00:46, time (data): 0.160 (0.002)] l_pix: 1.8888e-01 l_lpips: 1.8433e-01 
2026-07-28 09:20:27,649 INFO: [000_U..][epoch:353, iter: 282,900, lr:(2.500e-05,1.750e-05,)] [eta: 1:00:24, time (data): 0.163 (0.002)] l_pix: 2.0170e-01 l_lpips: 1.8811e-01 
2026-07-28 09:20:44,222 INFO: [000_U..][epoch:353, iter: 283,000, lr:(2.500e-05,1.750e-05,)] [eta: 1:00:03, time (data): 0.164 (0.002)] l_pix: 6.6301e-02 l_lpips: 6.4392e-02 
2026-07-28 09:21:00,691 INFO: [000_U..][epoch:353, iter: 283,100, lr:(2.500e-05,1.750e-05,)] [eta: 0:59:41, time (data): 0.165 (0.002)] l_pix: 1.0541e-01 l_lpips: 1.0394e-01 
2026-07-28 09:21:17,305 INFO: [000_U..][epoch:353, iter: 283,200, lr:(2.500e-05,1.750e-05,)] [eta: 0:59:20, time (data): 0.165 (0.002)] l_pix: 6.3333e-02 l_lpips: 6.0425e-02 
2026-07-28 09:21:33,758 INFO: [000_U..][epoch:354, iter: 283,300, lr:(2.500e-05,1.750e-05,)] [eta: 0:58:58, time (data): 0.162 (0.002)] l_pix: 6.9411e-02 l_lpips: 6.7261e-02 
2026-07-28 09:21:49,901 INFO: [000_U..][epoch:354, iter: 283,400, lr:(2.500e-05,1.750e-05,)] [eta: 0:58:37, time (data): 0.162 (0.002)] l_pix: 1.3145e-01 l_lpips: 1.2390e-01 
2026-07-28 09:22:05,729 INFO: [000_U..][epoch:354, iter: 283,500, lr:(2.500e-05,1.750e-05,)] [eta: 0:58:15, time (data): 0.158 (0.002)] l_pix: 2.5622e-01 l_lpips: 2.3169e-01 
2026-07-28 09:22:21,345 INFO: [000_U..][epoch:354, iter: 283,600, lr:(2.500e-05,1.750e-05,)] [eta: 0:57:54, time (data): 0.157 (0.002)] l_pix: 7.2040e-02 l_lpips: 6.8726e-02 
2026-07-28 09:22:37,088 INFO: [000_U..][epoch:354, iter: 283,700, lr:(2.500e-05,1.750e-05,)] [eta: 0:57:32, time (data): 0.158 (0.002)] l_pix: 1.6653e-01 l_lpips: 1.5845e-01 
2026-07-28 09:22:52,895 INFO: [000_U..][epoch:354, iter: 283,800, lr:(2.500e-05,1.750e-05,)] [eta: 0:57:11, time (data): 0.158 (0.002)] l_pix: 5.9717e-02 l_lpips: 5.7983e-02 
2026-07-28 09:23:08,629 INFO: [000_U..][epoch:354, iter: 283,900, lr:(2.500e-05,1.750e-05,)] [eta: 0:56:49, time (data): 0.157 (0.002)] l_pix: 2.6300e-02 l_lpips: 2.2537e-02 
2026-07-28 09:23:24,426 INFO: [000_U..][epoch:354, iter: 284,000, lr:(2.500e-05,1.750e-05,)] [eta: 0:56:28, time (data): 0.158 (0.002)] l_pix: 2.6964e-01 l_lpips: 2.4646e-01 
2026-07-28 09:23:40,489 INFO: [000_U..][epoch:355, iter: 284,100, lr:(2.500e-05,1.750e-05,)] [eta: 0:56:06, time (data): 0.158 (0.002)] l_pix: 1.9781e-01 l_lpips: 1.9238e-01 
2026-07-28 09:23:56,331 INFO: [000_U..][epoch:355, iter: 284,200, lr:(2.500e-05,1.750e-05,)] [eta: 0:55:45, time (data): 0.158 (0.002)] l_pix: 1.7240e-01 l_lpips: 1.6284e-01 
2026-07-28 09:24:12,316 INFO: [000_U..][epoch:355, iter: 284,300, lr:(2.500e-05,1.750e-05,)] [eta: 0:55:24, time (data): 0.160 (0.002)] l_pix: 1.9059e-01 l_lpips: 1.8042e-01 
2026-07-28 09:24:28,467 INFO: [000_U..][epoch:355, iter: 284,400, lr:(2.500e-05,1.750e-05,)] [eta: 0:55:02, time (data): 0.161 (0.002)] l_pix: 1.6779e-01 l_lpips: 1.6382e-01 
2026-07-28 09:24:44,352 INFO: [000_U..][epoch:355, iter: 284,500, lr:(2.500e-05,1.750e-05,)] [eta: 0:54:41, time (data): 0.159 (0.002)] l_pix: 2.8995e-01 l_lpips: 2.4023e-01 
2026-07-28 09:25:00,364 INFO: [000_U..][epoch:355, iter: 284,600, lr:(2.500e-05,1.750e-05,)] [eta: 0:54:19, time (data): 0.160 (0.002)] l_pix: 1.5797e-01 l_lpips: 1.4966e-01 
2026-07-28 09:25:16,304 INFO: [000_U..][epoch:355, iter: 284,700, lr:(2.500e-05,1.750e-05,)] [eta: 0:53:58, time (data): 0.159 (0.002)] l_pix: 1.8773e-01 l_lpips: 1.7200e-01 
2026-07-28 09:25:32,490 INFO: [000_U..][epoch:355, iter: 284,800, lr:(2.500e-05,1.750e-05,)] [eta: 0:53:36, time (data): 0.161 (0.002)] l_pix: 2.1414e-01 l_lpips: 2.0557e-01 
2026-07-28 09:25:48,619 INFO: [000_U..][epoch:356, iter: 284,900, lr:(2.500e-05,1.750e-05,)] [eta: 0:53:15, time (data): 0.158 (0.002)] l_pix: 5.2572e-02 l_lpips: 5.0568e-02 
2026-07-28 09:26:04,568 INFO: [000_U..][epoch:356, iter: 285,000, lr:(2.500e-05,1.750e-05,)] [eta: 0:52:53, time (data): 0.159 (0.002)] l_pix: 1.1958e-01 l_lpips: 1.1664e-01 
2026-07-28 09:30:35,104 INFO: Validation RealSRV3
	 # psnr: 25.3778	Best: 25.3778 @ 285000 iter
	 # ssim: 0.7031	Best: 0.7074 @ 265000 iter
	 # lpips: 0.3620	Best: 0.3527 @ 120000 iter

2026-07-28 09:30:51,573 INFO: [000_U..][epoch:356, iter: 285,100, lr:(2.500e-05,1.750e-05,)] [eta: 0:52:46, time (data): 0.166 (0.002)] l_pix: 2.3767e-01 l_lpips: 2.2437e-01 
2026-07-28 09:31:07,897 INFO: [000_U..][epoch:356, iter: 285,200, lr:(2.500e-05,1.750e-05,)] [eta: 0:52:25, time (data): 0.164 (0.002)] l_pix: 1.9853e-01 l_lpips: 1.9360e-01 
2026-07-28 09:31:24,056 INFO: [000_U..][epoch:356, iter: 285,300, lr:(2.500e-05,1.750e-05,)] [eta: 0:52:03, time (data): 0.162 (0.002)] l_pix: 8.7920e-02 l_lpips: 8.6792e-02 
2026-07-28 09:31:40,201 INFO: [000_U..][epoch:356, iter: 285,400, lr:(2.500e-05,1.750e-05,)] [eta: 0:51:42, time (data): 0.162 (0.002)] l_pix: 1.0038e-01 l_lpips: 9.7046e-02 
2026-07-28 09:31:56,387 INFO: [000_U..][epoch:356, iter: 285,500, lr:(2.500e-05,1.750e-05,)] [eta: 0:51:20, time (data): 0.162 (0.002)] l_pix: 1.4906e-01 l_lpips: 1.4551e-01 
2026-07-28 09:32:12,500 INFO: [000_U..][epoch:356, iter: 285,600, lr:(2.500e-05,1.750e-05,)] [eta: 0:50:59, time (data): 0.161 (0.002)] l_pix: 2.3181e-01 l_lpips: 2.2192e-01 
2026-07-28 09:32:29,083 INFO: [000_U..][epoch:357, iter: 285,700, lr:(2.500e-05,1.750e-05,)] [eta: 0:50:37, time (data): 0.164 (0.002)] l_pix: 1.3427e-01 l_lpips: 1.1896e-01 
2026-07-28 09:32:45,159 INFO: [000_U..][epoch:357, iter: 285,800, lr:(2.500e-05,1.750e-05,)] [eta: 0:50:16, time (data): 0.162 (0.002)] l_pix: 7.3129e-02 l_lpips: 7.1045e-02 
2026-07-28 09:33:01,679 INFO: [000_U..][epoch:357, iter: 285,900, lr:(2.500e-05,1.750e-05,)] [eta: 0:49:54, time (data): 0.166 (0.002)] l_pix: 1.9075e-01 l_lpips: 1.8872e-01 
2026-07-28 09:33:17,933 INFO: [000_U..][epoch:357, iter: 286,000, lr:(2.500e-05,1.750e-05,)] [eta: 0:49:33, time (data): 0.164 (0.002)] l_pix: 2.4641e-01 l_lpips: 2.4182e-01 
2026-07-28 09:33:34,338 INFO: [000_U..][epoch:357, iter: 286,100, lr:(2.500e-05,1.750e-05,)] [eta: 0:49:11, time (data): 0.164 (0.002)] l_pix: 2.0486e-01 l_lpips: 1.9690e-01 
2026-07-28 09:33:50,573 INFO: [000_U..][epoch:357, iter: 286,200, lr:(2.500e-05,1.750e-05,)] [eta: 0:48:50, time (data): 0.163 (0.002)] l_pix: 1.8229e-01 l_lpips: 1.7517e-01 
2026-07-28 09:34:06,915 INFO: [000_U..][epoch:357, iter: 286,300, lr:(2.500e-05,1.750e-05,)] [eta: 0:48:28, time (data): 0.164 (0.002)] l_pix: 2.9794e-01 l_lpips: 2.7295e-01 
2026-07-28 09:34:22,850 INFO: [000_U..][epoch:357, iter: 286,400, lr:(2.500e-05,1.750e-05,)] [eta: 0:48:07, time (data): 0.161 (0.002)] l_pix: 9.9635e-02 l_lpips: 9.8083e-02 
2026-07-28 09:34:38,534 INFO: [000_U..][epoch:358, iter: 286,500, lr:(2.500e-05,1.750e-05,)] [eta: 0:47:45, time (data): 0.153 (0.002)] l_pix: 7.9912e-02 l_lpips: 7.4768e-02 
2026-07-28 09:34:53,906 INFO: [000_U..][epoch:358, iter: 286,600, lr:(2.500e-05,1.750e-05,)] [eta: 0:47:24, time (data): 0.153 (0.002)] l_pix: 1.8541e-01 l_lpips: 1.7212e-01 
2026-07-28 09:35:09,946 INFO: [000_U..][epoch:358, iter: 286,700, lr:(2.500e-05,1.750e-05,)] [eta: 0:47:02, time (data): 0.160 (0.002)] l_pix: 2.9003e-01 l_lpips: 2.6611e-01 
2026-07-28 09:35:26,000 INFO: [000_U..][epoch:358, iter: 286,800, lr:(2.500e-05,1.750e-05,)] [eta: 0:46:41, time (data): 0.160 (0.002)] l_pix: 1.6628e-01 l_lpips: 1.5479e-01 
2026-07-28 09:35:41,719 INFO: [000_U..][epoch:358, iter: 286,900, lr:(2.500e-05,1.750e-05,)] [eta: 0:46:19, time (data): 0.157 (0.002)] l_pix: 2.1868e-01 l_lpips: 2.0056e-01 
2026-07-28 09:35:57,461 INFO: [000_U..][epoch:358, iter: 287,000, lr:(2.500e-05,1.750e-05,)] [eta: 0:45:58, time (data): 0.157 (0.002)] l_pix: 1.6501e-01 l_lpips: 1.6138e-01 
2026-07-28 09:36:13,161 INFO: [000_U..][epoch:358, iter: 287,100, lr:(2.500e-05,1.750e-05,)] [eta: 0:45:36, time (data): 0.157 (0.002)] l_pix: 1.3814e-01 l_lpips: 1.3574e-01 
2026-07-28 09:36:28,872 INFO: [000_U..][epoch:358, iter: 287,200, lr:(2.500e-05,1.750e-05,)] [eta: 0:45:15, time (data): 0.157 (0.002)] l_pix: 7.1753e-02 l_lpips: 7.0251e-02 
2026-07-28 09:36:45,123 INFO: [000_U..][epoch:359, iter: 287,300, lr:(2.500e-05,1.750e-05,)] [eta: 0:44:54, time (data): 0.161 (0.002)] l_pix: 1.7850e-01 l_lpips: 1.7175e-01 
2026-07-28 09:37:00,952 INFO: [000_U..][epoch:359, iter: 287,400, lr:(2.500e-05,1.750e-05,)] [eta: 0:44:32, time (data): 0.159 (0.002)] l_pix: 2.9227e-01 l_lpips: 2.7441e-01 
2026-07-28 09:37:16,734 INFO: [000_U..][epoch:359, iter: 287,500, lr:(2.500e-05,1.750e-05,)] [eta: 0:44:11, time (data): 0.158 (0.002)] l_pix: 1.4641e-01 l_lpips: 1.4539e-01 
2026-07-28 09:37:32,587 INFO: [000_U..][epoch:359, iter: 287,600, lr:(2.500e-05,1.750e-05,)] [eta: 0:43:49, time (data): 0.158 (0.002)] l_pix: 7.0182e-02 l_lpips: 6.8787e-02 
2026-07-28 09:37:48,295 INFO: [000_U..][epoch:359, iter: 287,700, lr:(2.500e-05,1.750e-05,)] [eta: 0:43:28, time (data): 0.157 (0.002)] l_pix: 2.2740e-01 l_lpips: 2.0825e-01 
2026-07-28 09:38:03,913 INFO: [000_U..][epoch:359, iter: 287,800, lr:(2.500e-05,1.750e-05,)] [eta: 0:43:06, time (data): 0.156 (0.002)] l_pix: 1.2196e-01 l_lpips: 1.2036e-01 
2026-07-28 09:38:19,604 INFO: [000_U..][epoch:359, iter: 287,900, lr:(2.500e-05,1.750e-05,)] [eta: 0:42:45, time (data): 0.157 (0.002)] l_pix: 1.5256e-01 l_lpips: 1.5088e-01 
2026-07-28 09:38:35,271 INFO: [000_U..][epoch:359, iter: 288,000, lr:(2.500e-05,1.750e-05,)] [eta: 0:42:23, time (data): 0.157 (0.002)] l_pix: 1.5990e-01 l_lpips: 1.5295e-01 
2026-07-28 09:38:51,468 INFO: [000_U..][epoch:360, iter: 288,100, lr:(2.500e-05,1.750e-05,)] [eta: 0:42:02, time (data): 0.159 (0.002)] l_pix: 2.9008e-01 l_lpips: 2.5977e-01 
2026-07-28 09:39:07,520 INFO: [000_U..][epoch:360, iter: 288,200, lr:(2.500e-05,1.750e-05,)] [eta: 0:41:41, time (data): 0.160 (0.002)] l_pix: 2.6600e-01 l_lpips: 2.4390e-01 
2026-07-28 09:39:23,591 INFO: [000_U..][epoch:360, iter: 288,300, lr:(2.500e-05,1.750e-05,)] [eta: 0:41:19, time (data): 0.161 (0.002)] l_pix: 1.3674e-01 l_lpips: 1.2646e-01 
2026-07-28 09:39:39,783 INFO: [000_U..][epoch:360, iter: 288,400, lr:(2.500e-05,1.750e-05,)] [eta: 0:40:58, time (data): 0.161 (0.002)] l_pix: 2.5662e-01 l_lpips: 2.4951e-01 
2026-07-28 09:39:55,571 INFO: [000_U..][epoch:360, iter: 288,500, lr:(2.500e-05,1.750e-05,)] [eta: 0:40:36, time (data): 0.158 (0.002)] l_pix: 1.6366e-01 l_lpips: 1.6138e-01 
2026-07-28 09:40:11,402 INFO: [000_U..][epoch:360, iter: 288,600, lr:(2.500e-05,1.750e-05,)] [eta: 0:40:15, time (data): 0.158 (0.002)] l_pix: 1.6784e-01 l_lpips: 1.5771e-01 
2026-07-28 09:40:27,491 INFO: [000_U..][epoch:360, iter: 288,700, lr:(2.500e-05,1.750e-05,)] [eta: 0:39:54, time (data): 0.161 (0.002)] l_pix: 1.9167e-01 l_lpips: 1.6992e-01 
2026-07-28 09:40:43,587 INFO: [000_U..][epoch:360, iter: 288,800, lr:(2.500e-05,1.750e-05,)] [eta: 0:39:32, time (data): 0.161 (0.002)] l_pix: 2.0572e-01 l_lpips: 1.9958e-01 
2026-07-28 09:40:59,911 INFO: [000_U..][epoch:361, iter: 288,900, lr:(2.500e-05,1.750e-05,)] [eta: 0:39:11, time (data): 0.160 (0.002)] l_pix: 9.7470e-02 l_lpips: 9.5093e-02 
2026-07-28 09:41:15,930 INFO: [000_U..][epoch:361, iter: 289,000, lr:(2.500e-05,1.750e-05,)] [eta: 0:38:49, time (data): 0.160 (0.002)] l_pix: 2.0044e-01 l_lpips: 1.8982e-01 
2026-07-28 09:41:31,971 INFO: [000_U..][epoch:361, iter: 289,100, lr:(2.500e-05,1.750e-05,)] [eta: 0:38:28, time (data): 0.160 (0.002)] l_pix: 2.3371e-01 l_lpips: 2.3132e-01 
2026-07-28 09:41:47,914 INFO: [000_U..][epoch:361, iter: 289,200, lr:(2.500e-05,1.750e-05,)] [eta: 0:38:07, time (data): 0.160 (0.002)] l_pix: 1.7113e-01 l_lpips: 1.6162e-01 
2026-07-28 09:42:03,659 INFO: [000_U..][epoch:361, iter: 289,300, lr:(2.500e-05,1.750e-05,)] [eta: 0:37:45, time (data): 0.158 (0.002)] l_pix: 2.0380e-01 l_lpips: 1.8909e-01 
2026-07-28 09:42:20,434 INFO: [000_U..][epoch:361, iter: 289,400, lr:(2.500e-05,1.750e-05,)] [eta: 0:37:24, time (data): 0.164 (0.002)] l_pix: 7.6857e-02 l_lpips: 7.3730e-02 
2026-07-28 09:42:36,897 INFO: [000_U..][epoch:361, iter: 289,500, lr:(2.500e-05,1.750e-05,)] [eta: 0:37:03, time (data): 0.166 (0.002)] l_pix: 2.3209e-01 l_lpips: 2.2485e-01 
2026-07-28 09:42:53,275 INFO: [000_U..][epoch:361, iter: 289,600, lr:(2.500e-05,1.750e-05,)] [eta: 0:36:41, time (data): 0.164 (0.002)] l_pix: 6.1772e-02 l_lpips: 5.4749e-02 
2026-07-28 09:43:09,794 INFO: [000_U..][epoch:362, iter: 289,700, lr:(2.500e-05,1.750e-05,)] [eta: 0:36:20, time (data): 0.163 (0.002)] l_pix: 1.2768e-01 l_lpips: 1.2378e-01 
2026-07-28 09:43:25,891 INFO: [000_U..][epoch:362, iter: 289,800, lr:(2.500e-05,1.750e-05,)] [eta: 0:35:59, time (data): 0.162 (0.002)] l_pix: 5.5263e-02 l_lpips: 5.0934e-02 
2026-07-28 09:43:42,015 INFO: [000_U..][epoch:362, iter: 289,900, lr:(2.500e-05,1.750e-05,)] [eta: 0:35:37, time (data): 0.161 (0.002)] l_pix: 3.1130e-01 l_lpips: 2.7368e-01 
2026-07-28 09:43:58,220 INFO: [000_U..][epoch:362, iter: 290,000, lr:(2.500e-05,1.750e-05,)] [eta: 0:35:16, time (data): 0.162 (0.002)] l_pix: 1.5237e-01 l_lpips: 1.4709e-01 
2026-07-28 09:43:58,221 INFO: Saving models and training states.
2026-07-28 09:48:29,507 INFO: Validation RealSRV3
	 # psnr: 25.2988	Best: 25.3778 @ 285000 iter
	 # ssim: 0.7029	Best: 0.7074 @ 265000 iter
	 # lpips: 0.3637	Best: 0.3527 @ 120000 iter

2026-07-28 09:48:45,277 INFO: [000_U..][epoch:362, iter: 290,100, lr:(2.500e-05,1.750e-05,)] [eta: 0:35:04, time (data): 0.158 (0.002)] l_pix: 1.3411e-01 l_lpips: 1.3306e-01 
2026-07-28 09:49:01,087 INFO: [000_U..][epoch:362, iter: 290,200, lr:(2.500e-05,1.750e-05,)] [eta: 0:34:42, time (data): 0.158 (0.002)] l_pix: 2.5420e-01 l_lpips: 2.4487e-01 
2026-07-28 09:49:16,875 INFO: [000_U..][epoch:362, iter: 290,300, lr:(2.500e-05,1.750e-05,)] [eta: 0:34:21, time (data): 0.158 (0.002)] l_pix: 2.0514e-01 l_lpips: 1.9702e-01 
2026-07-28 09:49:32,904 INFO: [000_U..][epoch:362, iter: 290,400, lr:(2.500e-05,1.750e-05,)] [eta: 0:34:00, time (data): 0.159 (0.002)] l_pix: 6.4522e-02 l_lpips: 6.2164e-02 
2026-07-28 09:49:49,177 INFO: [000_U..][epoch:363, iter: 290,500, lr:(2.500e-05,1.750e-05,)] [eta: 0:33:38, time (data): 0.160 (0.002)] l_pix: 2.4161e-01 l_lpips: 2.2363e-01 
2026-07-28 09:50:05,221 INFO: [000_U..][epoch:363, iter: 290,600, lr:(2.500e-05,1.750e-05,)] [eta: 0:33:17, time (data): 0.160 (0.002)] l_pix: 2.0069e-01 l_lpips: 1.8530e-01 
2026-07-28 09:50:21,568 INFO: [000_U..][epoch:363, iter: 290,700, lr:(2.500e-05,1.750e-05,)] [eta: 0:32:55, time (data): 0.165 (0.002)] l_pix: 2.0017e-01 l_lpips: 1.9568e-01 
2026-07-28 09:50:37,749 INFO: [000_U..][epoch:363, iter: 290,800, lr:(2.500e-05,1.750e-05,)] [eta: 0:32:34, time (data): 0.163 (0.002)] l_pix: 2.2350e-01 l_lpips: 2.1948e-01 
2026-07-28 09:50:53,789 INFO: [000_U..][epoch:363, iter: 290,900, lr:(2.500e-05,1.750e-05,)] [eta: 0:32:12, time (data): 0.161 (0.002)] l_pix: 2.8209e-01 l_lpips: 2.5439e-01 
2026-07-28 09:51:09,721 INFO: [000_U..][epoch:363, iter: 291,000, lr:(2.500e-05,1.750e-05,)] [eta: 0:31:51, time (data): 0.160 (0.002)] l_pix: 4.3739e-02 l_lpips: 4.0588e-02 
2026-07-28 09:51:25,742 INFO: [000_U..][epoch:363, iter: 291,100, lr:(2.500e-05,1.750e-05,)] [eta: 0:31:30, time (data): 0.160 (0.002)] l_pix: 2.6074e-01 l_lpips: 2.2839e-01 
2026-07-28 09:51:41,781 INFO: [000_U..][epoch:363, iter: 291,200, lr:(2.500e-05,1.750e-05,)] [eta: 0:31:08, time (data): 0.160 (0.002)] l_pix: 1.3526e-01 l_lpips: 1.3391e-01 
2026-07-28 09:51:58,135 INFO: [000_U..][epoch:364, iter: 291,300, lr:(2.500e-05,1.750e-05,)] [eta: 0:30:47, time (data): 0.161 (0.002)] l_pix: 2.1508e-01 l_lpips: 2.0361e-01 
2026-07-28 09:52:14,373 INFO: [000_U..][epoch:364, iter: 291,400, lr:(2.500e-05,1.750e-05,)] [eta: 0:30:25, time (data): 0.162 (0.002)] l_pix: 8.3960e-02 l_lpips: 8.1238e-02 
2026-07-28 09:52:30,486 INFO: [000_U..][epoch:364, iter: 291,500, lr:(2.500e-05,1.750e-05,)] [eta: 0:30:04, time (data): 0.162 (0.002)] l_pix: 6.1529e-02 l_lpips: 5.9814e-02 
2026-07-28 09:52:46,704 INFO: [000_U..][epoch:364, iter: 291,600, lr:(2.500e-05,1.750e-05,)] [eta: 0:29:43, time (data): 0.162 (0.002)] l_pix: 1.4773e-01 l_lpips: 1.4514e-01 
2026-07-28 09:53:02,802 INFO: [000_U..][epoch:364, iter: 291,700, lr:(2.500e-05,1.750e-05,)] [eta: 0:29:21, time (data): 0.161 (0.002)] l_pix: 5.5421e-02 l_lpips: 4.8767e-02 
2026-07-28 09:53:18,721 INFO: [000_U..][epoch:364, iter: 291,800, lr:(2.500e-05,1.750e-05,)] [eta: 0:29:00, time (data): 0.160 (0.002)] l_pix: 1.8578e-01 l_lpips: 1.7725e-01 
2026-07-28 09:53:34,671 INFO: [000_U..][epoch:364, iter: 291,900, lr:(2.500e-05,1.750e-05,)] [eta: 0:28:39, time (data): 0.161 (0.002)] l_pix: 1.7917e-01 l_lpips: 1.7224e-01 
2026-07-28 09:53:51,110 INFO: [000_U..][epoch:364, iter: 292,000, lr:(2.500e-05,1.750e-05,)] [eta: 0:28:17, time (data): 0.163 (0.002)] l_pix: 2.4752e-01 l_lpips: 2.4426e-01 
2026-07-28 09:54:06,949 INFO: [000_U..][epoch:365, iter: 292,100, lr:(2.500e-05,1.750e-05,)] [eta: 0:27:56, time (data): 0.154 (0.002)] l_pix: 1.5594e-01 l_lpips: 1.5088e-01 
2026-07-28 09:54:22,561 INFO: [000_U..][epoch:365, iter: 292,200, lr:(2.500e-05,1.750e-05,)] [eta: 0:27:34, time (data): 0.156 (0.002)] l_pix: 9.9854e-02 l_lpips: 9.8022e-02 
2026-07-28 09:54:38,737 INFO: [000_U..][epoch:365, iter: 292,300, lr:(2.500e-05,1.750e-05,)] [eta: 0:27:13, time (data): 0.162 (0.002)] l_pix: 4.4115e-02 l_lpips: 4.1809e-02 
2026-07-28 09:54:55,200 INFO: [000_U..][epoch:365, iter: 292,400, lr:(2.500e-05,1.750e-05,)] [eta: 0:26:52, time (data): 0.164 (0.002)] l_pix: 2.3431e-01 l_lpips: 2.2339e-01 
2026-07-28 09:55:11,790 INFO: [000_U..][epoch:365, iter: 292,500, lr:(2.500e-05,1.750e-05,)] [eta: 0:26:30, time (data): 0.166 (0.002)] l_pix: 2.2272e-01 l_lpips: 2.1484e-01 
2026-07-28 09:55:28,375 INFO: [000_U..][epoch:365, iter: 292,600, lr:(2.500e-05,1.750e-05,)] [eta: 0:26:09, time (data): 0.166 (0.002)] l_pix: 1.4349e-01 l_lpips: 1.3110e-01 
2026-07-28 09:55:44,895 INFO: [000_U..][epoch:365, iter: 292,700, lr:(2.500e-05,1.750e-05,)] [eta: 0:25:48, time (data): 0.165 (0.002)] l_pix: 2.0378e-01 l_lpips: 1.9482e-01 
2026-07-28 09:56:01,166 INFO: [000_U..][epoch:365, iter: 292,800, lr:(2.500e-05,1.750e-05,)] [eta: 0:25:26, time (data): 0.163 (0.002)] l_pix: 1.8562e-01 l_lpips: 1.7822e-01 
2026-07-28 09:56:17,406 INFO: [000_U..][epoch:366, iter: 292,900, lr:(2.500e-05,1.750e-05,)] [eta: 0:25:05, time (data): 0.160 (0.002)] l_pix: 2.1766e-01 l_lpips: 2.0044e-01 
2026-07-28 09:56:33,346 INFO: [000_U..][epoch:366, iter: 293,000, lr:(2.500e-05,1.750e-05,)] [eta: 0:24:44, time (data): 0.159 (0.002)] l_pix: 7.1505e-02 l_lpips: 6.5918e-02 
2026-07-28 09:56:49,047 INFO: [000_U..][epoch:366, iter: 293,100, lr:(2.500e-05,1.750e-05,)] [eta: 0:24:22, time (data): 0.158 (0.002)] l_pix: 1.4469e-01 l_lpips: 1.4050e-01 
2026-07-28 09:57:04,715 INFO: [000_U..][epoch:366, iter: 293,200, lr:(2.500e-05,1.750e-05,)] [eta: 0:24:01, time (data): 0.157 (0.002)] l_pix: 4.5470e-02 l_lpips: 4.3335e-02 
2026-07-28 09:57:20,584 INFO: [000_U..][epoch:366, iter: 293,300, lr:(2.500e-05,1.750e-05,)] [eta: 0:23:40, time (data): 0.159 (0.002)] l_pix: 1.8729e-01 l_lpips: 1.7139e-01 
2026-07-28 09:57:36,694 INFO: [000_U..][epoch:366, iter: 293,400, lr:(2.500e-05,1.750e-05,)] [eta: 0:23:18, time (data): 0.161 (0.002)] l_pix: 2.0533e-01 l_lpips: 2.0166e-01 
2026-07-28 09:57:52,709 INFO: [000_U..][epoch:366, iter: 293,500, lr:(2.500e-05,1.750e-05,)] [eta: 0:22:57, time (data): 0.161 (0.002)] l_pix: 1.1756e-01 l_lpips: 1.0895e-01 
2026-07-28 09:58:08,523 INFO: [000_U..][epoch:366, iter: 293,600, lr:(2.500e-05,1.750e-05,)] [eta: 0:22:36, time (data): 0.159 (0.002)] l_pix: 6.9192e-02 l_lpips: 6.7749e-02 
2026-07-28 09:58:24,784 INFO: [000_U..][epoch:367, iter: 293,700, lr:(2.500e-05,1.750e-05,)] [eta: 0:22:15, time (data): 0.162 (0.002)] l_pix: 1.9492e-01 l_lpips: 1.9287e-01 
2026-07-28 09:58:40,700 INFO: [000_U..][epoch:367, iter: 293,800, lr:(2.500e-05,1.750e-05,)] [eta: 0:21:53, time (data): 0.160 (0.002)] l_pix: 6.6977e-02 l_lpips: 6.5186e-02 
2026-07-28 09:58:56,497 INFO: [000_U..][epoch:367, iter: 293,900, lr:(2.500e-05,1.750e-05,)] [eta: 0:21:32, time (data): 0.158 (0.002)] l_pix: 1.5859e-01 l_lpips: 1.5515e-01 
2026-07-28 09:59:12,259 INFO: [000_U..][epoch:367, iter: 294,000, lr:(2.500e-05,1.750e-05,)] [eta: 0:21:11, time (data): 0.158 (0.002)] l_pix: 1.6292e-01 l_lpips: 1.5796e-01 
2026-07-28 09:59:27,998 INFO: [000_U..][epoch:367, iter: 294,100, lr:(2.500e-05,1.750e-05,)] [eta: 0:20:49, time (data): 0.157 (0.002)] l_pix: 1.7830e-01 l_lpips: 1.6553e-01 
2026-07-28 09:59:43,748 INFO: [000_U..][epoch:367, iter: 294,200, lr:(2.500e-05,1.750e-05,)] [eta: 0:20:28, time (data): 0.157 (0.002)] l_pix: 5.6764e-02 l_lpips: 5.5054e-02 
2026-07-28 10:00:00,073 INFO: [000_U..][epoch:367, iter: 294,300, lr:(2.500e-05,1.750e-05,)] [eta: 0:20:07, time (data): 0.164 (0.002)] l_pix: 1.9721e-01 l_lpips: 1.9482e-01 
2026-07-28 10:00:16,769 INFO: [000_U..][epoch:367, iter: 294,400, lr:(2.500e-05,1.750e-05,)] [eta: 0:19:45, time (data): 0.166 (0.002)] l_pix: 1.2723e-01 l_lpips: 1.2537e-01 
2026-07-28 10:00:33,227 INFO: [000_U..][epoch:368, iter: 294,500, lr:(2.500e-05,1.750e-05,)] [eta: 0:19:24, time (data): 0.161 (0.002)] l_pix: 6.4854e-02 l_lpips: 6.0883e-02 
2026-07-28 10:00:49,269 INFO: [000_U..][epoch:368, iter: 294,600, lr:(2.500e-05,1.750e-05,)] [eta: 0:19:03, time (data): 0.161 (0.002)] l_pix: 1.5137e-01 l_lpips: 1.4771e-01 
2026-07-28 10:01:05,173 INFO: [000_U..][epoch:368, iter: 294,700, lr:(2.500e-05,1.750e-05,)] [eta: 0:18:42, time (data): 0.158 (0.002)] l_pix: 2.2775e-01 l_lpips: 2.0215e-01 
2026-07-28 10:01:21,105 INFO: [000_U..][epoch:368, iter: 294,800, lr:(2.500e-05,1.750e-05,)] [eta: 0:18:20, time (data): 0.159 (0.002)] l_pix: 3.4279e-01 l_lpips: 2.8101e-01 
2026-07-28 10:01:37,056 INFO: [000_U..][epoch:368, iter: 294,900, lr:(2.500e-05,1.750e-05,)] [eta: 0:17:59, time (data): 0.158 (0.002)] l_pix: 1.8944e-01 l_lpips: 1.8262e-01 
2026-07-28 10:01:52,944 INFO: [000_U..][epoch:368, iter: 295,000, lr:(2.500e-05,1.750e-05,)] [eta: 0:17:38, time (data): 0.159 (0.002)] l_pix: 2.2050e-01 l_lpips: 2.1350e-01 
2026-07-28 10:06:28,052 INFO: Validation RealSRV3
	 # psnr: 25.3550	Best: 25.3778 @ 285000 iter
	 # ssim: 0.7038	Best: 0.7074 @ 265000 iter
	 # lpips: 0.3627	Best: 0.3527 @ 120000 iter

2026-07-28 10:06:43,781 INFO: [000_U..][epoch:368, iter: 295,100, lr:(2.500e-05,1.750e-05,)] [eta: 0:17:21, time (data): 0.158 (0.002)] l_pix: 1.5756e-01 l_lpips: 1.4539e-01 
2026-07-28 10:06:59,509 INFO: [000_U..][epoch:368, iter: 295,200, lr:(2.500e-05,1.750e-05,)] [eta: 0:17:00, time (data): 0.157 (0.002)] l_pix: 2.2082e-01 l_lpips: 2.1375e-01 
2026-07-28 10:07:15,549 INFO: [000_U..][epoch:369, iter: 295,300, lr:(2.500e-05,1.750e-05,)] [eta: 0:16:38, time (data): 0.159 (0.002)] l_pix: 2.3437e-01 l_lpips: 2.1497e-01 
2026-07-28 10:07:31,253 INFO: [000_U..][epoch:369, iter: 295,400, lr:(2.500e-05,1.750e-05,)] [eta: 0:16:17, time (data): 0.158 (0.002)] l_pix: 1.0274e-01 l_lpips: 1.0059e-01 
2026-07-28 10:07:46,575 INFO: [000_U..][epoch:369, iter: 295,500, lr:(2.500e-05,1.750e-05,)] [eta: 0:15:56, time (data): 0.154 (0.002)] l_pix: 1.7346e-01 l_lpips: 1.3647e-01 
2026-07-28 10:08:01,911 INFO: [000_U..][epoch:369, iter: 295,600, lr:(2.500e-05,1.750e-05,)] [eta: 0:15:34, time (data): 0.154 (0.002)] l_pix: 7.2618e-02 l_lpips: 6.5186e-02 
2026-07-28 10:08:17,282 INFO: [000_U..][epoch:369, iter: 295,700, lr:(2.500e-05,1.750e-05,)] [eta: 0:15:13, time (data): 0.154 (0.002)] l_pix: 1.1444e-01 l_lpips: 9.8755e-02 
2026-07-28 10:08:32,697 INFO: [000_U..][epoch:369, iter: 295,800, lr:(2.500e-05,1.750e-05,)] [eta: 0:14:52, time (data): 0.154 (0.002)] l_pix: 3.8484e-02 l_lpips: 3.6316e-02 
2026-07-28 10:08:48,098 INFO: [000_U..][epoch:369, iter: 295,900, lr:(2.500e-05,1.750e-05,)] [eta: 0:14:30, time (data): 0.153 (0.002)] l_pix: 1.6841e-01 l_lpips: 1.6711e-01 
2026-07-28 10:09:03,498 INFO: [000_U..][epoch:369, iter: 296,000, lr:(2.500e-05,1.750e-05,)] [eta: 0:14:09, time (data): 0.154 (0.002)] l_pix: 6.8281e-02 l_lpips: 6.4087e-02 
2026-07-28 10:09:19,142 INFO: [000_U..][epoch:370, iter: 296,100, lr:(2.500e-05,1.750e-05,)] [eta: 0:13:48, time (data): 0.153 (0.002)] l_pix: 1.3497e-01 l_lpips: 1.3208e-01 
2026-07-28 10:09:34,435 INFO: [000_U..][epoch:370, iter: 296,200, lr:(2.500e-05,1.750e-05,)] [eta: 0:13:26, time (data): 0.153 (0.002)] l_pix: 6.6814e-02 l_lpips: 6.5308e-02 
2026-07-28 10:09:50,550 INFO: [000_U..][epoch:370, iter: 296,300, lr:(2.500e-05,1.750e-05,)] [eta: 0:13:05, time (data): 0.171 (0.002)] l_pix: 1.7713e-01 l_lpips: 1.7566e-01 
2026-07-28 10:10:07,219 INFO: [000_U..][epoch:370, iter: 296,400, lr:(2.500e-05,1.750e-05,)] [eta: 0:12:44, time (data): 0.167 (0.002)] l_pix: 1.7384e-01 l_lpips: 1.7261e-01 
2026-07-28 10:10:22,653 INFO: [000_U..][epoch:370, iter: 296,500, lr:(2.500e-05,1.750e-05,)] [eta: 0:12:23, time (data): 0.153 (0.002)] l_pix: 7.0042e-02 l_lpips: 6.0150e-02 
2026-07-28 10:10:38,009 INFO: [000_U..][epoch:370, iter: 296,600, lr:(2.500e-05,1.750e-05,)] [eta: 0:12:01, time (data): 0.153 (0.002)] l_pix: 1.7154e-01 l_lpips: 1.5503e-01 
2026-07-28 10:10:53,290 INFO: [000_U..][epoch:370, iter: 296,700, lr:(2.500e-05,1.750e-05,)] [eta: 0:11:40, time (data): 0.153 (0.002)] l_pix: 2.1049e-01 l_lpips: 2.0776e-01 
2026-07-28 10:11:08,673 INFO: [000_U..][epoch:370, iter: 296,800, lr:(2.500e-05,1.750e-05,)] [eta: 0:11:19, time (data): 0.154 (0.002)] l_pix: 2.0170e-01 l_lpips: 1.8970e-01 
2026-07-28 10:11:24,786 INFO: [000_U..][epoch:371, iter: 296,900, lr:(2.500e-05,1.750e-05,)] [eta: 0:10:57, time (data): 0.158 (0.002)] l_pix: 9.2759e-02 l_lpips: 9.1187e-02 
2026-07-28 10:11:40,628 INFO: [000_U..][epoch:371, iter: 297,000, lr:(2.500e-05,1.750e-05,)] [eta: 0:10:36, time (data): 0.158 (0.002)] l_pix: 2.3053e-01 l_lpips: 2.1338e-01 
2026-07-28 10:11:56,455 INFO: [000_U..][epoch:371, iter: 297,100, lr:(2.500e-05,1.750e-05,)] [eta: 0:10:15, time (data): 0.155 (0.002)] l_pix: 2.4041e-01 l_lpips: 2.2046e-01 
2026-07-28 10:12:12,270 INFO: [000_U..][epoch:371, iter: 297,200, lr:(2.500e-05,1.750e-05,)] [eta: 0:09:54, time (data): 0.158 (0.002)] l_pix: 2.0000e-01 l_lpips: 1.8579e-01 
2026-07-28 10:12:28,131 INFO: [000_U..][epoch:371, iter: 297,300, lr:(2.500e-05,1.750e-05,)] [eta: 0:09:32, time (data): 0.156 (0.002)] l_pix: 2.5567e-01 l_lpips: 2.3535e-01 
2026-07-28 10:12:43,610 INFO: [000_U..][epoch:371, iter: 297,400, lr:(2.500e-05,1.750e-05,)] [eta: 0:09:11, time (data): 0.155 (0.002)] l_pix: 1.7168e-01 l_lpips: 1.7004e-01 
2026-07-28 10:12:59,146 INFO: [000_U..][epoch:371, iter: 297,500, lr:(2.500e-05,1.750e-05,)] [eta: 0:08:50, time (data): 0.153 (0.002)] l_pix: 9.3407e-02 l_lpips: 9.1125e-02 
2026-07-28 10:13:14,493 INFO: [000_U..][epoch:371, iter: 297,600, lr:(2.500e-05,1.750e-05,)] [eta: 0:08:28, time (data): 0.153 (0.002)] l_pix: 2.3933e-01 l_lpips: 2.1533e-01 
2026-07-28 10:13:30,543 INFO: [000_U..][epoch:372, iter: 297,700, lr:(2.500e-05,1.750e-05,)] [eta: 0:08:07, time (data): 0.155 (0.002)] l_pix: 4.0692e-02 l_lpips: 3.8605e-02 
2026-07-28 10:13:46,016 INFO: [000_U..][epoch:372, iter: 297,800, lr:(2.500e-05,1.750e-05,)] [eta: 0:07:46, time (data): 0.155 (0.002)] l_pix: 1.3715e-01 l_lpips: 1.3379e-01 
2026-07-28 10:14:01,466 INFO: [000_U..][epoch:372, iter: 297,900, lr:(2.500e-05,1.750e-05,)] [eta: 0:07:25, time (data): 0.155 (0.002)] l_pix: 7.8154e-02 l_lpips: 7.6172e-02 
2026-07-28 10:14:16,887 INFO: [000_U..][epoch:372, iter: 298,000, lr:(2.500e-05,1.750e-05,)] [eta: 0:07:03, time (data): 0.154 (0.002)] l_pix: 2.5113e-01 l_lpips: 2.3413e-01 
2026-07-28 10:14:32,370 INFO: [000_U..][epoch:372, iter: 298,100, lr:(2.500e-05,1.750e-05,)] [eta: 0:06:42, time (data): 0.154 (0.002)] l_pix: 2.1576e-01 l_lpips: 2.1033e-01 
2026-07-28 10:14:47,897 INFO: [000_U..][epoch:372, iter: 298,200, lr:(2.500e-05,1.750e-05,)] [eta: 0:06:21, time (data): 0.155 (0.002)] l_pix: 2.6978e-01 l_lpips: 2.5879e-01 
2026-07-28 10:15:03,431 INFO: [000_U..][epoch:372, iter: 298,300, lr:(2.500e-05,1.750e-05,)] [eta: 0:06:00, time (data): 0.155 (0.002)] l_pix: 2.5553e-01 l_lpips: 2.2412e-01 
2026-07-28 10:15:18,964 INFO: [000_U..][epoch:372, iter: 298,400, lr:(2.500e-05,1.750e-05,)] [eta: 0:05:38, time (data): 0.155 (0.002)] l_pix: 6.4417e-02 l_lpips: 5.8807e-02 
2026-07-28 10:15:35,355 INFO: [000_U..][epoch:373, iter: 298,500, lr:(2.500e-05,1.750e-05,)] [eta: 0:05:17, time (data): 0.161 (0.002)] l_pix: 2.0441e-01 l_lpips: 2.0251e-01 
2026-07-28 10:15:51,091 INFO: [000_U..][epoch:373, iter: 298,600, lr:(2.500e-05,1.750e-05,)] [eta: 0:04:56, time (data): 0.158 (0.002)] l_pix: 1.0777e-01 l_lpips: 1.0339e-01 
2026-07-28 10:16:06,394 INFO: [000_U..][epoch:373, iter: 298,700, lr:(2.500e-05,1.750e-05,)] [eta: 0:04:35, time (data): 0.153 (0.002)] l_pix: 1.5557e-01 l_lpips: 1.5161e-01 
2026-07-28 10:16:21,956 INFO: [000_U..][epoch:373, iter: 298,800, lr:(2.500e-05,1.750e-05,)] [eta: 0:04:14, time (data): 0.155 (0.002)] l_pix: 2.2221e-01 l_lpips: 2.0801e-01 
2026-07-28 10:16:37,345 INFO: [000_U..][epoch:373, iter: 298,900, lr:(2.500e-05,1.750e-05,)] [eta: 0:03:52, time (data): 0.155 (0.002)] l_pix: 2.1624e-01 l_lpips: 2.1191e-01 
2026-07-28 10:16:52,632 INFO: [000_U..][epoch:373, iter: 299,000, lr:(2.500e-05,1.750e-05,)] [eta: 0:03:31, time (data): 0.153 (0.002)] l_pix: 1.7534e-01 l_lpips: 1.5723e-01 
2026-07-28 10:17:08,091 INFO: [000_U..][epoch:373, iter: 299,100, lr:(2.500e-05,1.750e-05,)] [eta: 0:03:10, time (data): 0.155 (0.002)] l_pix: 1.5679e-01 l_lpips: 1.4465e-01 
2026-07-28 10:17:23,684 INFO: [000_U..][epoch:373, iter: 299,200, lr:(2.500e-05,1.750e-05,)] [eta: 0:02:49, time (data): 0.156 (0.002)] l_pix: 2.5122e-01 l_lpips: 2.4707e-01 
2026-07-28 10:17:41,197 INFO: [000_U..][epoch:374, iter: 299,300, lr:(2.500e-05,1.750e-05,)] [eta: 0:02:28, time (data): 0.169 (0.002)] l_pix: 5.4198e-02 l_lpips: 5.2856e-02 
2026-07-28 10:17:58,583 INFO: [000_U..][epoch:374, iter: 299,400, lr:(2.500e-05,1.750e-05,)] [eta: 0:02:06, time (data): 0.173 (0.002)] l_pix: 1.8722e-01 l_lpips: 1.8164e-01 
2026-07-28 10:18:15,689 INFO: [000_U..][epoch:374, iter: 299,500, lr:(2.500e-05,1.750e-05,)] [eta: 0:01:45, time (data): 0.170 (0.002)] l_pix: 1.2423e-01 l_lpips: 1.2079e-01 
2026-07-28 10:18:32,557 INFO: [000_U..][epoch:374, iter: 299,600, lr:(2.500e-05,1.750e-05,)] [eta: 0:01:24, time (data): 0.169 (0.002)] l_pix: 1.3060e-01 l_lpips: 1.2720e-01 
2026-07-28 10:18:49,950 INFO: [000_U..][epoch:374, iter: 299,700, lr:(2.500e-05,1.750e-05,)] [eta: 0:01:03, time (data): 0.182 (0.002)] l_pix: 2.5220e-01 l_lpips: 2.3193e-01 
2026-07-28 10:19:07,091 INFO: [000_U..][epoch:374, iter: 299,800, lr:(2.500e-05,1.750e-05,)] [eta: 0:00:42, time (data): 0.172 (0.002)] l_pix: 1.2180e-01 l_lpips: 1.1438e-01 
2026-07-28 10:19:24,252 INFO: [000_U..][epoch:374, iter: 299,900, lr:(2.500e-05,1.750e-05,)] [eta: 0:00:20, time (data): 0.174 (0.002)] l_pix: 1.7036e-01 l_lpips: 1.6211e-01 
2026-07-28 10:19:41,330 INFO: [000_U..][epoch:374, iter: 300,000, lr:(2.500e-05,1.750e-05,)] [eta: 0:00:00, time (data): 0.171 (0.002)] l_pix: 1.9988e-01 l_lpips: 1.9141e-01 
2026-07-28 10:19:41,331 INFO: Saving models and training states.
2026-07-28 10:24:35,965 INFO: Validation RealSRV3
	 # psnr: 25.1742	Best: 25.3778 @ 285000 iter
	 # ssim: 0.7025	Best: 0.7074 @ 265000 iter
	 # lpips: 0.3624	Best: 0.3527 @ 120000 iter

2026-07-28 10:24:36,159 INFO: End of training. Time consumed: 17:43:41
2026-07-28 10:24:36,160 INFO: Save the latest model.
2026-07-28 10:29:10,390 INFO: Validation RealSRV3
	 # psnr: 25.1719	Best: 25.3778 @ 285000 iter
	 # ssim: 0.7023	Best: 0.7074 @ 265000 iter
	 # lpips: 0.3624	Best: 0.3527 @ 120000 iter

